
ADS NASTRAN VERSION 20.2.0.23   22:26  02/28/26                                 
MODEL DATABASE IDENTIFICATION NUMBER: 016166052096                              

NUMBER OF PROCESSOR THREADS REQUESTED =    4                                    
NUMBER OF PROCESSOR THREADS AVAILABLE =    8                                    
NUMBER OF PROCESSOR THREADS USED      =    4                                    

CONDITIONAL NUMERICAL REPRODUCIBILITY = DISABLED                                

NASTRAN PROCESS PRIORITY = NORMAL                                               
                                                                                
                                                                                
LICENSE STATUS                                                                  
                                                                                
AVAILABLE ANALYSIS SOLUTIONS = LINEAR STATIC                                    
                               PRESTRESS STATIC                        
                               NONLINEAR STATIC                        
                               MODAL                                   
                               MODAL COMPLEX EIGENVALUE                
                               LINEAR PRESTRESS MODAL                  
                               NONLINEAR PRESTRESS MODAL               
                               LINEAR PRESTRESS COMPLEX EIGENVALUE     
                               NONLINEAR PRESTRESS COMPLEX EIGENVALUE  
                               LINEAR BUCKLING                         
                               NONLINEAR BUCKLING                      
                               MODAL TRANSIENT RESPONSE                
                               DIRECT TRANSIENT RESPONSE               
                               NONLINEAR TRANSIENT RESPONSE            
                               LINEAR PRESTRESS TRANSIENT RESPONSE     
                               NONLINEAR PRESTRESS TRANSIENT RESPONSE  
                               MODAL FREQUENCY RESPONSE                
                               DIRECT FREQUENCY RESPONSE               
                               LINEAR PRESTRESS FREQUENCY RESPONSE     
                               NONLINEAR PRESTRESS FREQUENCY RESPONSE  
                               LINEAR STEADY STATE HEAT TRANSFER       
                               NONLINEAR STEADY STATE HEAT TRANSFER    
                               NONLINEAR TRANSIENT HEAT TRANSFER       
                               MATRIX REDUCTION                        
                                                                                
REMAINING SOLUTION LICENSE TIME = 325 DAYS                                      
                                                                                
                                                                                
AVAILABLE RESULTS TRANSLATORS = NORAN BINARY                                    
                                NORAN ASCII                             
                                PATRAN BINARY                           
                                PATRAN ASCII                            
                                FEMAP BINARY                            
                                FEMAP ASCII                             
                                NASTRAN BINARY                          
                                                                                
REMAINING TRANSLATOR LICENSE TIME = 325 DAYS                                    
                                                                                
                                                                                
AVAILABLE ANALYSIS FEATURES = MULTIAXIAL FATIGUE                                
                              DYNAMIC FATIGUE                         
                              VIBRATION FATIGUE                       
                              PROGRESSIVE PLY FAILURE                 
                              MCT PLY FAILURE                         
                              EDITOR OPTIMIZATION                     
                              AMLS INTERFACE                          
                              BOUNDARY ACOUSTIC ANALYSIS              
                              TOPOLOGY OPTIMIZATION                   
                              PROGRESSIVE FAILURE ANALYSIS            
                              ADVANCED MATERIAL EXCHANGE              
                                                                                
REMAINING FEATURE LICENSE TIME = 325 DAYS                                       
                                                                                
                                                                                
MAXIMUM MODEL SIZE = NO LIMITS                                                  
                                                                                

VIRTUAL MEMORY =   946077184 WORDS      7218.0 MEGABYTES                        
REAL MEMORY    =  1563171840 WORDS     11926.1 MEGABYTES                        

DRIVE C: DISK SPACE =    74723044352 WORDS    570091.6 MEGABYTES                

GENERATING DATABASE:  98b5j6ua5.NDB                                             

12 CASE CONTROL COMMANDS WERE RECOGNIZED OF A TOTAL OF 12 READ IN               

509702 BULK DATA ENTRIES WERE RECOGNIZED OF A TOTAL OF 509702 READ IN           

MAXIMUM CONTACT RADIAL ACTIVATION DISTANCE = 9.5250E+00                         
MAXIMUM CONTACT NORMAL ACTIVATION DISTANCE = 9.5250E+00                         

MAXIMUM CONTACT ALLOWABLE PENETRATION DISTANCE = 8.0965E+30                     
                                                                                
MODEL DATABASE SIZE                                                             
                                                                                
SUBCASES                     =        1                                         
COORDINATE SYSTEMS           =       14                                         
GRID POINTS                  =   162054                                         
ELEMENTS                     =    89106                                         
ELEMENT PROPERTIES           =        1                                         
MATERIAL PROPERTIES          =        1                                         
SINGLE POINT CONSTRAINTS     =    12461                                         
GRID POINT FORCES            =     2239                                         
SETS                         =       41                                         
SURFACES                     =        1                                         
VOLUMES                      =        1                                         
                                                                                

MODULE SEQUENCE FOR SOLUTION: LINEAR STATIC                                     

MODEL SIZE    =      507915 DEGREES OF FREEDOM                                  
MATRIX SIZE   =    17445333 WORDS      133.1 MEGABYTES                          
SEMIBANDWIDTH =         218 WORDS                                               

MODEL GENERALIZED SHAPE RATIO = 3.4143E-01                                      

SURFACE CONTACT GEOMETRY STATISTICS                                             

CONTACT SURFACE 126                                                             

NUMBER OF CONTACT SEGMENTS = 264                                                
CONTACT SURFACE AREA       = 1.7816E+03                                         

CONTACT SURFACE 129                                                             

NUMBER OF CONTACT SEGMENTS = 266                                                
CONTACT SURFACE AREA       = 1.8113E+03                                         

CONTACT SURFACE 132                                                             

NUMBER OF CONTACT SEGMENTS = 268                                                
CONTACT SURFACE AREA       = 1.8370E+03                                         

CONTACT SURFACE 135                                                             

NUMBER OF CONTACT SEGMENTS = 255                                                
CONTACT SURFACE AREA       = 1.8734E+03                                         

CONTACT SURFACE 138                                                             

NUMBER OF CONTACT SEGMENTS = 42                                                 
CONTACT SURFACE AREA       = 4.0448E+02                                         

CONTACT SURFACE 141                                                             

NUMBER OF CONTACT SEGMENTS = 42                                                 
CONTACT SURFACE AREA       = 4.0362E+02                                         

CONTACT SURFACE 144                                                             

NUMBER OF CONTACT SEGMENTS = 468                                                
CONTACT SURFACE AREA       = 1.2253E+03                                         

CONTACT SURFACE 147                                                             

NUMBER OF CONTACT SEGMENTS = 455                                                
CONTACT SURFACE AREA       = 1.1956E+03                                         

CONTACT SURFACE 150                                                             

NUMBER OF CONTACT SEGMENTS = 42                                                 
CONTACT SURFACE AREA       = 3.5617E+02                                         

CONTACT SURFACE 153                                                             

NUMBER OF CONTACT SEGMENTS = 34                                                 
CONTACT SURFACE AREA       = 3.5735E+02                                         

CONTACT SURFACE 156                                                             

NUMBER OF CONTACT SEGMENTS = 254                                                
CONTACT SURFACE AREA       = 1.8218E+03                                         

CONTACT SURFACE 159                                                             

NUMBER OF CONTACT SEGMENTS = 256                                                
CONTACT SURFACE AREA       = 1.8734E+03                                         

CONTACT SURFACE 162                                                             

NUMBER OF CONTACT SEGMENTS = 32                                                 
CONTACT SURFACE AREA       = 1.8450E+02                                         

CONTACT SURFACE 165                                                             

NUMBER OF CONTACT SEGMENTS = 30                                                 
CONTACT SURFACE AREA       = 1.8450E+02                                         

CONTACT SURFACE 168                                                             

NUMBER OF CONTACT SEGMENTS = 113                                                
CONTACT SURFACE AREA       = 5.7150E+02                                         

CONTACT SURFACE 171                                                             

NUMBER OF CONTACT SEGMENTS = 113                                                
CONTACT SURFACE AREA       = 5.7150E+02                                         

CONTACT SURFACE 174                                                             

NUMBER OF CONTACT SEGMENTS = 483                                                
CONTACT SURFACE AREA       = 2.6807E+03                                         

CONTACT SURFACE 177                                                             

NUMBER OF CONTACT SEGMENTS = 477                                                
CONTACT SURFACE AREA       = 2.6891E+03                                         

CONTACT SURFACE 180                                                             

NUMBER OF CONTACT SEGMENTS = 50                                                 
CONTACT SURFACE AREA       = 4.0335E+02                                         

CONTACT SURFACE 183                                                             

NUMBER OF CONTACT SEGMENTS = 45                                                 
CONTACT SURFACE AREA       = 4.0476E+02                                         

CONTACT SURFACE 186                                                             

NUMBER OF CONTACT SEGMENTS = 35                                                 
CONTACT SURFACE AREA       = 3.5852E+02                                         

CONTACT SURFACE 189                                                             

NUMBER OF CONTACT SEGMENTS = 47                                                 
CONTACT SURFACE AREA       = 3.5852E+02                                         

CONTACT SURFACE 192                                                             

NUMBER OF CONTACT SEGMENTS = 101                                                
CONTACT SURFACE AREA       = 5.7150E+02                                         

CONTACT SURFACE 195                                                             

NUMBER OF CONTACT SEGMENTS = 100                                                
CONTACT SURFACE AREA       = 5.7150E+02                                         

CONTACT SURFACE 198                                                             

NUMBER OF CONTACT SEGMENTS = 30                                                 
CONTACT SURFACE AREA       = 1.8450E+02                                         

CONTACT SURFACE 201                                                             

NUMBER OF CONTACT SEGMENTS = 33                                                 
CONTACT SURFACE AREA       = 1.8450E+02                                         

CONTACT SURFACE 204                                                             

NUMBER OF CONTACT SEGMENTS = 81                                                 
CONTACT SURFACE AREA       = 4.9190E+02                                         

CONTACT SURFACE 207                                                             

NUMBER OF CONTACT SEGMENTS = 84                                                 
CONTACT SURFACE AREA       = 5.1534E+02                                         

CONTACT SURFACE 210                                                             

NUMBER OF CONTACT SEGMENTS = 67                                                 
CONTACT SURFACE AREA       = 5.4260E+02                                         

CONTACT SURFACE 213                                                             

NUMBER OF CONTACT SEGMENTS = 68                                                 
CONTACT SURFACE AREA       = 4.8225E+02                                         

CONTACT SURFACE 216                                                             

NUMBER OF CONTACT SEGMENTS = 29                                                 
CONTACT SURFACE AREA       = 3.6345E+02                                         

CONTACT SURFACE 219                                                             

NUMBER OF CONTACT SEGMENTS = 45                                                 
CONTACT SURFACE AREA       = 3.4146E+02                                         

CONTACT SURFACE 222                                                             

NUMBER OF CONTACT SEGMENTS = 29                                                 
CONTACT SURFACE AREA       = 3.4416E+02                                         

CONTACT SURFACE 225                                                             

NUMBER OF CONTACT SEGMENTS = 50                                                 
CONTACT SURFACE AREA       = 3.6774E+02                                         

CONTACT SURFACE 228                                                             

NUMBER OF CONTACT SEGMENTS = 29                                                 
CONTACT SURFACE AREA       = 3.4406E+02                                         

CONTACT SURFACE 231                                                             

NUMBER OF CONTACT SEGMENTS = 44                                                 
CONTACT SURFACE AREA       = 3.5595E+02                                         

CONTACT SURFACE 234                                                             

NUMBER OF CONTACT SEGMENTS = 39                                                 
CONTACT SURFACE AREA       = 3.7547E+02                                         

CONTACT SURFACE 237                                                             

NUMBER OF CONTACT SEGMENTS = 51                                                 
CONTACT SURFACE AREA       = 3.7154E+02                                         

CONTACT SURFACE 240                                                             

NUMBER OF CONTACT SEGMENTS = 235                                                
CONTACT SURFACE AREA       = 7.2549E+02                                         

CONTACT SURFACE 243                                                             

NUMBER OF CONTACT SEGMENTS = 233                                                
CONTACT SURFACE AREA       = 7.2961E+02                                         

TOTAL CONTACT SURFACE AREA = 3.1211E+04                                         

MAXIMUM PENETRATION DISTANCE = 0.0000E+00                                       
MAXIMUM SLIP DISTANCE        = 0.0000E+00                                       

WARNING G3051: MODIFYING SECONDARY GRID 15954 POSITION ON CONTACT ELEMENT 14819 

WARNING G3051: MODIFYING SECONDARY GRID 16483 POSITION ON CONTACT ELEMENT 14940 

WARNING G3051: MODIFYING SECONDARY GRID 16124 POSITION ON CONTACT ELEMENT 13979 

WARNING G3051: MODIFYING SECONDARY GRID 16386 POSITION ON CONTACT ELEMENT 14581 

WARNING G3051: MODIFYING SECONDARY GRID 16389 POSITION ON CONTACT ELEMENT 14808 

WARNING G3051: MODIFYING SECONDARY GRID 16122 POSITION ON CONTACT ELEMENT 12792 

WARNING G3051: MODIFYING SECONDARY GRID 16120 POSITION ON CONTACT ELEMENT 14427 

WARNING G3051: MODIFYING SECONDARY GRID 16296 POSITION ON CONTACT ELEMENT 13683 

WARNING G3051: MODIFYING SECONDARY GRID 15955 POSITION ON CONTACT ELEMENT 15241 

WARNING G3051: MODIFYING SECONDARY GRID 16123 POSITION ON CONTACT ELEMENT 14954 

WARNING G3051: MODIFYING SECONDARY GRID 16537 POSITION ON CONTACT ELEMENT 14819 

WARNING G3051: MODIFYING SECONDARY GRID 16299 POSITION ON CONTACT ELEMENT 15015 

WARNING G3051: MODIFYING SECONDARY GRID 16696 POSITION ON CONTACT ELEMENT 13150 

WARNING G3051: MODIFYING SECONDARY GRID 15153 POSITION ON CONTACT ELEMENT 13979 

WARNING G3051: MODIFYING SECONDARY GRID 15362 POSITION ON CONTACT ELEMENT 15017 

WARNING G3051: MODIFYING SECONDARY GRID 15499 POSITION ON CONTACT ELEMENT 15233 

WARNING G3051: MODIFYING SECONDARY GRID 16128 POSITION ON CONTACT ELEMENT 14753 

WARNING G3051: MODIFYING SECONDARY GRID 16688 POSITION ON CONTACT ELEMENT 12843 

WARNING G3051: MODIFYING SECONDARY GRID 16438 POSITION ON CONTACT ELEMENT 15233 

WARNING G3051: MODIFYING SECONDARY GRID 16126 POSITION ON CONTACT ELEMENT 12990 

WARNING G3051: MODIFYING SECONDARY GRID 14945 POSITION ON CONTACT ELEMENT 14823 

WARNING G3051: MODIFYING SECONDARY GRID 16125 POSITION ON CONTACT ELEMENT 14767 

WARNING G3051: MODIFYING SECONDARY GRID 15077 POSITION ON CONTACT ELEMENT 15089 

WARNING G3051: MODIFYING SECONDARY GRID 15442 POSITION ON CONTACT ELEMENT 15017 

WARNING G3051: MODIFYING SECONDARY GRID 15041 POSITION ON CONTACT ELEMENT 13550 

WARNING G3051: MODIFYING SECONDARY GRID 16127 POSITION ON CONTACT ELEMENT 15157 

WARNING G3051: MODIFYING SECONDARY GRID 16119 POSITION ON CONTACT ELEMENT 14647 

WARNING G3051: MODIFYING SECONDARY GRID 16121 POSITION ON CONTACT ELEMENT 14134 

WARNING G3051: MODIFYING SECONDARY GRID 16687 POSITION ON CONTACT ELEMENT 13189 

WARNING G3051: MODIFYING SECONDARY GRID 30634 POSITION ON CONTACT ELEMENT 17173 

WARNING G3051: MODIFYING SECONDARY GRID 28940 POSITION ON CONTACT ELEMENT 22548 

WARNING G3051: MODIFYING SECONDARY GRID 30481 POSITION ON CONTACT ELEMENT 22548 

WARNING G3051: MODIFYING SECONDARY GRID 30206 POSITION ON CONTACT ELEMENT 18911 

WARNING G3051: MODIFYING SECONDARY GRID 29533 POSITION ON CONTACT ELEMENT 22540 

WARNING G3051: MODIFYING SECONDARY GRID 30040 POSITION ON CONTACT ELEMENT 21116 

WARNING G3051: MODIFYING SECONDARY GRID 30205 POSITION ON CONTACT ELEMENT 17243 

WARNING G3051: MODIFYING SECONDARY GRID 29465 POSITION ON CONTACT ELEMENT 22617 

WARNING G3051: MODIFYING SECONDARY GRID 30213 POSITION ON CONTACT ELEMENT 22151 

WARNING G3051: MODIFYING SECONDARY GRID 30211 POSITION ON CONTACT ELEMENT 15993 

WARNING G3051: MODIFYING SECONDARY GRID 29244 POSITION ON CONTACT ELEMENT 22411 

WARNING G3051: MODIFYING SECONDARY GRID 29292 POSITION ON CONTACT ELEMENT 22578 

WARNING G3051: MODIFYING SECONDARY GRID 29212 POSITION ON CONTACT ELEMENT 21902 

WARNING G3051: MODIFYING SECONDARY GRID 30041 POSITION ON CONTACT ELEMENT 21933 

WARNING G3051: MODIFYING SECONDARY GRID 28876 POSITION ON CONTACT ELEMENT 22525 

WARNING G3051: MODIFYING SECONDARY GRID 30207 POSITION ON CONTACT ELEMENT 17295 

WARNING G3051: MODIFYING SECONDARY GRID 30210 POSITION ON CONTACT ELEMENT 22420 

WARNING G3051: MODIFYING SECONDARY GRID 30533 POSITION ON CONTACT ELEMENT 22181 

WARNING G3051: MODIFYING SECONDARY GRID 29145 POSITION ON CONTACT ELEMENT 19576 

WARNING G3051: MODIFYING SECONDARY GRID 30577 POSITION ON CONTACT ELEMENT 22254 

WARNING G3051: MODIFYING SECONDARY GRID 30212 POSITION ON CONTACT ELEMENT 21087 

WARNING G3051: MODIFYING SECONDARY GRID 29427 POSITION ON CONTACT ELEMENT 22617 

WARNING G3051: MODIFYING SECONDARY GRID 29208 POSITION ON CONTACT ELEMENT 19393 

WARNING G3051: MODIFYING SECONDARY GRID 28901 POSITION ON CONTACT ELEMENT 22254 

WARNING G3051: MODIFYING SECONDARY GRID 29311 POSITION ON CONTACT ELEMENT 22617 

WARNING G3051: MODIFYING SECONDARY GRID 30799 POSITION ON CONTACT ELEMENT 22525 

WARNING G3051: MODIFYING SECONDARY GRID 29107 POSITION ON CONTACT ELEMENT 22254 

WARNING G3051: MODIFYING SECONDARY GRID 30790 POSITION ON CONTACT ELEMENT 21309 

WARNING G3051: MODIFYING SECONDARY GRID 30479 POSITION ON CONTACT ELEMENT 22622 

WARNING G3051: MODIFYING SECONDARY GRID 30382 POSITION ON CONTACT ELEMENT 21918 

WARNING G3051: MODIFYING SECONDARY GRID 30209 POSITION ON CONTACT ELEMENT 21450 

WARNING G3051: MODIFYING SECONDARY GRID 30385 POSITION ON CONTACT ELEMENT 21248 

WARNING G3051: MODIFYING SECONDARY GRID 30214 POSITION ON CONTACT ELEMENT 22525 

WARNING G3051: MODIFYING SECONDARY GRID 30208 POSITION ON CONTACT ELEMENT 21062 

WARNING G3051: MODIFYING SECONDARY GRID 30791 POSITION ON CONTACT ELEMENT 22059 

WARNING G3051: MODIFYING SECONDARY GRID 29135 POSITION ON CONTACT ELEMENT 22157 

WARNING G3051: MODIFYING SECONDARY GRID 30578 POSITION ON CONTACT ELEMENT 22520 

WARNING G3051: MODIFYING SECONDARY GRID 29106 POSITION ON CONTACT ELEMENT 22446 

WARNING G3051: MODIFYING SECONDARY GRID 30044 POSITION ON CONTACT ELEMENT 21915 

WARNING G3051: MODIFYING SECONDARY GRID 29227 POSITION ON CONTACT ELEMENT 22379 

WARNING G3051: MODIFYING SECONDARY GRID 29526 POSITION ON CONTACT ELEMENT 22379 

WARNING G3051: MODIFYING SECONDARY GRID 30045 POSITION ON CONTACT ELEMENT 22206 

WARNING G3051: MODIFYING SECONDARY GRID 30042 POSITION ON CONTACT ELEMENT 18623 

WARNING G3051: MODIFYING SECONDARY GRID 30046 POSITION ON CONTACT ELEMENT 20440 

WARNING G3051: MODIFYING SECONDARY GRID 30415 POSITION ON CONTACT ELEMENT 22584 

WARNING G3051: MODIFYING SECONDARY GRID 29089 POSITION ON CONTACT ELEMENT 22584 

WARNING G3051: MODIFYING SECONDARY GRID 29416 POSITION ON CONTACT ELEMENT 22584 

WARNING G3051: MODIFYING SECONDARY GRID 30049 POSITION ON CONTACT ELEMENT 21199 

WARNING G3051: MODIFYING SECONDARY GRID 30651 POSITION ON CONTACT ELEMENT 21936 

WARNING G3051: MODIFYING SECONDARY GRID 30048 POSITION ON CONTACT ELEMENT 22075 

WARNING G3051: MODIFYING SECONDARY GRID 29122 POSITION ON CONTACT ELEMENT 21050 

WARNING G3051: MODIFYING SECONDARY GRID 30051 POSITION ON CONTACT ELEMENT 22612 

WARNING G3051: MODIFYING SECONDARY GRID 30047 POSITION ON CONTACT ELEMENT 19023 

WARNING G3051: MODIFYING SECONDARY GRID 30216 POSITION ON CONTACT ELEMENT 22567 

WARNING G3051: MODIFYING SECONDARY GRID 30050 POSITION ON CONTACT ELEMENT 21043 

WARNING G3051: MODIFYING SECONDARY GRID 30800 POSITION ON CONTACT ELEMENT 20155 

WARNING G3051: MODIFYING SECONDARY GRID 28900 POSITION ON CONTACT ELEMENT 22243 

WARNING G3051: MODIFYING SECONDARY GRID 30745 POSITION ON CONTACT ELEMENT 20456 

WARNING G3051: MODIFYING SECONDARY GRID 30635 POSITION ON CONTACT ELEMENT 22446 

WARNING G3051: MODIFYING SECONDARY GRID 30032 POSITION ON CONTACT ELEMENT 18817 

WARNING G3051: MODIFYING SECONDARY GRID 30034 POSITION ON CONTACT ELEMENT 22446 

WARNING G3051: MODIFYING SECONDARY GRID 30043 POSITION ON CONTACT ELEMENT 21915 

WARNING G3051: MODIFYING SECONDARY GRID 29142 POSITION ON CONTACT ELEMENT 21936 

WARNING G3051: MODIFYING SECONDARY GRID 30035 POSITION ON CONTACT ELEMENT 18817 

WARNING G3051: MODIFYING SECONDARY GRID 28926 POSITION ON CONTACT ELEMENT 22210 

WARNING G3051: MODIFYING SECONDARY GRID 29110 POSITION ON CONTACT ELEMENT 21430 

WARNING G3051: MODIFYING SECONDARY GRID 28877 POSITION ON CONTACT ELEMENT 20224 

WARNING G3051: MODIFYING SECONDARY GRID 15947 POSITION ON CONTACT ELEMENT 14075 

WARNING G3051: MODIFYING SECONDARY GRID 15962 POSITION ON CONTACT ELEMENT 15242 

WARNING G3051: MODIFYING SECONDARY GRID 16482 POSITION ON CONTACT ELEMENT 14976 

WARNING G3051: MODIFYING SECONDARY GRID 15040 POSITION ON CONTACT ELEMENT 14286 

WARNING G3051: MODIFYING SECONDARY GRID 16700 POSITION ON CONTACT ELEMENT 14471 

WARNING G3051: MODIFYING SECONDARY GRID 15434 POSITION ON CONTACT ELEMENT 15155 

WARNING G3051: MODIFYING SECONDARY GRID 15168 POSITION ON CONTACT ELEMENT 14658 

WARNING G3051: MODIFYING SECONDARY GRID 15946 POSITION ON CONTACT ELEMENT 14972 

WARNING G3051: MODIFYING SECONDARY GRID 16536 POSITION ON CONTACT ELEMENT 14286 

WARNING G3051: MODIFYING SECONDARY GRID 16698 POSITION ON CONTACT ELEMENT 14352 

WARNING G3051: MODIFYING SECONDARY GRID 15945 POSITION ON CONTACT ELEMENT 13975 

WARNING G3051: MODIFYING SECONDARY GRID 16697 POSITION ON CONTACT ELEMENT 14471 

WARNING G3051: MODIFYING SECONDARY GRID 16293 POSITION ON CONTACT ELEMENT 15248 

WARNING G3051: MODIFYING SECONDARY GRID 16701 POSITION ON CONTACT ELEMENT 15046 

WARNING G3051: MODIFYING SECONDARY GRID 15045 POSITION ON CONTACT ELEMENT 15046 

WARNING G3051: MODIFYING SECONDARY GRID 15951 POSITION ON CONTACT ELEMENT 14552 

WARNING G3051: MODIFYING SECONDARY GRID 15949 POSITION ON CONTACT ELEMENT 14076 

WARNING G3051: MODIFYING SECONDARY GRID 15948 POSITION ON CONTACT ELEMENT 14286 

WARNING G3051: MODIFYING SECONDARY GRID 15950 POSITION ON CONTACT ELEMENT 13914 

WARNING G3051: MODIFYING SECONDARY GRID 16702 POSITION ON CONTACT ELEMENT 15248 

WARNING G3051: MODIFYING SECONDARY GRID 16292 POSITION ON CONTACT ELEMENT 13933 

WARNING G3051: MODIFYING SECONDARY GRID 15964 POSITION ON CONTACT ELEMENT 13660 

WARNING G3051: MODIFYING SECONDARY GRID 16129 POSITION ON CONTACT ELEMENT 15248 

WARNING G3051: MODIFYING SECONDARY GRID 14827 POSITION ON CONTACT ELEMENT 14531 

WARNING G3051: MODIFYING SECONDARY GRID 16699 POSITION ON CONTACT ELEMENT 13975 

WARNING G3051: MODIFYING SECONDARY GRID 16553 POSITION ON CONTACT ELEMENT 15185 

WARNING G3051: MODIFYING SECONDARY GRID 16291 POSITION ON CONTACT ELEMENT 14481 

WARNING G3051: MODIFYING SECONDARY GRID 15959 POSITION ON CONTACT ELEMENT 14382 

WARNING G3051: MODIFYING SECONDARY GRID 15958 POSITION ON CONTACT ELEMENT 12314 

WARNING G3051: MODIFYING SECONDARY GRID 15056 POSITION ON CONTACT ELEMENT 15046 

WARNING G3051: MODIFYING SECONDARY GRID 15075 POSITION ON CONTACT ELEMENT 15185 

WARNING G3051: MODIFYING SECONDARY GRID 16387 POSITION ON CONTACT ELEMENT 14450 

WARNING G3051: MODIFYING SECONDARY GRID 15961 POSITION ON CONTACT ELEMENT 14712 

WARNING G3051: MODIFYING SECONDARY GRID 16326 POSITION ON CONTACT ELEMENT 15242 

WARNING G3051: MODIFYING SECONDARY GRID 15956 POSITION ON CONTACT ELEMENT 14605 

WARNING G3051: MODIFYING SECONDARY GRID 15068 POSITION ON CONTACT ELEMENT 13629 

WARNING G3051: MODIFYING SECONDARY GRID 15963 POSITION ON CONTACT ELEMENT 13629 

WARNING G3051: MODIFYING SECONDARY GRID 14859 POSITION ON CONTACT ELEMENT 14605 

WARNING G3051: MODIFYING SECONDARY GRID 15960 POSITION ON CONTACT ELEMENT 14577 

WARNING G3051: MODIFYING SECONDARY GRID 15957 POSITION ON CONTACT ELEMENT 13914 

WARNING G3051: MODIFYING SECONDARY GRID 15355 POSITION ON CONTACT ELEMENT 15155 

WARNING G3051: MODIFYING SECONDARY GRID 14858 POSITION ON CONTACT ELEMENT 14486 

WARNING G3051: MODIFYING SECONDARY GRID 14817 POSITION ON CONTACT ELEMENT 15247 

WARNING G3051: MODIFYING SECONDARY GRID 78889 POSITION ON CONTACT ELEMENT 47133 

WARNING G3051: MODIFYING SECONDARY GRID 78325 POSITION ON CONTACT ELEMENT 47133 

WARNING G3051: MODIFYING SECONDARY GRID 77090 POSITION ON CONTACT ELEMENT 46337 

WARNING G3051: MODIFYING SECONDARY GRID 77736 POSITION ON CONTACT ELEMENT 46319 

WARNING G3051: MODIFYING SECONDARY GRID 78933 POSITION ON CONTACT ELEMENT 46319 

WARNING G3051: MODIFYING SECONDARY GRID 77621 POSITION ON CONTACT ELEMENT 47133 

WARNING G3051: MODIFYING SECONDARY GRID 77089 POSITION ON CONTACT ELEMENT 46924 

WARNING G3051: MODIFYING SECONDARY GRID 78932 POSITION ON CONTACT ELEMENT 46851 

WARNING G3051: MODIFYING SECONDARY GRID 77735 POSITION ON CONTACT ELEMENT 46142 

WARNING G3051: MODIFYING SECONDARY GRID 78890 POSITION ON CONTACT ELEMENT 46832 

WARNING G3051: MODIFYING SECONDARY GRID 77624 POSITION ON CONTACT ELEMENT 46924 

WARNING G3051: MODIFYING SECONDARY GRID 77304 POSITION ON CONTACT ELEMENT 46924 

WARNING G3051: MODIFYING SECONDARY GRID 78326 POSITION ON CONTACT ELEMENT 44144 

WARNING G3051: MODIFYING SECONDARY GRID 93373 POSITION ON CONTACT ELEMENT 56017 

WARNING G3051: MODIFYING SECONDARY GRID 92774 POSITION ON CONTACT ELEMENT 55351 

WARNING G3051: MODIFYING SECONDARY GRID 93376 POSITION ON CONTACT ELEMENT 55980 

WARNING G3051: MODIFYING SECONDARY GRID 94686 POSITION ON CONTACT ELEMENT 55938 

WARNING G3051: MODIFYING SECONDARY GRID 93059 POSITION ON CONTACT ELEMENT 56115 

WARNING G3051: MODIFYING SECONDARY GRID 93060 POSITION ON CONTACT ELEMENT 56017 

WARNING G3051: MODIFYING SECONDARY GRID 94077 POSITION ON CONTACT ELEMENT 55989 

WARNING G3051: MODIFYING SECONDARY GRID 94642 POSITION ON CONTACT ELEMENT 56008 

WARNING G3051: MODIFYING SECONDARY GRID 94685 POSITION ON CONTACT ELEMENT 54958 

WARNING G3051: MODIFYING SECONDARY GRID 93488 POSITION ON CONTACT ELEMENT 56115 

WARNING G3051: MODIFYING SECONDARY GRID 93487 POSITION ON CONTACT ELEMENT 56115 

WARNING G3051: MODIFYING SECONDARY GRID 94643 POSITION ON CONTACT ELEMENT 56066 

WARNING G3051: MODIFYING SECONDARY GRID 94078 POSITION ON CONTACT ELEMENT 55989 

WARNING G3051: MODIFYING SECONDARY GRID 43187 POSITION ON CONTACT ELEMENT 23671 

WARNING G3051: MODIFYING SECONDARY GRID 43086 POSITION ON CONTACT ELEMENT 23618 

WARNING G3051: MODIFYING SECONDARY GRID 43236 POSITION ON CONTACT ELEMENT 23754 

WARNING G3051: MODIFYING SECONDARY GRID 43240 POSITION ON CONTACT ELEMENT 23260 

WARNING G3051: MODIFYING SECONDARY GRID 42992 POSITION ON CONTACT ELEMENT 23653 

WARNING G3051: MODIFYING SECONDARY GRID 43048 POSITION ON CONTACT ELEMENT 23653 

WARNING G3051: MODIFYING SECONDARY GRID 43049 POSITION ON CONTACT ELEMENT 23740 

WARNING G3051: MODIFYING SECONDARY GRID 43109 POSITION ON CONTACT ELEMENT 23718 

WARNING G3051: MODIFYING SECONDARY GRID 43011 POSITION ON CONTACT ELEMENT 23774 

WARNING G3051: MODIFYING SECONDARY GRID 43035 POSITION ON CONTACT ELEMENT 23587 

WARNING G3051: MODIFYING SECONDARY GRID 43122 POSITION ON CONTACT ELEMENT 23654 

WARNING G3051: MODIFYING SECONDARY GRID 43101 POSITION ON CONTACT ELEMENT 23705 

WARNING G3051: MODIFYING SECONDARY GRID 43112 POSITION ON CONTACT ELEMENT 23796 

WARNING G3051: MODIFYING SECONDARY GRID 43081 POSITION ON CONTACT ELEMENT 23629 

WARNING G3051: MODIFYING SECONDARY GRID 43100 POSITION ON CONTACT ELEMENT 23648 

WARNING G3051: MODIFYING SECONDARY GRID 43198 POSITION ON CONTACT ELEMENT 23797 

WARNING G3051: MODIFYING SECONDARY GRID 43136 POSITION ON CONTACT ELEMENT 23796 

WARNING G3051: MODIFYING SECONDARY GRID 43225 POSITION ON CONTACT ELEMENT 23496 

WARNING G3051: MODIFYING SECONDARY GRID 43207 POSITION ON CONTACT ELEMENT 23587 

WARNING G3051: MODIFYING SECONDARY GRID 43220 POSITION ON CONTACT ELEMENT 23740 

WARNING G3051: MODIFYING SECONDARY GRID 42996 POSITION ON CONTACT ELEMENT 23556 

WARNING G3051: MODIFYING SECONDARY GRID 43084 POSITION ON CONTACT ELEMENT 23738 

WARNING G3051: MODIFYING SECONDARY GRID 43080 POSITION ON CONTACT ELEMENT 23680 

WARNING G3051: MODIFYING SECONDARY GRID 43070 POSITION ON CONTACT ELEMENT 23752 

WARNING G3051: MODIFYING SECONDARY GRID 43067 POSITION ON CONTACT ELEMENT 23743 

WARNING G3051: MODIFYING SECONDARY GRID 43193 POSITION ON CONTACT ELEMENT 23654 

WARNING G3051: MODIFYING SECONDARY GRID 43179 POSITION ON CONTACT ELEMENT 23721 

WARNING G3051: MODIFYING SECONDARY GRID 43195 POSITION ON CONTACT ELEMENT 23622 

WARNING G3051: MODIFYING SECONDARY GRID 43102 POSITION ON CONTACT ELEMENT 23520 

WARNING G3051: MODIFYING SECONDARY GRID 43181 POSITION ON CONTACT ELEMENT 23738 

WARNING G3051: MODIFYING SECONDARY GRID 43108 POSITION ON CONTACT ELEMENT 23715 

WARNING G3051: MODIFYING SECONDARY GRID 43013 POSITION ON CONTACT ELEMENT 23797 

WARNING G3051: MODIFYING SECONDARY GRID 43031 POSITION ON CONTACT ELEMENT 23796 

WARNING G3051: MODIFYING SECONDARY GRID 43072 POSITION ON CONTACT ELEMENT 23562 

WARNING G3051: MODIFYING SECONDARY GRID 43110 POSITION ON CONTACT ELEMENT 23585 

WARNING G3051: MODIFYING SECONDARY GRID 42988 POSITION ON CONTACT ELEMENT 23774 

WARNING G3051: MODIFYING SECONDARY GRID 43004 POSITION ON CONTACT ELEMENT 23797 

WARNING G3051: MODIFYING SECONDARY GRID 43033 POSITION ON CONTACT ELEMENT 23795 

WARNING G3051: MODIFYING SECONDARY GRID 43058 POSITION ON CONTACT ELEMENT 23616 

WARNING G3051: MODIFYING SECONDARY GRID 43218 POSITION ON CONTACT ELEMENT 23720 

WARNING G3051: MODIFYING SECONDARY GRID 43052 POSITION ON CONTACT ELEMENT 23721 

WARNING G3051: MODIFYING SECONDARY GRID 43139 POSITION ON CONTACT ELEMENT 23795 

WARNING G3051: MODIFYING SECONDARY GRID 43030 POSITION ON CONTACT ELEMENT 23718 

WARNING G3051: MODIFYING SECONDARY GRID 43196 POSITION ON CONTACT ELEMENT 23784 

WARNING G3051: MODIFYING SECONDARY GRID 43126 POSITION ON CONTACT ELEMENT 23749 

WARNING G3051: MODIFYING SECONDARY GRID 43239 POSITION ON CONTACT ELEMENT 23243 

WARNING G3051: MODIFYING SECONDARY GRID 43014 POSITION ON CONTACT ELEMENT 23766 

WARNING G3051: MODIFYING SECONDARY GRID 43178 POSITION ON CONTACT ELEMENT 23789 

WARNING G3051: MODIFYING SECONDARY GRID 43094 POSITION ON CONTACT ELEMENT 23635 

WARNING G3051: MODIFYING SECONDARY GRID 43038 POSITION ON CONTACT ELEMENT 23635 

WARNING G3051: MODIFYING SECONDARY GRID 43096 POSITION ON CONTACT ELEMENT 23788 

WARNING G3051: MODIFYING SECONDARY GRID 43120 POSITION ON CONTACT ELEMENT 23739 

WARNING G3051: MODIFYING SECONDARY GRID 43180 POSITION ON CONTACT ELEMENT 23580 

WARNING G3051: MODIFYING SECONDARY GRID 43128 POSITION ON CONTACT ELEMENT 23550 

WARNING G3051: MODIFYING SECONDARY GRID 43017 POSITION ON CONTACT ELEMENT 23749 

WARNING G3051: MODIFYING SECONDARY GRID 43007 POSITION ON CONTACT ELEMENT 23657 

WARNING G3051: MODIFYING SECONDARY GRID 43138 POSITION ON CONTACT ELEMENT 23770 

WARNING G3051: MODIFYING SECONDARY GRID 43083 POSITION ON CONTACT ELEMENT 23789 

WARNING G3051: MODIFYING SECONDARY GRID 43106 POSITION ON CONTACT ELEMENT 23751 

WARNING G3051: MODIFYING SECONDARY GRID 43095 POSITION ON CONTACT ELEMENT 23788 

WARNING G3051: MODIFYING SECONDARY GRID 43243 POSITION ON CONTACT ELEMENT 23768 

WARNING G3051: MODIFYING SECONDARY GRID 43023 POSITION ON CONTACT ELEMENT 23490 

WARNING G3051: MODIFYING SECONDARY GRID 43235 POSITION ON CONTACT ELEMENT 23694 

WARNING G3051: MODIFYING SECONDARY GRID 43219 POSITION ON CONTACT ELEMENT 23324 

WARNING G3051: MODIFYING SECONDARY GRID 43062 POSITION ON CONTACT ELEMENT 23749 

WARNING G3051: MODIFYING SECONDARY GRID 43237 POSITION ON CONTACT ELEMENT 23650 

WARNING G3051: MODIFYING SECONDARY GRID 43137 POSITION ON CONTACT ELEMENT 23673 

WARNING G3051: MODIFYING SECONDARY GRID 43002 POSITION ON CONTACT ELEMENT 23751 

WARNING G3051: MODIFYING SECONDARY GRID 43186 POSITION ON CONTACT ELEMENT 23467 

WARNING G3051: MODIFYING SECONDARY GRID 43053 POSITION ON CONTACT ELEMENT 23755 

WARNING G3051: MODIFYING SECONDARY GRID 43065 POSITION ON CONTACT ELEMENT 23248 

WARNING G3051: MODIFYING SECONDARY GRID 43066 POSITION ON CONTACT ELEMENT 23791 

WARNING G3051: MODIFYING SECONDARY GRID 43217 POSITION ON CONTACT ELEMENT 23791 

WARNING G3051: MODIFYING SECONDARY GRID 43121 POSITION ON CONTACT ELEMENT 23304 

WARNING G3051: MODIFYING SECONDARY GRID 43224 POSITION ON CONTACT ELEMENT 23785 

WARNING G3051: MODIFYING SECONDARY GRID 43039 POSITION ON CONTACT ELEMENT 23756 

WARNING G3051: MODIFYING SECONDARY GRID 43197 POSITION ON CONTACT ELEMENT 23770 

WARNING G3051: MODIFYING SECONDARY GRID 43020 POSITION ON CONTACT ELEMENT 23773 

WARNING G3051: MODIFYING SECONDARY GRID 43194 POSITION ON CONTACT ELEMENT 23756 

WARNING G3051: MODIFYING SECONDARY GRID 43042 POSITION ON CONTACT ELEMENT 23789 

WARNING G3051: MODIFYING SECONDARY GRID 43097 POSITION ON CONTACT ELEMENT 23166 

WARNING G3051: MODIFYING SECONDARY GRID 42995 POSITION ON CONTACT ELEMENT 23770 

WARNING G3051: MODIFYING SECONDARY GRID 43117 POSITION ON CONTACT ELEMENT 23791 

WARNING G3051: MODIFYING SECONDARY GRID 43206 POSITION ON CONTACT ELEMENT 23788 

WARNING G3051: MODIFYING SECONDARY GRID 43090 POSITION ON CONTACT ELEMENT 23745 

WARNING G3051: MODIFYING SECONDARY GRID 77623 POSITION ON CONTACT ELEMENT 48005 

WARNING G3051: MODIFYING SECONDARY GRID 77626 POSITION ON CONTACT ELEMENT 48032 

WARNING G3051: MODIFYING SECONDARY GRID 78306 POSITION ON CONTACT ELEMENT 47865 

WARNING G3051: MODIFYING SECONDARY GRID 78893 POSITION ON CONTACT ELEMENT 47021 

WARNING G3051: MODIFYING SECONDARY GRID 78929 POSITION ON CONTACT ELEMENT 47779 

WARNING G3051: MODIFYING SECONDARY GRID 77755 POSITION ON CONTACT ELEMENT 44551 

WARNING G3051: MODIFYING SECONDARY GRID 78894 POSITION ON CONTACT ELEMENT 47865 

WARNING G3051: MODIFYING SECONDARY GRID 77756 POSITION ON CONTACT ELEMENT 47725 

WARNING G3051: MODIFYING SECONDARY GRID 78305 POSITION ON CONTACT ELEMENT 47654 

WARNING G3051: MODIFYING SECONDARY GRID 78928 POSITION ON CONTACT ELEMENT 48032 

WARNING G3051: MODIFYING SECONDARY GRID 77028 POSITION ON CONTACT ELEMENT 48032 

WARNING G3051: MODIFYING SECONDARY GRID 78679 POSITION ON CONTACT ELEMENT 47891 

WARNING G3051: MODIFYING SECONDARY GRID 94058 POSITION ON CONTACT ELEMENT 52948 

WARNING G3051: MODIFYING SECONDARY GRID 94057 POSITION ON CONTACT ELEMENT 54617 

WARNING G3051: MODIFYING SECONDARY GRID 94430 POSITION ON CONTACT ELEMENT 56081 

WARNING G3051: MODIFYING SECONDARY GRID 94682 POSITION ON CONTACT ELEMENT 54957 

WARNING G3051: MODIFYING SECONDARY GRID 93375 POSITION ON CONTACT ELEMENT 55156 

WARNING G3051: MODIFYING SECONDARY GRID 93508 POSITION ON CONTACT ELEMENT 56081 

WARNING G3051: MODIFYING SECONDARY GRID 93507 POSITION ON CONTACT ELEMENT 56081 

WARNING G3051: MODIFYING SECONDARY GRID 94646 POSITION ON CONTACT ELEMENT 55156 

WARNING G3051: MODIFYING SECONDARY GRID 93378 POSITION ON CONTACT ELEMENT 55993 

WARNING G3051: MODIFYING SECONDARY GRID 94647 POSITION ON CONTACT ELEMENT 55337 

WARNING G3051: MODIFYING SECONDARY GRID 94681 POSITION ON CONTACT ELEMENT 55993 

WARNING G3051: MODIFYING SECONDARY GRID 29529 POSITION ON CONTACT ELEMENT 22519 

WARNING G3051: MODIFYING SECONDARY GRID 30129 POSITION ON CONTACT ELEMENT 21390 

WARNING G3051: MODIFYING SECONDARY GRID 29607 POSITION ON CONTACT ELEMENT 22460 

WARNING G3051: MODIFYING SECONDARY GRID 30453 POSITION ON CONTACT ELEMENT 22207 

WARNING G3051: MODIFYING SECONDARY GRID 29120 POSITION ON CONTACT ELEMENT 22635 

WARNING G3051: MODIFYING SECONDARY GRID 29257 POSITION ON CONTACT ELEMENT 22560 

WARNING G3051: MODIFYING SECONDARY GRID 28909 POSITION ON CONTACT ELEMENT 22022 

WARNING G3051: MODIFYING SECONDARY GRID 29294 POSITION ON CONTACT ELEMENT 21803 

WARNING G3051: MODIFYING SECONDARY GRID 29441 POSITION ON CONTACT ELEMENT 22234 

WARNING G3051: MODIFYING SECONDARY GRID 29154 POSITION ON CONTACT ELEMENT 20521 

WARNING G3051: MODIFYING SECONDARY GRID 30130 POSITION ON CONTACT ELEMENT 21390 

WARNING G3051: MODIFYING SECONDARY GRID 30127 POSITION ON CONTACT ELEMENT 18346 

WARNING G3051: MODIFYING SECONDARY GRID 29034 POSITION ON CONTACT ELEMENT 21469 

WARNING G3051: MODIFYING SECONDARY GRID 30586 POSITION ON CONTACT ELEMENT 20634 

WARNING G3051: MODIFYING SECONDARY GRID 30128 POSITION ON CONTACT ELEMENT 22034 

WARNING G3051: MODIFYING SECONDARY GRID 29425 POSITION ON CONTACT ELEMENT 22144 

WARNING G3051: MODIFYING SECONDARY GRID 28961 POSITION ON CONTACT ELEMENT 22034 

WARNING G3051: MODIFYING SECONDARY GRID 30450 POSITION ON CONTACT ELEMENT 20707 

WARNING G3051: MODIFYING SECONDARY GRID 30131 POSITION ON CONTACT ELEMENT 20655 

WARNING G3051: MODIFYING SECONDARY GRID 30125 POSITION ON CONTACT ELEMENT 21868 

WARNING G3051: MODIFYING SECONDARY GRID 29114 POSITION ON CONTACT ELEMENT 21619 

WARNING G3051: MODIFYING SECONDARY GRID 30448 POSITION ON CONTACT ELEMENT 21927 

WARNING G3051: MODIFYING SECONDARY GRID 29519 POSITION ON CONTACT ELEMENT 22022 

WARNING G3051: MODIFYING SECONDARY GRID 29447 POSITION ON CONTACT ELEMENT 22483 

WARNING G3051: MODIFYING SECONDARY GRID 29153 POSITION ON CONTACT ELEMENT 22527 

WARNING G3051: MODIFYING SECONDARY GRID 30126 POSITION ON CONTACT ELEMENT 20978 

WARNING G3051: MODIFYING SECONDARY GRID 29038 POSITION ON CONTACT ELEMENT 22483 

WARNING G3051: MODIFYING SECONDARY GRID 28965 POSITION ON CONTACT ELEMENT 22560 

WARNING G3051: MODIFYING SECONDARY GRID 16040 POSITION ON CONTACT ELEMENT 13280 

WARNING G3051: MODIFYING SECONDARY GRID 16489 POSITION ON CONTACT ELEMENT 13462 

WARNING G3051: MODIFYING SECONDARY GRID 14913 POSITION ON CONTACT ELEMENT 14488 

WARNING G3051: MODIFYING SECONDARY GRID 15122 POSITION ON CONTACT ELEMENT 14617 

WARNING G3051: MODIFYING SECONDARY GRID 16041 POSITION ON CONTACT ELEMENT 13499 

WARNING G3051: MODIFYING SECONDARY GRID 16043 POSITION ON CONTACT ELEMENT 13134 

WARNING G3051: MODIFYING SECONDARY GRID 15380 POSITION ON CONTACT ELEMENT 14283 

WARNING G3051: MODIFYING SECONDARY GRID 16044 POSITION ON CONTACT ELEMENT 13446 

WARNING G3051: MODIFYING SECONDARY GRID 16212 POSITION ON CONTACT ELEMENT 15214 

WARNING G3051: MODIFYING SECONDARY GRID 15054 POSITION ON CONTACT ELEMENT 13899 

WARNING G3051: MODIFYING SECONDARY GRID 15431 POSITION ON CONTACT ELEMENT 14602 

WARNING G3051: MODIFYING SECONDARY GRID 14837 POSITION ON CONTACT ELEMENT 15223 

WARNING G3051: MODIFYING SECONDARY GRID 16362 POSITION ON CONTACT ELEMENT 15192 

WARNING G3051: MODIFYING SECONDARY GRID 16045 POSITION ON CONTACT ELEMENT 13899 

WARNING G3051: MODIFYING SECONDARY GRID 16360 POSITION ON CONTACT ELEMENT 15047 

WARNING G3051: MODIFYING SECONDARY GRID 16042 POSITION ON CONTACT ELEMENT 15192 

WARNING G3051: MODIFYING SECONDARY GRID 15513 POSITION ON CONTACT ELEMENT 14321 

WARNING G3051: MODIFYING SECONDARY GRID 15230 POSITION ON CONTACT ELEMENT 15047 

WARNING G3051: MODIFYING SECONDARY GRID 16039 POSITION ON CONTACT ELEMENT 13280 

WARNING G3051: MODIFYING SECONDARY GRID 16683 POSITION ON CONTACT ELEMENT 13738 

WARNING G3051: MODIFYING SECONDARY GRID 14892 POSITION ON CONTACT ELEMENT 15192 

WARNING G3051: MODIFYING SECONDARY GRID 15087 POSITION ON CONTACT ELEMENT 13446 

WARNING G3051: MODIFYING SECONDARY GRID 15086 POSITION ON CONTACT ELEMENT 14474 

WARNING G3051: MODIFYING SECONDARY GRID 14960 POSITION ON CONTACT ELEMENT 15047 

WARNING G3051: MODIFYING SECONDARY GRID 14868 POSITION ON CONTACT ELEMENT 14686 

WARNING G3051: MODIFYING SECONDARY GRID 15190 POSITION ON CONTACT ELEMENT 15124 

WARNING G3051: MODIFYING SECONDARY GRID 138215 POSITION ON CONTACT ELEMENT 74699

WARNING G3051: MODIFYING SECONDARY GRID 94059 POSITION ON CONTACT ELEMENT 55639 

WARNING G3051: MODIFYING SECONDARY GRID 94645 POSITION ON CONTACT ELEMENT 54911 

WARNING G3051: MODIFYING SECONDARY GRID 93374 POSITION ON CONTACT ELEMENT 54894 

WARNING G3051: MODIFYING SECONDARY GRID 94683 POSITION ON CONTACT ELEMENT 55013 

WARNING G3051: MODIFYING SECONDARY GRID 93494 POSITION ON CONTACT ELEMENT 55564 

WARNING G3051: MODIFYING SECONDARY GRID 92787 POSITION ON CONTACT ELEMENT 55639 

WARNING G3051: MODIFYING SECONDARY GRID 77034 POSITION ON CONTACT ELEMENT 48005 

WARNING G3051: MODIFYING SECONDARY GRID 77622 POSITION ON CONTACT ELEMENT 44224 

WARNING G3051: MODIFYING SECONDARY GRID 78930 POSITION ON CONTACT ELEMENT 47722 

WARNING G3051: MODIFYING SECONDARY GRID 77742 POSITION ON CONTACT ELEMENT 48005 

WARNING G3051: MODIFYING SECONDARY GRID 78892 POSITION ON CONTACT ELEMENT 44194 

WARNING G3051: MODIFYING SECONDARY GRID 78307 POSITION ON CONTACT ELEMENT 47693 

WARNING G3051: MODIFYING SECONDARY GRID 94345 POSITION ON CONTACT ELEMENT 55842 

WARNING G3051: MODIFYING SECONDARY GRID 93492 POSITION ON CONTACT ELEMENT 55834 

WARNING G3051: MODIFYING SECONDARY GRID 93493 POSITION ON CONTACT ELEMENT 56011 

WARNING G3051: MODIFYING SECONDARY GRID 94547 POSITION ON CONTACT ELEMENT 54021 

WARNING G3051: MODIFYING SECONDARY GRID 94064 POSITION ON CONTACT ELEMENT 53968 

WARNING G3051: MODIFYING SECONDARY GRID 93091 POSITION ON CONTACT ELEMENT 56011 

WARNING G3051: MODIFYING SECONDARY GRID 94589 POSITION ON CONTACT ELEMENT 55802 

WARNING G3051: MODIFYING SECONDARY GRID 94063 POSITION ON CONTACT ELEMENT 55802 

WARNING G3051: MODIFYING SECONDARY GRID 94684 POSITION ON CONTACT ELEMENT 55996 

WARNING G3051: MODIFYING SECONDARY GRID 94061 POSITION ON CONTACT ELEMENT 54911 

WARNING G3051: MODIFYING SECONDARY GRID 94062 POSITION ON CONTACT ELEMENT 54828 

WARNING G3051: MODIFYING SECONDARY GRID 93092 POSITION ON CONTACT ELEMENT 55639 

WARNING G3051: MODIFYING SECONDARY GRID 94346 POSITION ON CONTACT ELEMENT 54828 

WARNING G3051: MODIFYING SECONDARY GRID 93491 POSITION ON CONTACT ELEMENT 54665 

WARNING G3051: MODIFYING SECONDARY GRID 93490 POSITION ON CONTACT ELEMENT 55564 

WARNING G3051: MODIFYING SECONDARY GRID 94546 POSITION ON CONTACT ELEMENT 54979 

WARNING G3051: MODIFYING SECONDARY GRID 94644 POSITION ON CONTACT ELEMENT 51330 

WARNING G3051: MODIFYING SECONDARY GRID 93377 POSITION ON CONTACT ELEMENT 56009 

WARNING G3051: MODIFYING SECONDARY GRID 77740 POSITION ON CONTACT ELEMENT 45208 

WARNING G3051: MODIFYING SECONDARY GRID 78590 POSITION ON CONTACT ELEMENT 44889 

WARNING G3051: MODIFYING SECONDARY GRID 77741 POSITION ON CONTACT ELEMENT 46197 

WARNING G3051: MODIFYING SECONDARY GRID 77333 POSITION ON CONTACT ELEMENT 47873 

WARNING G3051: MODIFYING SECONDARY GRID 78312 POSITION ON CONTACT ELEMENT 44707 

WARNING G3051: MODIFYING SECONDARY GRID 78891 POSITION ON CONTACT ELEMENT 44168 

WARNING G3051: MODIFYING SECONDARY GRID 77739 POSITION ON CONTACT ELEMENT 45755 

WARNING G3051: MODIFYING SECONDARY GRID 78792 POSITION ON CONTACT ELEMENT 46211 

WARNING G3051: MODIFYING SECONDARY GRID 78310 POSITION ON CONTACT ELEMENT 44536 

WARNING G3051: MODIFYING SECONDARY GRID 78791 POSITION ON CONTACT ELEMENT 43247 

WARNING G3051: MODIFYING SECONDARY GRID 78591 POSITION ON CONTACT ELEMENT 44536 

WARNING G3051: MODIFYING SECONDARY GRID 78837 POSITION ON CONTACT ELEMENT 45755 

WARNING G3051: MODIFYING SECONDARY GRID 78311 POSITION ON CONTACT ELEMENT 44889 

WARNING G3051: MODIFYING SECONDARY GRID 78309 POSITION ON CONTACT ELEMENT 47110 

WARNING G3051: MODIFYING SECONDARY GRID 77334 POSITION ON CONTACT ELEMENT 47722 

WARNING G3051: MODIFYING SECONDARY GRID 77738 POSITION ON CONTACT ELEMENT 47580 

WARNING G3051: MODIFYING SECONDARY GRID 77625 POSITION ON CONTACT ELEMENT 47873 

WARNING G3051: MODIFYING SECONDARY GRID 78931 POSITION ON CONTACT ELEMENT 47873 

WARNING G3051: MODIFYING SECONDARY GRID 109576 POSITION ON CONTACT ELEMENT 57002

WARNING G3051: MODIFYING SECONDARY GRID 109715 POSITION ON CONTACT ELEMENT 56941

WARNING G3051: MODIFYING SECONDARY GRID 109546 POSITION ON CONTACT ELEMENT 56975

WARNING G3051: MODIFYING SECONDARY GRID 109655 POSITION ON CONTACT ELEMENT 56663

WARNING G3051: MODIFYING SECONDARY GRID 109588 POSITION ON CONTACT ELEMENT 57064

WARNING G3051: MODIFYING SECONDARY GRID 109582 POSITION ON CONTACT ELEMENT 57010

WARNING G3051: MODIFYING SECONDARY GRID 109613 POSITION ON CONTACT ELEMENT 56942

WARNING G3051: MODIFYING SECONDARY GRID 109602 POSITION ON CONTACT ELEMENT 56937

WARNING G3051: MODIFYING SECONDARY GRID 109601 POSITION ON CONTACT ELEMENT 56985

WARNING G3051: MODIFYING SECONDARY GRID 109551 POSITION ON CONTACT ELEMENT 57042

WARNING G3051: MODIFYING SECONDARY GRID 109549 POSITION ON CONTACT ELEMENT 56986

WARNING G3051: MODIFYING SECONDARY GRID 109555 POSITION ON CONTACT ELEMENT 57050

WARNING G3051: MODIFYING SECONDARY GRID 109606 POSITION ON CONTACT ELEMENT 57006

WARNING G3051: MODIFYING SECONDARY GRID 109544 POSITION ON CONTACT ELEMENT 57043

WARNING G3051: MODIFYING SECONDARY GRID 109570 POSITION ON CONTACT ELEMENT 57062

WARNING G3051: MODIFYING SECONDARY GRID 109649 POSITION ON CONTACT ELEMENT 56857

WARNING G3051: MODIFYING SECONDARY GRID 109647 POSITION ON CONTACT ELEMENT 56882

WARNING G3051: MODIFYING SECONDARY GRID 109612 POSITION ON CONTACT ELEMENT 56942

WARNING G3051: MODIFYING SECONDARY GRID 109579 POSITION ON CONTACT ELEMENT 57025

WARNING G3051: MODIFYING SECONDARY GRID 109599 POSITION ON CONTACT ELEMENT 57054

WARNING G3051: MODIFYING SECONDARY GRID 109694 POSITION ON CONTACT ELEMENT 56993

WARNING G3051: MODIFYING SECONDARY GRID 109648 POSITION ON CONTACT ELEMENT 56842

WARNING G3051: MODIFYING SECONDARY GRID 109690 POSITION ON CONTACT ELEMENT 57043

WARNING G3051: MODIFYING SECONDARY GRID 109561 POSITION ON CONTACT ELEMENT 57042

WARNING G3051: MODIFYING SECONDARY GRID 109548 POSITION ON CONTACT ELEMENT 57052

WARNING G3051: MODIFYING SECONDARY GRID 109560 POSITION ON CONTACT ELEMENT 57062

WARNING G3051: MODIFYING SECONDARY GRID 109657 POSITION ON CONTACT ELEMENT 56906

WARNING G3051: MODIFYING SECONDARY GRID 109609 POSITION ON CONTACT ELEMENT 56995

WARNING G3051: MODIFYING SECONDARY GRID 109585 POSITION ON CONTACT ELEMENT 56995

WARNING G3051: MODIFYING SECONDARY GRID 109704 POSITION ON CONTACT ELEMENT 57042

WARNING G3051: MODIFYING SECONDARY GRID 109689 POSITION ON CONTACT ELEMENT 57052

WARNING G3051: MODIFYING SECONDARY GRID 109604 POSITION ON CONTACT ELEMENT 57030

WARNING G3051: MODIFYING SECONDARY GRID 109675 POSITION ON CONTACT ELEMENT 57063

WARNING G3051: MODIFYING SECONDARY GRID 109567 POSITION ON CONTACT ELEMENT 57047

WARNING G3051: MODIFYING SECONDARY GRID 109670 POSITION ON CONTACT ELEMENT 57047

WARNING G3051: MODIFYING SECONDARY GRID 109600 POSITION ON CONTACT ELEMENT 57035

WARNING G3051: MODIFYING SECONDARY GRID 109572 POSITION ON CONTACT ELEMENT 56949

WARNING G3051: MODIFYING SECONDARY GRID 109603 POSITION ON CONTACT ELEMENT 57030

WARNING G3051: MODIFYING SECONDARY GRID 109658 POSITION ON CONTACT ELEMENT 56937

WARNING G3051: MODIFYING SECONDARY GRID 109646 POSITION ON CONTACT ELEMENT 56755

WARNING G3051: MODIFYING SECONDARY GRID 109547 POSITION ON CONTACT ELEMENT 57044

WARNING G3051: MODIFYING SECONDARY GRID 109580 POSITION ON CONTACT ELEMENT 57040

WARNING G3051: MODIFYING SECONDARY GRID 109687 POSITION ON CONTACT ELEMENT 57051

WARNING G3051: MODIFYING SECONDARY GRID 109587 POSITION ON CONTACT ELEMENT 56906

WARNING G3051: MODIFYING SECONDARY GRID 109681 POSITION ON CONTACT ELEMENT 57051

WARNING G3051: MODIFYING SECONDARY GRID 109680 POSITION ON CONTACT ELEMENT 57051

WARNING G3051: MODIFYING SECONDARY GRID 109589 POSITION ON CONTACT ELEMENT 57064

WARNING G3051: MODIFYING SECONDARY GRID 109652 POSITION ON CONTACT ELEMENT 56809

WARNING G3051: MODIFYING SECONDARY GRID 109663 POSITION ON CONTACT ELEMENT 57064

WARNING G3051: MODIFYING SECONDARY GRID 109702 POSITION ON CONTACT ELEMENT 56906

WARNING G3051: MODIFYING SECONDARY GRID 109581 POSITION ON CONTACT ELEMENT 56999

WARNING G3051: MODIFYING SECONDARY GRID 109695 POSITION ON CONTACT ELEMENT 57019

WARNING G3051: MODIFYING SECONDARY GRID 109586 POSITION ON CONTACT ELEMENT 56950

WARNING G3051: MODIFYING SECONDARY GRID 109688 POSITION ON CONTACT ELEMENT 57030

WARNING G3051: MODIFYING SECONDARY GRID 109708 POSITION ON CONTACT ELEMENT 56630

WARNING G3051: MODIFYING SECONDARY GRID 109672 POSITION ON CONTACT ELEMENT 57050

WARNING G3051: MODIFYING SECONDARY GRID 109610 POSITION ON CONTACT ELEMENT 57005

WARNING G3051: MODIFYING SECONDARY GRID 109673 POSITION ON CONTACT ELEMENT 56632

WARNING G3051: MODIFYING SECONDARY GRID 109608 POSITION ON CONTACT ELEMENT 56953

WARNING G3051: MODIFYING SECONDARY GRID 109568 POSITION ON CONTACT ELEMENT 56908

WARNING G3051: MODIFYING SECONDARY GRID 109716 POSITION ON CONTACT ELEMENT 57048

WARNING G3051: MODIFYING SECONDARY GRID 109605 POSITION ON CONTACT ELEMENT 56804

WARNING G3051: MODIFYING SECONDARY GRID 109596 POSITION ON CONTACT ELEMENT 56660

WARNING G3051: MODIFYING SECONDARY GRID 109597 POSITION ON CONTACT ELEMENT 56660

WARNING G3051: MODIFYING SECONDARY GRID 109593 POSITION ON CONTACT ELEMENT 57053

WARNING G3051: MODIFYING SECONDARY GRID 109714 POSITION ON CONTACT ELEMENT 57010

WARNING G3051: MODIFYING SECONDARY GRID 109682 POSITION ON CONTACT ELEMENT 56938

WARNING G3051: MODIFYING SECONDARY GRID 109656 POSITION ON CONTACT ELEMENT 57054

WARNING G3051: MODIFYING SECONDARY GRID 109607 POSITION ON CONTACT ELEMENT 56981

WARNING G3051: MODIFYING SECONDARY GRID 109669 POSITION ON CONTACT ELEMENT 57000

WARNING G3051: MODIFYING SECONDARY GRID 109653 POSITION ON CONTACT ELEMENT 56828

WARNING G3051: MODIFYING SECONDARY GRID 109650 POSITION ON CONTACT ELEMENT 56857

WARNING G3051: MODIFYING SECONDARY GRID 109595 POSITION ON CONTACT ELEMENT 56734

WARNING G3051: MODIFYING SECONDARY GRID 109594 POSITION ON CONTACT ELEMENT 57053

WARNING G3051: MODIFYING SECONDARY GRID 109590 POSITION ON CONTACT ELEMENT 56606

WARNING G3051: MODIFYING SECONDARY GRID 109591 POSITION ON CONTACT ELEMENT 56661

WARNING G3051: MODIFYING SECONDARY GRID 109574 POSITION ON CONTACT ELEMENT 56999

WARNING G3051: MODIFYING SECONDARY GRID 109693 POSITION ON CONTACT ELEMENT 57057

WARNING G3051: MODIFYING SECONDARY GRID 109674 POSITION ON CONTACT ELEMENT 57048

WARNING G3051: MODIFYING SECONDARY GRID 109671 POSITION ON CONTACT ELEMENT 57037

WARNING G3051: MODIFYING SECONDARY GRID 109598 POSITION ON CONTACT ELEMENT 57025

WARNING G3051: MODIFYING SECONDARY GRID 109713 POSITION ON CONTACT ELEMENT 57054

WARNING G3051: MODIFYING SECONDARY GRID 109701 POSITION ON CONTACT ELEMENT 56701

WARNING G3051: MODIFYING SECONDARY GRID 109554 POSITION ON CONTACT ELEMENT 56850

WARNING G3051: MODIFYING SECONDARY GRID 108669 POSITION ON CONTACT ELEMENT 56586

WARNING G3051: MODIFYING SECONDARY GRID 108533 POSITION ON CONTACT ELEMENT 56512

WARNING G3051: MODIFYING SECONDARY GRID 108607 POSITION ON CONTACT ELEMENT 56590

WARNING G3051: MODIFYING SECONDARY GRID 108611 POSITION ON CONTACT ELEMENT 56580

WARNING G3051: MODIFYING SECONDARY GRID 108648 POSITION ON CONTACT ELEMENT 56572

WARNING G3051: MODIFYING SECONDARY GRID 108542 POSITION ON CONTACT ELEMENT 56546

WARNING G3051: MODIFYING SECONDARY GRID 108541 POSITION ON CONTACT ELEMENT 56371

WARNING G3051: MODIFYING SECONDARY GRID 108510 POSITION ON CONTACT ELEMENT 56434

WARNING G3051: MODIFYING SECONDARY GRID 108562 POSITION ON CONTACT ELEMENT 56554

WARNING G3051: MODIFYING SECONDARY GRID 108605 POSITION ON CONTACT ELEMENT 56584

WARNING G3051: MODIFYING SECONDARY GRID 108509 POSITION ON CONTACT ELEMENT 56567

WARNING G3051: MODIFYING SECONDARY GRID 108557 POSITION ON CONTACT ELEMENT 56530

WARNING G3051: MODIFYING SECONDARY GRID 108556 POSITION ON CONTACT ELEMENT 56588

WARNING G3051: MODIFYING SECONDARY GRID 108558 POSITION ON CONTACT ELEMENT 56507

WARNING G3051: MODIFYING SECONDARY GRID 108520 POSITION ON CONTACT ELEMENT 56588

WARNING G3051: MODIFYING SECONDARY GRID 108670 POSITION ON CONTACT ELEMENT 56454

WARNING G3051: MODIFYING SECONDARY GRID 108548 POSITION ON CONTACT ELEMENT 56586

WARNING G3051: MODIFYING SECONDARY GRID 108515 POSITION ON CONTACT ELEMENT 56587

WARNING G3051: MODIFYING SECONDARY GRID 108543 POSITION ON CONTACT ELEMENT 56568

WARNING G3051: MODIFYING SECONDARY GRID 108659 POSITION ON CONTACT ELEMENT 56442

WARNING G3051: MODIFYING SECONDARY GRID 108601 POSITION ON CONTACT ELEMENT 56525

WARNING G3051: MODIFYING SECONDARY GRID 108617 POSITION ON CONTACT ELEMENT 56593

WARNING G3051: MODIFYING SECONDARY GRID 108545 POSITION ON CONTACT ELEMENT 56535

WARNING G3051: MODIFYING SECONDARY GRID 108546 POSITION ON CONTACT ELEMENT 56177

WARNING G3051: MODIFYING SECONDARY GRID 108657 POSITION ON CONTACT ELEMENT 56559

WARNING G3051: MODIFYING SECONDARY GRID 108507 POSITION ON CONTACT ELEMENT 56593

WARNING G3051: MODIFYING SECONDARY GRID 108642 POSITION ON CONTACT ELEMENT 56594

WARNING G3051: MODIFYING SECONDARY GRID 108656 POSITION ON CONTACT ELEMENT 56567

WARNING G3051: MODIFYING SECONDARY GRID 108555 POSITION ON CONTACT ELEMENT 56487

WARNING G3051: MODIFYING SECONDARY GRID 108560 POSITION ON CONTACT ELEMENT 56529

WARNING G3051: MODIFYING SECONDARY GRID 108559 POSITION ON CONTACT ELEMENT 56579

WARNING G3051: MODIFYING SECONDARY GRID 108663 POSITION ON CONTACT ELEMENT 56158

WARNING G3051: MODIFYING SECONDARY GRID 108549 POSITION ON CONTACT ELEMENT 56463

WARNING G3051: MODIFYING SECONDARY GRID 108603 POSITION ON CONTACT ELEMENT 56574

WARNING G3051: MODIFYING SECONDARY GRID 108500 POSITION ON CONTACT ELEMENT 56563

WARNING G3051: MODIFYING SECONDARY GRID 108505 POSITION ON CONTACT ELEMENT 56412

WARNING G3051: MODIFYING SECONDARY GRID 108561 POSITION ON CONTACT ELEMENT 56565

WARNING G3051: MODIFYING SECONDARY GRID 108564 POSITION ON CONTACT ELEMENT 56576

WARNING G3051: MODIFYING SECONDARY GRID 108628 POSITION ON CONTACT ELEMENT 56158

WARNING G3051: MODIFYING SECONDARY GRID 108610 POSITION ON CONTACT ELEMENT 56183

WARNING G3051: MODIFYING SECONDARY GRID 108636 POSITION ON CONTACT ELEMENT 56577

WARNING G3051: MODIFYING SECONDARY GRID 108650 POSITION ON CONTACT ELEMENT 56478

WARNING G3051: MODIFYING SECONDARY GRID 108563 POSITION ON CONTACT ELEMENT 56531

WARNING G3051: MODIFYING SECONDARY GRID 108551 POSITION ON CONTACT ELEMENT 56164

WARNING G3051: MODIFYING SECONDARY GRID 108552 POSITION ON CONTACT ELEMENT 56185

WARNING G3051: MODIFYING SECONDARY GRID 108565 POSITION ON CONTACT ELEMENT 56426

WARNING G3051: MODIFYING SECONDARY GRID 108643 POSITION ON CONTACT ELEMENT 56555

WARNING G3051: MODIFYING SECONDARY GRID 108550 POSITION ON CONTACT ELEMENT 56265

WARNING G3051: MODIFYING SECONDARY GRID 108668 POSITION ON CONTACT ELEMENT 56280

WARNING G3051: MODIFYING SECONDARY GRID 108553 POSITION ON CONTACT ELEMENT 56456

WARNING G3051: MODIFYING SECONDARY GRID 108554 POSITION ON CONTACT ELEMENT 56512

WARNING G3051: MODIFYING SECONDARY GRID 108567 POSITION ON CONTACT ELEMENT 56519

WARNING G3051: MODIFYING SECONDARY GRID 108568 POSITION ON CONTACT ELEMENT 56519

WARNING G3051: MODIFYING SECONDARY GRID 108534 POSITION ON CONTACT ELEMENT 56395

WARNING G3051: MODIFYING SECONDARY GRID 108512 POSITION ON CONTACT ELEMENT 56594

WARNING G3051: MODIFYING SECONDARY GRID 108649 POSITION ON CONTACT ELEMENT 56594

WARNING G3051: MODIFYING SECONDARY GRID 108604 POSITION ON CONTACT ELEMENT 56584

WARNING G3051: MODIFYING SECONDARY GRID 108521 POSITION ON CONTACT ELEMENT 56566

WARNING G3051: MODIFYING SECONDARY GRID 108602 POSITION ON CONTACT ELEMENT 56532

WARNING G3051: MODIFYING SECONDARY GRID 108535 POSITION ON CONTACT ELEMENT 56583

WARNING G3051: MODIFYING SECONDARY GRID 108528 POSITION ON CONTACT ELEMENT 56581

WARNING G3051: MODIFYING SECONDARY GRID 108627 POSITION ON CONTACT ELEMENT 56589

WARNING G3051: MODIFYING SECONDARY GRID 108638 POSITION ON CONTACT ELEMENT 56581

WARNING G3051: MODIFYING SECONDARY GRID 108502 POSITION ON CONTACT ELEMENT 56577

WARNING G3051: MODIFYING SECONDARY GRID 108647 POSITION ON CONTACT ELEMENT 56574

WARNING G3051: MODIFYING SECONDARY GRID 108671 POSITION ON CONTACT ELEMENT 56570

WARNING G3051: MODIFYING SECONDARY GRID 108504 POSITION ON CONTACT ELEMENT 56479

WARNING G3051: MODIFYING SECONDARY GRID 108526 POSITION ON CONTACT ELEMENT 56574

WARNING G3051: MODIFYING SECONDARY GRID 108522 POSITION ON CONTACT ELEMENT 56584

WARNING G3051: MODIFYING SECONDARY GRID 108625 POSITION ON CONTACT ELEMENT 56544

WARNING G3051: MODIFYING SECONDARY GRID 108624 POSITION ON CONTACT ELEMENT 56587

WARNING G3051: MODIFYING SECONDARY GRID 108629 POSITION ON CONTACT ELEMENT 56412

WARNING G3051: MODIFYING SECONDARY GRID 108637 POSITION ON CONTACT ELEMENT 56569

WARNING G3051: MODIFYING SECONDARY GRID 108539 POSITION ON CONTACT ELEMENT 56576

WARNING G3051: MODIFYING SECONDARY GRID 108530 POSITION ON CONTACT ELEMENT 56586

WARNING G3051: MODIFYING SECONDARY GRID 108536 POSITION ON CONTACT ELEMENT 56462

WARNING G3051: MODIFYING SECONDARY GRID 108630 POSITION ON CONTACT ELEMENT 56535

WARNING G3051: MODIFYING SECONDARY GRID 108524 POSITION ON CONTACT ELEMENT 56587

WARNING G3051: MODIFYING SECONDARY GRID 108644 POSITION ON CONTACT ELEMENT 56582

WARNING G3051: MODIFYING SECONDARY GRID 108612 POSITION ON CONTACT ELEMENT 56590

WARNING G3051: MODIFYING SECONDARY GRID 108635 POSITION ON CONTACT ELEMENT 56522

WARNING G3051: MODIFYING SECONDARY GRID 108608 POSITION ON CONTACT ELEMENT 56335

WARNING G3051: MODIFYING SECONDARY GRID 108626 POSITION ON CONTACT ELEMENT 56544

WARNING G3051: MODIFYING SECONDARY GRID 61779 POSITION ON CONTACT ELEMENT 37850 

WARNING G3051: MODIFYING SECONDARY GRID 63087 POSITION ON CONTACT ELEMENT 37783 

WARNING G3051: MODIFYING SECONDARY GRID 62483 POSITION ON CONTACT ELEMENT 37811 

WARNING G3051: MODIFYING SECONDARY GRID 61457 POSITION ON CONTACT ELEMENT 37850 

WARNING G3051: MODIFYING SECONDARY GRID 63043 POSITION ON CONTACT ELEMENT 37779 

WARNING G3051: MODIFYING SECONDARY GRID 61782 POSITION ON CONTACT ELEMENT 39961 

WARNING G3051: MODIFYING SECONDARY GRID 61163 POSITION ON CONTACT ELEMENT 39961 

WARNING G3051: MODIFYING SECONDARY GRID 63086 POSITION ON CONTACT ELEMENT 39815 

WARNING G3051: MODIFYING SECONDARY GRID 61458 POSITION ON CONTACT ELEMENT 37809 

WARNING G3051: MODIFYING SECONDARY GRID 63044 POSITION ON CONTACT ELEMENT 39961 

WARNING G3051: MODIFYING SECONDARY GRID 62484 POSITION ON CONTACT ELEMENT 37675 

WARNING G3051: MODIFYING SECONDARY GRID 61893 POSITION ON CONTACT ELEMENT 37760 

WARNING G3051: MODIFYING SECONDARY GRID 61894 POSITION ON CONTACT ELEMENT 39972 

WARNING G3051: MODIFYING SECONDARY GRID 46866 POSITION ON CONTACT ELEMENT 30564 

WARNING G3051: MODIFYING SECONDARY GRID 45795 POSITION ON CONTACT ELEMENT 27441 

WARNING G3051: MODIFYING SECONDARY GRID 47068 POSITION ON CONTACT ELEMENT 27393 

WARNING G3051: MODIFYING SECONDARY GRID 45463 POSITION ON CONTACT ELEMENT 27441 

WARNING G3051: MODIFYING SECONDARY GRID 47112 POSITION ON CONTACT ELEMENT 27441 

WARNING G3051: MODIFYING SECONDARY GRID 47111 POSITION ON CONTACT ELEMENT 31458 

WARNING G3051: MODIFYING SECONDARY GRID 45798 POSITION ON CONTACT ELEMENT 31806 

WARNING G3051: MODIFYING SECONDARY GRID 45910 POSITION ON CONTACT ELEMENT 30157 

WARNING G3051: MODIFYING SECONDARY GRID 45909 POSITION ON CONTACT ELEMENT 30564 

WARNING G3051: MODIFYING SECONDARY GRID 47069 POSITION ON CONTACT ELEMENT 31461 

WARNING G3051: MODIFYING SECONDARY GRID 46499 POSITION ON CONTACT ELEMENT 25897 

WARNING G3051: MODIFYING SECONDARY GRID 46500 POSITION ON CONTACT ELEMENT 25897 

WARNING G3051: MODIFYING SECONDARY GRID 45464 POSITION ON CONTACT ELEMENT 31461 

WARNING G3051: MODIFYING SECONDARY GRID 61914 POSITION ON CONTACT ELEMENT 39305 

WARNING G3051: MODIFYING SECONDARY GRID 63083 POSITION ON CONTACT ELEMENT 39197 

WARNING G3051: MODIFYING SECONDARY GRID 61784 POSITION ON CONTACT ELEMENT 40013 

WARNING G3051: MODIFYING SECONDARY GRID 62463 POSITION ON CONTACT ELEMENT 36337 

WARNING G3051: MODIFYING SECONDARY GRID 62833 POSITION ON CONTACT ELEMENT 39305 

WARNING G3051: MODIFYING SECONDARY GRID 63048 POSITION ON CONTACT ELEMENT 40013 

WARNING G3051: MODIFYING SECONDARY GRID 62464 POSITION ON CONTACT ELEMENT 40013 

WARNING G3051: MODIFYING SECONDARY GRID 61781 POSITION ON CONTACT ELEMENT 39935 

WARNING G3051: MODIFYING SECONDARY GRID 63047 POSITION ON CONTACT ELEMENT 39300 

WARNING G3051: MODIFYING SECONDARY GRID 61913 POSITION ON CONTACT ELEMENT 37945 

WARNING G3051: MODIFYING SECONDARY GRID 63082 POSITION ON CONTACT ELEMENT 37967 

WARNING G3051: MODIFYING SECONDARY GRID 45930 POSITION ON CONTACT ELEMENT 25846 

WARNING G3051: MODIFYING SECONDARY GRID 46479 POSITION ON CONTACT ELEMENT 31516 

WARNING G3051: MODIFYING SECONDARY GRID 45797 POSITION ON CONTACT ELEMENT 31123 

WARNING G3051: MODIFYING SECONDARY GRID 45177 POSITION ON CONTACT ELEMENT 31460 

WARNING G3051: MODIFYING SECONDARY GRID 45178 POSITION ON CONTACT ELEMENT 31349 

WARNING G3051: MODIFYING SECONDARY GRID 46849 POSITION ON CONTACT ELEMENT 31450 

WARNING G3051: MODIFYING SECONDARY GRID 47072 POSITION ON CONTACT ELEMENT 31460 

WARNING G3051: MODIFYING SECONDARY GRID 47107 POSITION ON CONTACT ELEMENT 31349 

WARNING G3051: MODIFYING SECONDARY GRID 47073 POSITION ON CONTACT ELEMENT 30925 

WARNING G3051: MODIFYING SECONDARY GRID 47108 POSITION ON CONTACT ELEMENT 31123 

WARNING G3051: MODIFYING SECONDARY GRID 46480 POSITION ON CONTACT ELEMENT 31516 

WARNING G3051: MODIFYING SECONDARY GRID 45929 POSITION ON CONTACT ELEMENT 31349 

WARNING G3051: MODIFYING SECONDARY GRID 45800 POSITION ON CONTACT ELEMENT 31943 

WARNING G3051: MODIFYING SECONDARY GRID 62470 POSITION ON CONTACT ELEMENT 39004 

WARNING G3051: MODIFYING SECONDARY GRID 62469 POSITION ON CONTACT ELEMENT 37748 

WARNING G3051: MODIFYING SECONDARY GRID 62948 POSITION ON CONTACT ELEMENT 39823 

WARNING G3051: MODIFYING SECONDARY GRID 61898 POSITION ON CONTACT ELEMENT 39823 

WARNING G3051: MODIFYING SECONDARY GRID 61490 POSITION ON CONTACT ELEMENT 39883 

WARNING G3051: MODIFYING SECONDARY GRID 61896 POSITION ON CONTACT ELEMENT 38984 

WARNING G3051: MODIFYING SECONDARY GRID 61783 POSITION ON CONTACT ELEMENT 39883 

WARNING G3051: MODIFYING SECONDARY GRID 61897 POSITION ON CONTACT ELEMENT 40022 

WARNING G3051: MODIFYING SECONDARY GRID 62468 POSITION ON CONTACT ELEMENT 39839 

WARNING G3051: MODIFYING SECONDARY GRID 63045 POSITION ON CONTACT ELEMENT 37743 

WARNING G3051: MODIFYING SECONDARY GRID 63085 POSITION ON CONTACT ELEMENT 37694 

WARNING G3051: MODIFYING SECONDARY GRID 61491 POSITION ON CONTACT ELEMENT 39814 

WARNING G3051: MODIFYING SECONDARY GRID 61780 POSITION ON CONTACT ELEMENT 39814 

WARNING G3051: MODIFYING SECONDARY GRID 63084 POSITION ON CONTACT ELEMENT 38138 

WARNING G3051: MODIFYING SECONDARY GRID 62748 POSITION ON CONTACT ELEMENT 39839 

WARNING G3051: MODIFYING SECONDARY GRID 61899 POSITION ON CONTACT ELEMENT 38445 

WARNING G3051: MODIFYING SECONDARY GRID 62467 POSITION ON CONTACT ELEMENT 38341 

WARNING G3051: MODIFYING SECONDARY GRID 63046 POSITION ON CONTACT ELEMENT 38341 

WARNING G3051: MODIFYING SECONDARY GRID 62949 POSITION ON CONTACT ELEMENT 39836 

WARNING G3051: MODIFYING SECONDARY GRID 62749 POSITION ON CONTACT ELEMENT 39004 

WARNING G3051: MODIFYING SECONDARY GRID 62992 POSITION ON CONTACT ELEMENT 39839 

WARNING G3051: MODIFYING SECONDARY GRID 46484 POSITION ON CONTACT ELEMENT 28136 

WARNING G3051: MODIFYING SECONDARY GRID 47012 POSITION ON CONTACT ELEMENT 31215 

WARNING G3051: MODIFYING SECONDARY GRID 46966 POSITION ON CONTACT ELEMENT 26081 

WARNING G3051: MODIFYING SECONDARY GRID 45914 POSITION ON CONTACT ELEMENT 31620 

WARNING G3051: MODIFYING SECONDARY GRID 46967 POSITION ON CONTACT ELEMENT 27011 

WARNING G3051: MODIFYING SECONDARY GRID 45796 POSITION ON CONTACT ELEMENT 31536 

WARNING G3051: MODIFYING SECONDARY GRID 45915 POSITION ON CONTACT ELEMENT 31620 

WARNING G3051: MODIFYING SECONDARY GRID 47109 POSITION ON CONTACT ELEMENT 31536 

WARNING G3051: MODIFYING SECONDARY GRID 45913 POSITION ON CONTACT ELEMENT 28544 

WARNING G3051: MODIFYING SECONDARY GRID 46485 POSITION ON CONTACT ELEMENT 26060 

WARNING G3051: MODIFYING SECONDARY GRID 45500 POSITION ON CONTACT ELEMENT 31424 

WARNING G3051: MODIFYING SECONDARY GRID 45799 POSITION ON CONTACT ELEMENT 31419 

WARNING G3051: MODIFYING SECONDARY GRID 46486 POSITION ON CONTACT ELEMENT 31424 

WARNING G3051: MODIFYING SECONDARY GRID 46765 POSITION ON CONTACT ELEMENT 31620 

WARNING G3051: MODIFYING SECONDARY GRID 47070 POSITION ON CONTACT ELEMENT 31424 

WARNING G3051: MODIFYING SECONDARY GRID 45912 POSITION ON CONTACT ELEMENT 31580 

WARNING G3051: MODIFYING SECONDARY GRID 46764 POSITION ON CONTACT ELEMENT 30952 

WARNING G3051: MODIFYING SECONDARY GRID 47071 POSITION ON CONTACT ELEMENT 25907 

WARNING G3051: MODIFYING SECONDARY GRID 46483 POSITION ON CONTACT ELEMENT 31265 

WARNING G3051: MODIFYING SECONDARY GRID 47110 POSITION ON CONTACT ELEMENT 26149 

WARNING G3051: MODIFYING SECONDARY GRID 45501 POSITION ON CONTACT ELEMENT 31536 

WARNING G3051: MODIFYING SECONDARY GRID 61900 POSITION ON CONTACT ELEMENT 39097 

WARNING G3051: MODIFYING SECONDARY GRID 61178 POSITION ON CONTACT ELEMENT 39814 

WARNING G3051: MODIFYING SECONDARY GRID 62465 POSITION ON CONTACT ELEMENT 39814 

WARNING G3051: MODIFYING SECONDARY GRID 45585 POSITION ON CONTACT ELEMENT 29509 

WARNING G3051: MODIFYING SECONDARY GRID 45916 POSITION ON CONTACT ELEMENT 31536 

WARNING G3051: MODIFYING SECONDARY GRID 46481 POSITION ON CONTACT ELEMENT 26139 

WARNING G3051: MODIFYING SECONDARY GRID 15934 POSITION ON CONTACT ELEMENT 15083 

WARNING G3051: MODIFYING SECONDARY GRID 15132 POSITION ON CONTACT ELEMENT 15090 

WARNING G3051: MODIFYING SECONDARY GRID 15938 POSITION ON CONTACT ELEMENT 15029 

WARNING G3051: MODIFYING SECONDARY GRID 16707 POSITION ON CONTACT ELEMENT 13777 

WARNING G3051: MODIFYING SECONDARY GRID 14944 POSITION ON CONTACT ELEMENT 15090 

WARNING G3051: MODIFYING SECONDARY GRID 16704 POSITION ON CONTACT ELEMENT 13779 

WARNING G3051: MODIFYING SECONDARY GRID 16509 POSITION ON CONTACT ELEMENT 14302 

WARNING G3051: MODIFYING SECONDARY GRID 14916 POSITION ON CONTACT ELEMENT 15029 

WARNING G3051: MODIFYING SECONDARY GRID 15134 POSITION ON CONTACT ELEMENT 15083 

WARNING G3051: MODIFYING SECONDARY GRID 15935 POSITION ON CONTACT ELEMENT 15083 

WARNING G3051: MODIFYING SECONDARY GRID 15941 POSITION ON CONTACT ELEMENT 14504 

WARNING G3051: MODIFYING SECONDARY GRID 14897 POSITION ON CONTACT ELEMENT 14723 

WARNING G3051: MODIFYING SECONDARY GRID 16300 POSITION ON CONTACT ELEMENT 14723 

WARNING G3051: MODIFYING SECONDARY GRID 16690 POSITION ON CONTACT ELEMENT 14725 

WARNING G3051: MODIFYING SECONDARY GRID 15133 POSITION ON CONTACT ELEMENT 14753 

WARNING G3051: MODIFYING SECONDARY GRID 16302 POSITION ON CONTACT ELEMENT 15040 

WARNING G3051: MODIFYING SECONDARY GRID 16689 POSITION ON CONTACT ELEMENT 14570 

WARNING G3051: MODIFYING SECONDARY GRID 16303 POSITION ON CONTACT ELEMENT 14725 

WARNING G3051: MODIFYING SECONDARY GRID 16301 POSITION ON CONTACT ELEMENT 12894 

WARNING G3051: MODIFYING SECONDARY GRID 16508 POSITION ON CONTACT ELEMENT 14723 

WARNING G3051: MODIFYING SECONDARY GRID 43076 POSITION ON CONTACT ELEMENT 23383 

WARNING G3051: MODIFYING SECONDARY GRID 43212 POSITION ON CONTACT ELEMENT 23658 

WARNING G3051: MODIFYING SECONDARY GRID 43077 POSITION ON CONTACT ELEMENT 23798 

WARNING G3051: MODIFYING SECONDARY GRID 42989 POSITION ON CONTACT ELEMENT 23140 

WARNING G3051: MODIFYING SECONDARY GRID 43037 POSITION ON CONTACT ELEMENT 23760 

WARNING G3051: MODIFYING SECONDARY GRID 43141 POSITION ON CONTACT ELEMENT 23784 

WARNING G3051: MODIFYING SECONDARY GRID 108495 POSITION ON CONTACT ELEMENT 56533

WARNING G3051: MODIFYING SECONDARY GRID 108585 POSITION ON CONTACT ELEMENT 56533

WARNING G3051: MODIFYING SECONDARY GRID 108591 POSITION ON CONTACT ELEMENT 56589

WARNING G3051: MODIFYING SECONDARY GRID 43078 POSITION ON CONTACT ELEMENT 23667 

WARNING G3051: MODIFYING SECONDARY GRID 43203 POSITION ON CONTACT ELEMENT 23706 

WARNING G3051: MODIFYING SECONDARY GRID 43043 POSITION ON CONTACT ELEMENT 23358 

WARNING G3051: MODIFYING SECONDARY GRID 94269 POSITION ON CONTACT ELEMENT 56035 

WARNING G3051: MODIFYING SECONDARY GRID 94272 POSITION ON CONTACT ELEMENT 52167 

WARNING G3051: MODIFYING SECONDARY GRID 93660 POSITION ON CONTACT ELEMENT 55711 

WARNING G3051: MODIFYING SECONDARY GRID 94264 POSITION ON CONTACT ELEMENT 55538 

WARNING G3051: MODIFYING SECONDARY GRID 94265 POSITION ON CONTACT ELEMENT 54396 

WARNING G3051: MODIFYING SECONDARY GRID 92886 POSITION ON CONTACT ELEMENT 54277 

WARNING G3051: MODIFYING SECONDARY GRID 94680 POSITION ON CONTACT ELEMENT 54500 

WARNING G3051: MODIFYING SECONDARY GRID 94634 POSITION ON CONTACT ELEMENT 55904 

WARNING G3051: MODIFYING SECONDARY GRID 93800 POSITION ON CONTACT ELEMENT 54164 

WARNING G3051: MODIFYING SECONDARY GRID 93818 POSITION ON CONTACT ELEMENT 51007 

WARNING G3051: MODIFYING SECONDARY GRID 93133 POSITION ON CONTACT ELEMENT 56101 

WARNING G3051: MODIFYING SECONDARY GRID 93323 POSITION ON CONTACT ELEMENT 54396 

WARNING G3051: MODIFYING SECONDARY GRID 93075 POSITION ON CONTACT ELEMENT 55944 

WARNING G3051: MODIFYING SECONDARY GRID 93799 POSITION ON CONTACT ELEMENT 55627 

WARNING G3051: MODIFYING SECONDARY GRID 93249 POSITION ON CONTACT ELEMENT 55904 

WARNING G3051: MODIFYING SECONDARY GRID 94633 POSITION ON CONTACT ELEMENT 55132 

WARNING G3051: MODIFYING SECONDARY GRID 93815 POSITION ON CONTACT ELEMENT 55132 

WARNING G3051: MODIFYING SECONDARY GRID 94428 POSITION ON CONTACT ELEMENT 55944 

WARNING G3051: MODIFYING SECONDARY GRID 94679 POSITION ON CONTACT ELEMENT 50577 

WARNING G3051: MODIFYING SECONDARY GRID 93801 POSITION ON CONTACT ELEMENT 54017 

WARNING G3051: MODIFYING SECONDARY GRID 93359 POSITION ON CONTACT ELEMENT 55542 

WARNING G3051: MODIFYING SECONDARY GRID 93162 POSITION ON CONTACT ELEMENT 55691 

WARNING G3051: MODIFYING SECONDARY GRID 92922 POSITION ON CONTACT ELEMENT 54736 

WARNING G3051: MODIFYING SECONDARY GRID 93661 POSITION ON CONTACT ELEMENT 54109 

WARNING G3051: MODIFYING SECONDARY GRID 94637 POSITION ON CONTACT ELEMENT 56035 

WARNING G3051: MODIFYING SECONDARY GRID 94422 POSITION ON CONTACT ELEMENT 56035 

WARNING G3051: MODIFYING SECONDARY GRID 92990 POSITION ON CONTACT ELEMENT 55767 

WARNING G3051: MODIFYING SECONDARY GRID 93280 POSITION ON CONTACT ELEMENT 55965 

WARNING G3051: MODIFYING SECONDARY GRID 93819 POSITION ON CONTACT ELEMENT 52281 

WARNING G3051: MODIFYING SECONDARY GRID 93662 POSITION ON CONTACT ELEMENT 50565 

WARNING G3051: MODIFYING SECONDARY GRID 93814 POSITION ON CONTACT ELEMENT 55944 

WARNING G3051: MODIFYING SECONDARY GRID 94638 POSITION ON CONTACT ELEMENT 50573 

WARNING G3051: MODIFYING SECONDARY GRID 77192 POSITION ON CONTACT ELEMENT 47971 

WARNING G3051: MODIFYING SECONDARY GRID 78513 POSITION ON CONTACT ELEMENT 47971 

WARNING G3051: MODIFYING SECONDARY GRID 77140 POSITION ON CONTACT ELEMENT 47989 

WARNING G3051: MODIFYING SECONDARY GRID 78665 POSITION ON CONTACT ELEMENT 47989 

WARNING G3051: MODIFYING SECONDARY GRID 77526 POSITION ON CONTACT ELEMENT 47965 

WARNING G3051: MODIFYING SECONDARY GRID 77523 POSITION ON CONTACT ELEMENT 47943 

WARNING G3051: MODIFYING SECONDARY GRID 78881 POSITION ON CONTACT ELEMENT 48014 

WARNING G3051: MODIFYING SECONDARY GRID 77162 POSITION ON CONTACT ELEMENT 48010 

WARNING G3051: MODIFYING SECONDARY GRID 78677 POSITION ON CONTACT ELEMENT 47876 

WARNING G3051: MODIFYING SECONDARY GRID 78062 POSITION ON CONTACT ELEMENT 47876 

WARNING G3051: MODIFYING SECONDARY GRID 78885 POSITION ON CONTACT ELEMENT 47912 

WARNING G3051: MODIFYING SECONDARY GRID 77492 POSITION ON CONTACT ELEMENT 48014 

WARNING G3051: MODIFYING SECONDARY GRID 77909 POSITION ON CONTACT ELEMENT 45564 

WARNING G3051: MODIFYING SECONDARY GRID 78520 POSITION ON CONTACT ELEMENT 48014 

WARNING G3051: MODIFYING SECONDARY GRID 78926 POSITION ON CONTACT ELEMENT 47999 

WARNING G3051: MODIFYING SECONDARY GRID 78884 POSITION ON CONTACT ELEMENT 47293 

WARNING G3051: MODIFYING SECONDARY GRID 78047 POSITION ON CONTACT ELEMENT 47965 

WARNING G3051: MODIFYING SECONDARY GRID 77910 POSITION ON CONTACT ELEMENT 45225 

WARNING G3051: MODIFYING SECONDARY GRID 77908 POSITION ON CONTACT ELEMENT 47630 

WARNING G3051: MODIFYING SECONDARY GRID 78066 POSITION ON CONTACT ELEMENT 46600 

WARNING G3051: MODIFYING SECONDARY GRID 78049 POSITION ON CONTACT ELEMENT 46575 

WARNING G3051: MODIFYING SECONDARY GRID 78067 POSITION ON CONTACT ELEMENT 47334 

WARNING G3051: MODIFYING SECONDARY GRID 78048 POSITION ON CONTACT ELEMENT 47416 

WARNING G3051: MODIFYING SECONDARY GRID 77324 POSITION ON CONTACT ELEMENT 47876 

WARNING G3051: MODIFYING SECONDARY GRID 78063 POSITION ON CONTACT ELEMENT 47495 

WARNING G3051: MODIFYING SECONDARY GRID 77605 POSITION ON CONTACT ELEMENT 47960 

WARNING G3051: MODIFYING SECONDARY GRID 77408 POSITION ON CONTACT ELEMENT 47591 

WARNING G3051: MODIFYING SECONDARY GRID 78517 POSITION ON CONTACT ELEMENT 47912 

WARNING G3051: MODIFYING SECONDARY GRID 78880 POSITION ON CONTACT ELEMENT 47431 

WARNING G3051: MODIFYING SECONDARY GRID 78927 POSITION ON CONTACT ELEMENT 44949 

WARNING G3051: MODIFYING SECONDARY GRID 78512 POSITION ON CONTACT ELEMENT 47971 

WARNING G3051: MODIFYING SECONDARY GRID 78673 POSITION ON CONTACT ELEMENT 47912 

WARNING G3051: MODIFYING SECONDARY GRID 77238 POSITION ON CONTACT ELEMENT 48031 

WARNING G3051: MODIFYING SECONDARY GRID 77102 POSITION ON CONTACT ELEMENT 47407 

WARNING G3051: MODIFYING SECONDARY GRID 46860 POSITION ON CONTACT ELEMENT 31472 

WARNING G3051: MODIFYING SECONDARY GRID 46682 POSITION ON CONTACT ELEMENT 30854 

WARNING G3051: MODIFYING SECONDARY GRID 45113 POSITION ON CONTACT ELEMENT 31854 

WARNING G3051: MODIFYING SECONDARY GRID 46669 POSITION ON CONTACT ELEMENT 31019 

WARNING G3051: MODIFYING SECONDARY GRID 46668 POSITION ON CONTACT ELEMENT 31054 

WARNING G3051: MODIFYING SECONDARY GRID 45699 POSITION ON CONTACT ELEMENT 31928 

WARNING G3051: MODIFYING SECONDARY GRID 45683 POSITION ON CONTACT ELEMENT 31789 

WARNING G3051: MODIFYING SECONDARY GRID 45758 POSITION ON CONTACT ELEMENT 31722 

WARNING G3051: MODIFYING SECONDARY GRID 45419 POSITION ON CONTACT ELEMENT 31755 

WARNING G3051: MODIFYING SECONDARY GRID 46430 POSITION ON CONTACT ELEMENT 31032 

WARNING G3051: MODIFYING SECONDARY GRID 45465 POSITION ON CONTACT ELEMENT 31161 

WARNING G3051: MODIFYING SECONDARY GRID 45311 POSITION ON CONTACT ELEMENT 31472 

WARNING G3051: MODIFYING SECONDARY GRID 45757 POSITION ON CONTACT ELEMENT 31929 

WARNING G3051: MODIFYING SECONDARY GRID 46428 POSITION ON CONTACT ELEMENT 30853 

WARNING G3051: MODIFYING SECONDARY GRID 46427 POSITION ON CONTACT ELEMENT 30847 

WARNING G3051: MODIFYING SECONDARY GRID 45138 POSITION ON CONTACT ELEMENT 31789 

WARNING G3051: MODIFYING SECONDARY GRID 46538 POSITION ON CONTACT ELEMENT 31570 

WARNING G3051: MODIFYING SECONDARY GRID 45476 POSITION ON CONTACT ELEMENT 31570 

WARNING G3051: MODIFYING SECONDARY GRID 46537 POSITION ON CONTACT ELEMENT 31570 

WARNING G3051: MODIFYING SECONDARY GRID 46429 POSITION ON CONTACT ELEMENT 31581 

WARNING G3051: MODIFYING SECONDARY GRID 46844 POSITION ON CONTACT ELEMENT 31791 

WARNING G3051: MODIFYING SECONDARY GRID 46540 POSITION ON CONTACT ELEMENT 31800 

WARNING G3051: MODIFYING SECONDARY GRID 45681 POSITION ON CONTACT ELEMENT 31309 

WARNING G3051: MODIFYING SECONDARY GRID 45779 POSITION ON CONTACT ELEMENT 31755 

WARNING G3051: MODIFYING SECONDARY GRID 45793 POSITION ON CONTACT ELEMENT 31760 

WARNING G3051: MODIFYING SECONDARY GRID 46855 POSITION ON CONTACT ELEMENT 31867 

WARNING G3051: MODIFYING SECONDARY GRID 46539 POSITION ON CONTACT ELEMENT 31061 

WARNING G3051: MODIFYING SECONDARY GRID 63036 POSITION ON CONTACT ELEMENT 39458 

WARNING G3051: MODIFYING SECONDARY GRID 62677 POSITION ON CONTACT ELEMENT 39395 

WARNING G3051: MODIFYING SECONDARY GRID 61231 POSITION ON CONTACT ELEMENT 39923 

WARNING G3051: MODIFYING SECONDARY GRID 62672 POSITION ON CONTACT ELEMENT 39520 

WARNING G3051: MODIFYING SECONDARY GRID 63041 POSITION ON CONTACT ELEMENT 37607 

WARNING G3051: MODIFYING SECONDARY GRID 62524 POSITION ON CONTACT ELEMENT 39965 

WARNING G3051: MODIFYING SECONDARY GRID 62652 POSITION ON CONTACT ELEMENT 34308 

WARNING G3051: MODIFYING SECONDARY GRID 62521 POSITION ON CONTACT ELEMENT 33663 

WARNING G3051: MODIFYING SECONDARY GRID 63042 POSITION ON CONTACT ELEMENT 33547 

WARNING G3051: MODIFYING SECONDARY GRID 62669 POSITION ON CONTACT ELEMENT 38157 

WARNING G3051: MODIFYING SECONDARY GRID 61669 POSITION ON CONTACT ELEMENT 39399 

WARNING G3051: MODIFYING SECONDARY GRID 62668 POSITION ON CONTACT ELEMENT 39923 

WARNING G3051: MODIFYING SECONDARY GRID 62653 POSITION ON CONTACT ELEMENT 37573 

WARNING G3051: MODIFYING SECONDARY GRID 63040 POSITION ON CONTACT ELEMENT 34313 

WARNING G3051: MODIFYING SECONDARY GRID 62413 POSITION ON CONTACT ELEMENT 39603 

WARNING G3051: MODIFYING SECONDARY GRID 61101 POSITION ON CONTACT ELEMENT 39395 

WARNING G3051: MODIFYING SECONDARY GRID 62845 POSITION ON CONTACT ELEMENT 39580 

WARNING G3051: MODIFYING SECONDARY GRID 61776 POSITION ON CONTACT ELEMENT 36340 

WARNING G3051: MODIFYING SECONDARY GRID 62828 POSITION ON CONTACT ELEMENT 39376 

WARNING G3051: MODIFYING SECONDARY GRID 62841 POSITION ON CONTACT ELEMENT 39642 

WARNING G3051: MODIFYING SECONDARY GRID 61687 POSITION ON CONTACT ELEMENT 39965 

WARNING G3051: MODIFYING SECONDARY GRID 62412 POSITION ON CONTACT ELEMENT 39795 

WARNING G3051: MODIFYING SECONDARY GRID 61741 POSITION ON CONTACT ELEMENT 39915 

WARNING G3051: MODIFYING SECONDARY GRID 62935 POSITION ON CONTACT ELEMENT 39603 

WARNING G3051: MODIFYING SECONDARY GRID 62411 POSITION ON CONTACT ELEMENT 39795 

WARNING G3051: MODIFYING SECONDARY GRID 61459 POSITION ON CONTACT ELEMENT 38944 

WARNING G3051: MODIFYING SECONDARY GRID 62667 POSITION ON CONTACT ELEMENT 35715 

WARNING G3051: MODIFYING SECONDARY GRID 61742 POSITION ON CONTACT ELEMENT 39136 

WARNING G3051: MODIFYING SECONDARY GRID 61761 POSITION ON CONTACT ELEMENT 39580 

WARNING G3051: MODIFYING SECONDARY GRID 62666 POSITION ON CONTACT ELEMENT 33711 

WARNING G3051: MODIFYING SECONDARY GRID 61465 POSITION ON CONTACT ELEMENT 39425 

WARNING G3051: MODIFYING SECONDARY GRID 62522 POSITION ON CONTACT ELEMENT 33663 

WARNING G3051: MODIFYING SECONDARY GRID 62523 POSITION ON CONTACT ELEMENT 33675 

WARNING G3051: MODIFYING SECONDARY GRID 61415 POSITION ON CONTACT ELEMENT 39458 

WARNING G3051: MODIFYING SECONDARY GRID 63049 POSITION ON CONTACT ELEMENT 34275 

WARNING G3051: MODIFYING SECONDARY GRID 62414 POSITION ON CONTACT ELEMENT 34249 

WARNING G3051: MODIFYING SECONDARY GRID 63037 POSITION ON CONTACT ELEMENT 34269 

WARNING G3051: MODIFYING SECONDARY GRID 136304 POSITION ON CONTACT ELEMENT 83414

WARNING G3051: MODIFYING SECONDARY GRID 137681 POSITION ON CONTACT ELEMENT 83414

WARNING G3051: MODIFYING SECONDARY GRID 139509 POSITION ON CONTACT ELEMENT 82652

WARNING G3051: MODIFYING SECONDARY GRID 139507 POSITION ON CONTACT ELEMENT 80993

WARNING G3051: MODIFYING SECONDARY GRID 137903 POSITION ON CONTACT ELEMENT 81331

WARNING G3051: MODIFYING SECONDARY GRID 113798 POSITION ON CONTACT ELEMENT 68302

WARNING G3051: MODIFYING SECONDARY GRID 113795 POSITION ON CONTACT ELEMENT 69908

WARNING G3051: MODIFYING SECONDARY GRID 112186 POSITION ON CONTACT ELEMENT 62797

WARNING G3051: MODIFYING SECONDARY GRID 110926 POSITION ON CONTACT ELEMENT 69732

WARNING G3051: MODIFYING SECONDARY GRID 111511 POSITION ON CONTACT ELEMENT 70166

WARNING G3051: MODIFYING SECONDARY GRID 111754 POSITION ON CONTACT ELEMENT 70116

WARNING G3051: MODIFYING SECONDARY GRID 111074 POSITION ON CONTACT ELEMENT 69173

WARNING G3051: MODIFYING SECONDARY GRID 113170 POSITION ON CONTACT ELEMENT 69760

WARNING G3051: MODIFYING SECONDARY GRID 111033 POSITION ON CONTACT ELEMENT 69896

WARNING G3051: MODIFYING SECONDARY GRID 110892 POSITION ON CONTACT ELEMENT 70188

WARNING G3051: MODIFYING SECONDARY GRID 111959 POSITION ON CONTACT ELEMENT 69024

WARNING G3051: MODIFYING SECONDARY GRID 112499 POSITION ON CONTACT ELEMENT 66426

WARNING G3051: MODIFYING SECONDARY GRID 112497 POSITION ON CONTACT ELEMENT 66277

WARNING G3051: MODIFYING SECONDARY GRID 111960 POSITION ON CONTACT ELEMENT 69007

WARNING G3051: MODIFYING SECONDARY GRID 111760 POSITION ON CONTACT ELEMENT 70298

WARNING G3051: MODIFYING SECONDARY GRID 110968 POSITION ON CONTACT ELEMENT 69797

WARNING G3051: MODIFYING SECONDARY GRID 111961 POSITION ON CONTACT ELEMENT 69007

WARNING G3051: MODIFYING SECONDARY GRID 111759 POSITION ON CONTACT ELEMENT 68776

WARNING G3051: MODIFYING SECONDARY GRID 113255 POSITION ON CONTACT ELEMENT 70298

WARNING G3051: MODIFYING SECONDARY GRID 111512 POSITION ON CONTACT ELEMENT 69732

WARNING G3051: MODIFYING SECONDARY GRID 112498 POSITION ON CONTACT ELEMENT 69732

WARNING G3051: MODIFYING SECONDARY GRID 113520 POSITION ON CONTACT ELEMENT 69403

WARNING G3051: MODIFYING SECONDARY GRID 113171 POSITION ON CONTACT ELEMENT 69717

WARNING G3051: MODIFYING SECONDARY GRID 110983 POSITION ON CONTACT ELEMENT 68606

WARNING G3051: MODIFYING SECONDARY GRID 111374 POSITION ON CONTACT ELEMENT 69797

WARNING G3051: MODIFYING SECONDARY GRID 111375 POSITION ON CONTACT ELEMENT 69797

WARNING G3051: MODIFYING SECONDARY GRID 111867 POSITION ON CONTACT ELEMENT 66216

WARNING G3051: MODIFYING SECONDARY GRID 137676 POSITION ON CONTACT ELEMENT 83282

WARNING G3051: MODIFYING SECONDARY GRID 138967 POSITION ON CONTACT ELEMENT 83282

WARNING G3051: MODIFYING SECONDARY GRID 137584 POSITION ON CONTACT ELEMENT 79384

WARNING G3051: MODIFYING SECONDARY GRID 137475 POSITION ON CONTACT ELEMENT 83282

WARNING G3051: MODIFYING SECONDARY GRID 137675 POSITION ON CONTACT ELEMENT 78570

WARNING G3051: MODIFYING SECONDARY GRID 137585 POSITION ON CONTACT ELEMENT 82361

WARNING G3051: MODIFYING SECONDARY GRID 136619 POSITION ON CONTACT ELEMENT 82361

WARNING G3051: MODIFYING SECONDARY GRID 137476 POSITION ON CONTACT ELEMENT 83552

WARNING G3051: MODIFYING SECONDARY GRID 137097 POSITION ON CONTACT ELEMENT 83266

WARNING G3051: MODIFYING SECONDARY GRID 136696 POSITION ON CONTACT ELEMENT 81959

WARNING G3051: MODIFYING SECONDARY GRID 138881 POSITION ON CONTACT ELEMENT 82022

WARNING G3051: MODIFYING SECONDARY GRID 139228 POSITION ON CONTACT ELEMENT 82791

WARNING G3051: MODIFYING SECONDARY GRID 137677 POSITION ON CONTACT ELEMENT 80292

WARNING G3051: MODIFYING SECONDARY GRID 138213 POSITION ON CONTACT ELEMENT 83220

WARNING G3051: MODIFYING SECONDARY GRID 136723 POSITION ON CONTACT ELEMENT 80689

WARNING G3051: MODIFYING SECONDARY GRID 137442 POSITION ON CONTACT ELEMENT 82208

WARNING G3051: MODIFYING SECONDARY GRID 137227 POSITION ON CONTACT ELEMENT 83220

WARNING G3051: MODIFYING SECONDARY GRID 137583 POSITION ON CONTACT ELEMENT 81959

WARNING G3051: MODIFYING SECONDARY GRID 137225 POSITION ON CONTACT ELEMENT 82733

WARNING G3051: MODIFYING SECONDARY GRID 139026 POSITION ON CONTACT ELEMENT 73258

WARNING G3051: MODIFYING SECONDARY GRID 136697 POSITION ON CONTACT ELEMENT 82498

WARNING G3051: MODIFYING SECONDARY GRID 139260 POSITION ON CONTACT ELEMENT 81596

WARNING G3051: MODIFYING SECONDARY GRID 138880 POSITION ON CONTACT ELEMENT 82733

WARNING G3051: MODIFYING SECONDARY GRID 136758 POSITION ON CONTACT ELEMENT 82821

WARNING G3051: MODIFYING SECONDARY GRID 137226 POSITION ON CONTACT ELEMENT 82084

WARNING G3051: MODIFYING SECONDARY GRID 136652 POSITION ON CONTACT ELEMENT 82992

WARNING G3051: MODIFYING SECONDARY GRID 137096 POSITION ON CONTACT ELEMENT 82498

WARNING G3051: MODIFYING SECONDARY GRID 138214 POSITION ON CONTACT ELEMENT 83220

WARNING G3051: MODIFYING SECONDARY GRID 137696 POSITION ON CONTACT ELEMENT 77422

WARNING G3051: MODIFYING SECONDARY GRID 137695 POSITION ON CONTACT ELEMENT 78634

WARNING G3051: MODIFYING SECONDARY GRID 139489 POSITION ON CONTACT ELEMENT 77422

WARNING G3051: MODIFYING SECONDARY GRID 137805 POSITION ON CONTACT ELEMENT 77422

WARNING G3051: MODIFYING SECONDARY GRID 136546 POSITION ON CONTACT ELEMENT 80499

WARNING G3051: MODIFYING SECONDARY GRID 137703 POSITION ON CONTACT ELEMENT 79286

WARNING G3051: MODIFYING SECONDARY GRID 139496 POSITION ON CONTACT ELEMENT 82517

WARNING G3051: MODIFYING SECONDARY GRID 139490 POSITION ON CONTACT ELEMENT 83423

WARNING G3051: MODIFYING SECONDARY GRID 112089 POSITION ON CONTACT ELEMENT 67486

WARNING G3051: MODIFYING SECONDARY GRID 113776 POSITION ON CONTACT ELEMENT 70275

WARNING G3051: MODIFYING SECONDARY GRID 111980 POSITION ON CONTACT ELEMENT 67675

WARNING G3051: MODIFYING SECONDARY GRID 113775 POSITION ON CONTACT ELEMENT 67458

WARNING G3051: MODIFYING SECONDARY GRID 111987 POSITION ON CONTACT ELEMENT 69858

WARNING G3051: MODIFYING SECONDARY GRID 110823 POSITION ON CONTACT ELEMENT 67684

WARNING G3051: MODIFYING SECONDARY GRID 113782 POSITION ON CONTACT ELEMENT 70280

WARNING G3051: MODIFYING SECONDARY GRID 111979 POSITION ON CONTACT ELEMENT 67684

WARNING G3051: MODIFYING SECONDARY GRID 137699 POSITION ON CONTACT ELEMENT 82753

WARNING G3051: MODIFYING SECONDARY GRID 137918 POSITION ON CONTACT ELEMENT 82400

WARNING G3051: MODIFYING SECONDARY GRID 111983 POSITION ON CONTACT ELEMENT 69858

WARNING G3051: MODIFYING SECONDARY GRID 137910 POSITION ON CONTACT ELEMENT 83472

WARNING G3051: MODIFYING SECONDARY GRID 138691 POSITION ON CONTACT ELEMENT 83558

WARNING G3051: MODIFYING SECONDARY GRID 137911 POSITION ON CONTACT ELEMENT 83023

WARNING G3051: MODIFYING SECONDARY GRID 138682 POSITION ON CONTACT ELEMENT 82832

WARNING G3051: MODIFYING SECONDARY GRID 137915 POSITION ON CONTACT ELEMENT 81839

WARNING G3051: MODIFYING SECONDARY GRID 136313 POSITION ON CONTACT ELEMENT 83558

WARNING G3051: MODIFYING SECONDARY GRID 138685 POSITION ON CONTACT ELEMENT 83349

WARNING G3051: MODIFYING SECONDARY GRID 139520 POSITION ON CONTACT ELEMENT 80316

WARNING G3051: MODIFYING SECONDARY GRID 137914 POSITION ON CONTACT ELEMENT 81839

WARNING G3051: MODIFYING SECONDARY GRID 138692 POSITION ON CONTACT ELEMENT 83349

WARNING G3051: MODIFYING SECONDARY GRID 137913 POSITION ON CONTACT ELEMENT 81127

WARNING G3051: MODIFYING SECONDARY GRID 137912 POSITION ON CONTACT ELEMENT 83023

WARNING G3051: MODIFYING SECONDARY GRID 137906 POSITION ON CONTACT ELEMENT 83243

WARNING G3051: MODIFYING SECONDARY GRID 137471 POSITION ON CONTACT ELEMENT 83642

WARNING G3051: MODIFYING SECONDARY GRID 139493 POSITION ON CONTACT ELEMENT 81295

WARNING G3051: MODIFYING SECONDARY GRID 136396 POSITION ON CONTACT ELEMENT 83457

WARNING G3051: MODIFYING SECONDARY GRID 138678 POSITION ON CONTACT ELEMENT 83243

WARNING G3051: MODIFYING SECONDARY GRID 138948 POSITION ON CONTACT ELEMENT 83513

WARNING G3051: MODIFYING SECONDARY GRID 137423 POSITION ON CONTACT ELEMENT 82537

WARNING G3051: MODIFYING SECONDARY GRID 136429 POSITION ON CONTACT ELEMENT 83257

WARNING G3051: MODIFYING SECONDARY GRID 138677 POSITION ON CONTACT ELEMENT 83637

WARNING G3051: MODIFYING SECONDARY GRID 137902 POSITION ON CONTACT ELEMENT 81817

WARNING G3051: MODIFYING SECONDARY GRID 137907 POSITION ON CONTACT ELEMENT 81655

WARNING G3051: MODIFYING SECONDARY GRID 137901 POSITION ON CONTACT ELEMENT 83195

WARNING G3051: MODIFYING SECONDARY GRID 139494 POSITION ON CONTACT ELEMENT 82755

WARNING G3051: MODIFYING SECONDARY GRID 138883 POSITION ON CONTACT ELEMENT 82755

WARNING G3051: MODIFYING SECONDARY GRID 138882 POSITION ON CONTACT ELEMENT 83195

WARNING G3051: MODIFYING SECONDARY GRID 136307 POSITION ON CONTACT ELEMENT 82048

WARNING G3051: MODIFYING SECONDARY GRID 137080 POSITION ON CONTACT ELEMENT 83513

WARNING G3051: MODIFYING SECONDARY GRID 136980 POSITION ON CONTACT ELEMENT 82234

WARNING G3051: MODIFYING SECONDARY GRID 137376 POSITION ON CONTACT ELEMENT 83513

WARNING G3051: MODIFYING SECONDARY GRID 137803 POSITION ON CONTACT ELEMENT 80114

WARNING G3051: MODIFYING SECONDARY GRID 137394 POSITION ON CONTACT ELEMENT 82932

WARNING G3051: MODIFYING SECONDARY GRID 136430 POSITION ON CONTACT ELEMENT 81926

WARNING G3051: MODIFYING SECONDARY GRID 137425 POSITION ON CONTACT ELEMENT 82998

WARNING G3051: MODIFYING SECONDARY GRID 136382 POSITION ON CONTACT ELEMENT 81917

WARNING G3051: MODIFYING SECONDARY GRID 138676 POSITION ON CONTACT ELEMENT 82795

WARNING G3051: MODIFYING SECONDARY GRID 138022 POSITION ON CONTACT ELEMENT 83257

WARNING G3051: MODIFYING SECONDARY GRID 139147 POSITION ON CONTACT ELEMENT 82707

WARNING G3051: MODIFYING SECONDARY GRID 137379 POSITION ON CONTACT ELEMENT 82932

WARNING G3051: MODIFYING SECONDARY GRID 137424 POSITION ON CONTACT ELEMENT 82707

WARNING G3051: MODIFYING SECONDARY GRID 137429 POSITION ON CONTACT ELEMENT 82202

WARNING G3051: MODIFYING SECONDARY GRID 136979 POSITION ON CONTACT ELEMENT 83512

WARNING G3051: MODIFYING SECONDARY GRID 137905 POSITION ON CONTACT ELEMENT 80318

WARNING G3051: MODIFYING SECONDARY GRID 136538 POSITION ON CONTACT ELEMENT 82883

WARNING G3051: MODIFYING SECONDARY GRID 139513 POSITION ON CONTACT ELEMENT 81817

WARNING G3051: MODIFYING SECONDARY GRID 137804 POSITION ON CONTACT ELEMENT 82010

WARNING G3051: MODIFYING SECONDARY GRID 137904 POSITION ON CONTACT ELEMENT 82832

WARNING G3051: MODIFYING SECONDARY GRID 138675 POSITION ON CONTACT ELEMENT 83195

WARNING G3051: MODIFYING SECONDARY GRID 139495 POSITION ON CONTACT ELEMENT 81331

WARNING G3051: MODIFYING SECONDARY GRID 138686 POSITION ON CONTACT ELEMENT 83558

WARNING G3051: MODIFYING SECONDARY GRID 136936 POSITION ON CONTACT ELEMENT 81636

WARNING G3051: MODIFYING SECONDARY GRID 136539 POSITION ON CONTACT ELEMENT 82537

WARNING G3051: MODIFYING SECONDARY GRID 137917 POSITION ON CONTACT ELEMENT 81100

WARNING G3051: MODIFYING SECONDARY GRID 139486 POSITION ON CONTACT ELEMENT 83512

WARNING G3051: MODIFYING SECONDARY GRID 138681 POSITION ON CONTACT ELEMENT 83349

WARNING G3051: MODIFYING SECONDARY GRID 138023 POSITION ON CONTACT ELEMENT 83225

WARNING G3051: MODIFYING SECONDARY GRID 138947 POSITION ON CONTACT ELEMENT 83308

WARNING G3051: MODIFYING SECONDARY GRID 137106 POSITION ON CONTACT ELEMENT 82508

WARNING G3051: MODIFYING SECONDARY GRID 137916 POSITION ON CONTACT ELEMENT 81705

WARNING G3051: MODIFYING SECONDARY GRID 137908 POSITION ON CONTACT ELEMENT 70929

WARNING G3051: MODIFYING SECONDARY GRID 111631 POSITION ON CONTACT ELEMENT 69574

WARNING G3051: MODIFYING SECONDARY GRID 111052 POSITION ON CONTACT ELEMENT 69809

WARNING G3051: MODIFYING SECONDARY GRID 112194 POSITION ON CONTACT ELEMENT 60793

WARNING G3051: MODIFYING SECONDARY GRID 110644 POSITION ON CONTACT ELEMENT 69809

WARNING G3051: MODIFYING SECONDARY GRID 112198 POSITION ON CONTACT ELEMENT 63162

WARNING G3051: MODIFYING SECONDARY GRID 113806 POSITION ON CONTACT ELEMENT 69447

WARNING G3051: MODIFYING SECONDARY GRID 110828 POSITION ON CONTACT ELEMENT 69185

WARNING G3051: MODIFYING SECONDARY GRID 112195 POSITION ON CONTACT ELEMENT 62283

WARNING G3051: MODIFYING SECONDARY GRID 112196 POSITION ON CONTACT ELEMENT 69252

WARNING G3051: MODIFYING SECONDARY GRID 112197 POSITION ON CONTACT ELEMENT 69447

WARNING G3051: MODIFYING SECONDARY GRID 110687 POSITION ON CONTACT ELEMENT 69714

WARNING G3051: MODIFYING SECONDARY GRID 111360 POSITION ON CONTACT ELEMENT 66976

WARNING G3051: MODIFYING SECONDARY GRID 111253 POSITION ON CONTACT ELEMENT 70034

WARNING G3051: MODIFYING SECONDARY GRID 112965 POSITION ON CONTACT ELEMENT 69006

WARNING G3051: MODIFYING SECONDARY GRID 112187 POSITION ON CONTACT ELEMENT 69006

WARNING G3051: MODIFYING SECONDARY GRID 112193 POSITION ON CONTACT ELEMENT 70002

WARNING G3051: MODIFYING SECONDARY GRID 112961 POSITION ON CONTACT ELEMENT 70066

WARNING G3051: MODIFYING SECONDARY GRID 112966 POSITION ON CONTACT ELEMENT 70253

WARNING G3051: MODIFYING SECONDARY GRID 112306 POSITION ON CONTACT ELEMENT 63337

WARNING G3051: MODIFYING SECONDARY GRID 112960 POSITION ON CONTACT ELEMENT 70136

WARNING G3051: MODIFYING SECONDARY GRID 110813 POSITION ON CONTACT ELEMENT 69832

WARNING G3051: MODIFYING SECONDARY GRID 112190 POSITION ON CONTACT ELEMENT 69229

WARNING G3051: MODIFYING SECONDARY GRID 112962 POSITION ON CONTACT ELEMENT 69230

WARNING G3051: MODIFYING SECONDARY GRID 113780 POSITION ON CONTACT ELEMENT 69544

WARNING G3051: MODIFYING SECONDARY GRID 112199 POSITION ON CONTACT ELEMENT 69385

WARNING G3051: MODIFYING SECONDARY GRID 112969 POSITION ON CONTACT ELEMENT 69006

WARNING G3051: MODIFYING SECONDARY GRID 111387 POSITION ON CONTACT ELEMENT 69621

WARNING G3051: MODIFYING SECONDARY GRID 110717 POSITION ON CONTACT ELEMENT 63826

WARNING G3051: MODIFYING SECONDARY GRID 111254 POSITION ON CONTACT ELEMENT 70042

WARNING G3051: MODIFYING SECONDARY GRID 112087 POSITION ON CONTACT ELEMENT 66084

WARNING G3051: MODIFYING SECONDARY GRID 110716 POSITION ON CONTACT ELEMENT 69680

WARNING G3051: MODIFYING SECONDARY GRID 113238 POSITION ON CONTACT ELEMENT 70251

WARNING G3051: MODIFYING SECONDARY GRID 110966 POSITION ON CONTACT ELEMENT 70052

WARNING G3051: MODIFYING SECONDARY GRID 111661 POSITION ON CONTACT ELEMENT 68689

WARNING G3051: MODIFYING SECONDARY GRID 111711 POSITION ON CONTACT ELEMENT 68518

WARNING G3051: MODIFYING SECONDARY GRID 112189 POSITION ON CONTACT ELEMENT 64160

WARNING G3051: MODIFYING SECONDARY GRID 112975 POSITION ON CONTACT ELEMENT 70253

WARNING G3051: MODIFYING SECONDARY GRID 112088 POSITION ON CONTACT ELEMENT 66239

WARNING G3051: MODIFYING SECONDARY GRID 112191 POSITION ON CONTACT ELEMENT 69552

WARNING G3051: MODIFYING SECONDARY GRID 113779 POSITION ON CONTACT ELEMENT 65575

WARNING G3051: MODIFYING SECONDARY GRID 112192 POSITION ON CONTACT ELEMENT 60385

WARNING G3051: MODIFYING SECONDARY GRID 110597 POSITION ON CONTACT ELEMENT 70272

WARNING G3051: MODIFYING SECONDARY GRID 110757 POSITION ON CONTACT ELEMENT 68865

WARNING G3051: MODIFYING SECONDARY GRID 112188 POSITION ON CONTACT ELEMENT 69359

WARNING G3051: MODIFYING SECONDARY GRID 112970 POSITION ON CONTACT ELEMENT 70253

WARNING G3051: MODIFYING SECONDARY GRID 112976 POSITION ON CONTACT ELEMENT 69809

WARNING G3051: MODIFYING SECONDARY GRID 111710 POSITION ON CONTACT ELEMENT 70313

WARNING G3051: MODIFYING SECONDARY GRID 113781 POSITION ON CONTACT ELEMENT 68322

WARNING G3051: MODIFYING SECONDARY GRID 113237 POSITION ON CONTACT ELEMENT 69602

WARNING G3051: MODIFYING SECONDARY GRID 112307 POSITION ON CONTACT ELEMENT 69714

WARNING G3051: MODIFYING SECONDARY GRID 113772 POSITION ON CONTACT ELEMENT 69392

WARNING G3051: MODIFYING SECONDARY GRID 113793 POSITION ON CONTACT ELEMENT 69552

WARNING G3051: MODIFYING SECONDARY GRID 111715 POSITION ON CONTACT ELEMENT 68070

WARNING G3051: MODIFYING SECONDARY GRID 112959 POSITION ON CONTACT ELEMENT 70034

WARNING G3051: MODIFYING SECONDARY GRID 113799 POSITION ON CONTACT ELEMENT 69912

WARNING G3051: MODIFYING SECONDARY GRID 113172 POSITION ON CONTACT ELEMENT 69862

WARNING G3051: MODIFYING SECONDARY GRID 112185 POSITION ON CONTACT ELEMENT 69912

WARNING G3051: MODIFYING SECONDARY GRID 111026 POSITION ON CONTACT ELEMENT 69372

WARNING G3051: MODIFYING SECONDARY GRID 111665 POSITION ON CONTACT ELEMENT 68313

WARNING G3051: MODIFYING SECONDARY GRID 111755 POSITION ON CONTACT ELEMENT 67641

WARNING G3051: MODIFYING SECONDARY GRID 111211 POSITION ON CONTACT ELEMENT 70202

WARNING G3051: MODIFYING SECONDARY GRID 113173 POSITION ON CONTACT ELEMENT 70272

WARNING G3051: MODIFYING SECONDARY GRID 111681 POSITION ON CONTACT ELEMENT 69372

WARNING G3051: MODIFYING SECONDARY GRID 110815 POSITION ON CONTACT ELEMENT 69043

WARNING G3051: MODIFYING SECONDARY GRID 110673 POSITION ON CONTACT ELEMENT 66938

WARNING G3051: MODIFYING SECONDARY GRID 112201 POSITION ON CONTACT ELEMENT 70313

WARNING G3051: MODIFYING SECONDARY GRID 138319 POSITION ON CONTACT ELEMENT 82512

WARNING G3051: MODIFYING SECONDARY GRID 138321 POSITION ON CONTACT ELEMENT 79549

WARNING G3051: MODIFYING SECONDARY GRID 139479 POSITION ON CONTACT ELEMENT 76531

WARNING G3051: MODIFYING SECONDARY GRID 138320 POSITION ON CONTACT ELEMENT 82028

WARNING G3051: MODIFYING SECONDARY GRID 139478 POSITION ON CONTACT ELEMENT 82512

WARNING G3051: MODIFYING SECONDARY GRID 138322 POSITION ON CONTACT ELEMENT 79549

WARNING G3051: MODIFYING SECONDARY GRID 136547 POSITION ON CONTACT ELEMENT 82512

WARNING G3051: MODIFYING SECONDARY GRID 139477 POSITION ON CONTACT ELEMENT 83209

WARNING G3051: MODIFYING SECONDARY GRID 112603 POSITION ON CONTACT ELEMENT 69244

WARNING G3051: MODIFYING SECONDARY GRID 112605 POSITION ON CONTACT ELEMENT 69244

WARNING G3051: MODIFYING SECONDARY GRID 113765 POSITION ON CONTACT ELEMENT 64334

WARNING G3051: MODIFYING SECONDARY GRID 112604 POSITION ON CONTACT ELEMENT 69981

WARNING G3051: MODIFYING SECONDARY GRID 113764 POSITION ON CONTACT ELEMENT 67073

WARNING G3051: MODIFYING SECONDARY GRID 110824 POSITION ON CONTACT ELEMENT 69244

WARNING G3051: MODIFYING SECONDARY GRID 112606 POSITION ON CONTACT ELEMENT 65332

WARNING G3051: MODIFYING SECONDARY GRID 113762 POSITION ON CONTACT ELEMENT 64498

WARNING G3051: MODIFYING SECONDARY GRID 8058 POSITION ON CONTACT ELEMENT 6364   

WARNING G3051: MODIFYING SECONDARY GRID 7463 POSITION ON CONTACT ELEMENT 5810   

WARNING G3051: MODIFYING SECONDARY GRID 7876 POSITION ON CONTACT ELEMENT 7815   

WARNING G3051: MODIFYING SECONDARY GRID 7591 POSITION ON CONTACT ELEMENT 7391   

WARNING G3051: MODIFYING SECONDARY GRID 468 POSITION ON CONTACT ELEMENT 3384    

WARNING G3051: MODIFYING SECONDARY GRID 650 POSITION ON CONTACT ELEMENT 2708    

WARNING G3051: MODIFYING SECONDARY GRID 8145 POSITION ON CONTACT ELEMENT 7693   

WARNING G3051: MODIFYING SECONDARY GRID 7973 POSITION ON CONTACT ELEMENT 7573   

WARNING G3051: MODIFYING SECONDARY GRID 7791 POSITION ON CONTACT ELEMENT 7552   

WARNING G3051: MODIFYING SECONDARY GRID 43054 POSITION ON CONTACT ELEMENT 23349 

WARNING G3051: MODIFYING SECONDARY GRID 43055 POSITION ON CONTACT ELEMENT 23785 

WARNING G3051: MODIFYING SECONDARY GRID 43230 POSITION ON CONTACT ELEMENT 23689 

WARNING G3051: MODIFYING SECONDARY GRID 43012 POSITION ON CONTACT ELEMENT 23773 

WARNING G3051: MODIFYING SECONDARY GRID 43147 POSITION ON CONTACT ELEMENT 23773 

WARNING G3051: MODIFYING SECONDARY GRID 43134 POSITION ON CONTACT ELEMENT 23753 

WARNING G3051: MODIFYING SECONDARY GRID 43047 POSITION ON CONTACT ELEMENT 23784 

WARNING G3051: MODIFYING SECONDARY GRID 42997 POSITION ON CONTACT ELEMENT 23610 

WARNING G3051: MODIFYING SECONDARY GRID 108588 POSITION ON CONTACT ELEMENT 56561

WARNING G3051: MODIFYING SECONDARY GRID 108592 POSITION ON CONTACT ELEMENT 56589

WARNING G3051: MODIFYING SECONDARY GRID 108661 POSITION ON CONTACT ELEMENT 56531

WARNING G3051: MODIFYING SECONDARY GRID 42990 POSITION ON CONTACT ELEMENT 23622 

WARNING G3051: MODIFYING SECONDARY GRID 43184 POSITION ON CONTACT ELEMENT 23754 

WARNING G3051: MODIFYING SECONDARY GRID 43025 POSITION ON CONTACT ELEMENT 23678 

WARNING G3051: MODIFYING SECONDARY GRID 43034 POSITION ON CONTACT ELEMENT 23795 

WARNING G3051: MODIFYING SECONDARY GRID 43232 POSITION ON CONTACT ELEMENT 23780 

WARNING G3051: MODIFYING SECONDARY GRID 43114 POSITION ON CONTACT ELEMENT 23445 

WARNING G3051: MODIFYING SECONDARY GRID 43113 POSITION ON CONTACT ELEMENT 23518 

WARNING G3051: MODIFYING SECONDARY GRID 43142 POSITION ON CONTACT ELEMENT 23754 

WARNING G3051: MODIFYING SECONDARY GRID 43059 POSITION ON CONTACT ELEMENT 23780 

INITIAL MAXIMUM CONTACT SURFACE PENETRATION  =  3.6609E-01  AT GRID 43080       
INITIAL MAXIMUM CONTACT SURFACE PROTRUSION   =  3.5101E-01  AT GRID 109706      

UPDATED MAXIMUM CONTACT SURFACE PENETRATION  =  1.0061E-01  AT GRID 137696      
UPDATED MAXIMUM CONTACT SURFACE PROTRUSION   =  5.4312E-01  AT GRID 110592      

WARNING G3053: THERE WERE 193 SEGMENTS REMOVED IN CONTACT ELEMENT 126           

WARNING G3053: THERE WERE 182 SEGMENTS REMOVED IN CONTACT ELEMENT 129           

WARNING G3053: THERE WERE 136 SEGMENTS REMOVED IN CONTACT ELEMENT 132           

WARNING G3053: THERE WERE 120 SEGMENTS REMOVED IN CONTACT ELEMENT 135           

WARNING G3053: THERE WERE 12 SEGMENTS REMOVED IN CONTACT ELEMENT 138            

WARNING G3053: THERE WERE 17 SEGMENTS REMOVED IN CONTACT ELEMENT 141            

WARNING G3053: THERE WERE 329 SEGMENTS REMOVED IN CONTACT ELEMENT 144           

WARNING G3053: THERE WERE 306 SEGMENTS REMOVED IN CONTACT ELEMENT 147           

WARNING G3053: THERE WERE 14 SEGMENTS REMOVED IN CONTACT ELEMENT 150            

WARNING G3053: THERE WERE 12 SEGMENTS REMOVED IN CONTACT ELEMENT 153            

WARNING G3053: THERE WERE 170 SEGMENTS REMOVED IN CONTACT ELEMENT 156           

WARNING G3053: THERE WERE 155 SEGMENTS REMOVED IN CONTACT ELEMENT 159           

WARNING G3053: THERE WERE 2 SEGMENTS REMOVED IN CONTACT ELEMENT 162             

WARNING G3053: THERE WERE 1 SEGMENTS REMOVED IN CONTACT ELEMENT 165             

WARNING G3053: THERE WERE 243 SEGMENTS REMOVED IN CONTACT ELEMENT 174           

WARNING G3053: THERE WERE 232 SEGMENTS REMOVED IN CONTACT ELEMENT 177           

WARNING G3053: THERE WERE 24 SEGMENTS REMOVED IN CONTACT ELEMENT 180            

WARNING G3053: THERE WERE 15 SEGMENTS REMOVED IN CONTACT ELEMENT 183            

WARNING G3053: THERE WERE 13 SEGMENTS REMOVED IN CONTACT ELEMENT 186            

WARNING G3053: THERE WERE 17 SEGMENTS REMOVED IN CONTACT ELEMENT 189            

WARNING G3053: THERE WERE 2 SEGMENTS REMOVED IN CONTACT ELEMENT 198             

WARNING G3053: THERE WERE 2 SEGMENTS REMOVED IN CONTACT ELEMENT 201             

WARNING G3053: THERE WERE 53 SEGMENTS REMOVED IN CONTACT ELEMENT 204            

WARNING G3053: THERE WERE 57 SEGMENTS REMOVED IN CONTACT ELEMENT 207            

WARNING G3053: THERE WERE 41 SEGMENTS REMOVED IN CONTACT ELEMENT 210            

WARNING G3053: THERE WERE 42 SEGMENTS REMOVED IN CONTACT ELEMENT 213            

WARNING G3053: THERE WERE 10 SEGMENTS REMOVED IN CONTACT ELEMENT 216            

WARNING G3053: THERE WERE 35 SEGMENTS REMOVED IN CONTACT ELEMENT 219            

WARNING G3053: THERE WERE 10 SEGMENTS REMOVED IN CONTACT ELEMENT 222            

WARNING G3053: THERE WERE 39 SEGMENTS REMOVED IN CONTACT ELEMENT 225            

WARNING G3053: THERE WERE 10 SEGMENTS REMOVED IN CONTACT ELEMENT 228            

WARNING G3053: THERE WERE 32 SEGMENTS REMOVED IN CONTACT ELEMENT 231            

WARNING G3053: THERE WERE 14 SEGMENTS REMOVED IN CONTACT ELEMENT 234            

WARNING G3053: THERE WERE 41 SEGMENTS REMOVED IN CONTACT ELEMENT 237            

WARNING G3053: THERE WERE 159 SEGMENTS REMOVED IN CONTACT ELEMENT 240           

WARNING G3053: THERE WERE 171 SEGMENTS REMOVED IN CONTACT ELEMENT 243           

WARNING G3054: THERE WERE 91 SEGMENTS CONVERTED IN CONTACT ELEMENT 144          

WARNING G3054: THERE WERE 104 SEGMENTS CONVERTED IN CONTACT ELEMENT 147         

WARNING G3054: THERE WERE 5 SEGMENTS CONVERTED IN CONTACT ELEMENT 150           

WARNING G3054: THERE WERE 2 SEGMENTS CONVERTED IN CONTACT ELEMENT 153           

WARNING G3054: THERE WERE 7 SEGMENTS CONVERTED IN CONTACT ELEMENT 162           

WARNING G3054: THERE WERE 7 SEGMENTS CONVERTED IN CONTACT ELEMENT 165           

WARNING G3054: THERE WERE 2 SEGMENTS CONVERTED IN CONTACT ELEMENT 186           

WARNING G3054: THERE WERE 7 SEGMENTS CONVERTED IN CONTACT ELEMENT 189           

WARNING G3054: THERE WERE 7 SEGMENTS CONVERTED IN CONTACT ELEMENT 198           

WARNING G3054: THERE WERE 10 SEGMENTS CONVERTED IN CONTACT ELEMENT 201          

WARNING G3054: THERE WERE 54 SEGMENTS CONVERTED IN CONTACT ELEMENT 240          

WARNING G3054: THERE WERE 49 SEGMENTS CONVERTED IN CONTACT ELEMENT 243          

AVAILABLE VIRTUAL MEMORY  =   811744256 WORDS      6193.1 MEGABYTES             
AVAILABLE PHYSICAL MEMORY =  1451076608 WORDS     11070.8 MEGABYTES             

DRIVE C: DISK SPACE =    74707015680 WORDS    569969.3 MEGABYTES                

WARNING G3012: TET ELEMENT 56125 HAS A SKEW ANGLE GREATER THAN 80.0             

WARNING G3015: TET ELEMENT 56125 HAS AN INTERIOR ANGLE LESS THAN 10.0           

WARNING G3015: TET ELEMENT 56126 HAS AN INTERIOR ANGLE LESS THAN 10.0           

WARNING G3012: TET ELEMENT 56127 HAS A SKEW ANGLE GREATER THAN 80.0             

WARNING G3015: TET ELEMENT 56127 HAS AN INTERIOR ANGLE LESS THAN 10.0           

WARNING G3012: TET ELEMENT 56131 HAS A SKEW ANGLE GREATER THAN 80.0             

WARNING G3015: TET ELEMENT 56131 HAS AN INTERIOR ANGLE LESS THAN 10.0           

WARNING G3012: TET ELEMENT 56132 HAS A SKEW ANGLE GREATER THAN 80.0             

WARNING G3015: TET ELEMENT 56132 HAS AN INTERIOR ANGLE LESS THAN 10.0           

WARNING G3015: TET ELEMENT 56152 HAS AN INTERIOR ANGLE LESS THAN 10.0           

WARNING G3015: TET ELEMENT 56153 HAS AN INTERIOR ANGLE LESS THAN 10.0           

WARNING G3012: TET ELEMENT 56155 HAS A SKEW ANGLE GREATER THAN 80.0             

WARNING G3015: TET ELEMENT 56155 HAS AN INTERIOR ANGLE LESS THAN 10.0           

WARNING G3012: TET ELEMENT 56156 HAS A SKEW ANGLE GREATER THAN 80.0             

WARNING G3015: TET ELEMENT 56156 HAS AN INTERIOR ANGLE LESS THAN 10.0           

WARNING G3015: TET ELEMENT 56163 HAS AN INTERIOR ANGLE LESS THAN 10.0           

WARNING G3015: TET ELEMENT 56164 HAS AN INTERIOR ANGLE LESS THAN 10.0           

WARNING G3015: TET ELEMENT 56167 HAS AN INTERIOR ANGLE LESS THAN 10.0           

WARNING G3015: TET ELEMENT 56169 HAS AN INTERIOR ANGLE LESS THAN 10.0           

WARNING G3012: TET ELEMENT 56176 HAS A SKEW ANGLE GREATER THAN 80.0             

WARNING G3015: TET ELEMENT 56176 HAS AN INTERIOR ANGLE LESS THAN 10.0           

WARNING G3012: TET ELEMENT 56177 HAS A SKEW ANGLE GREATER THAN 80.0             

WARNING G3015: TET ELEMENT 56177 HAS AN INTERIOR ANGLE LESS THAN 10.0           

WARNING G3012: TET ELEMENT 56178 HAS A SKEW ANGLE GREATER THAN 80.0             

WARNING G3015: TET ELEMENT 56178 HAS AN INTERIOR ANGLE LESS THAN 10.0           

WARNING G3012: TET ELEMENT 56181 HAS A SKEW ANGLE GREATER THAN 80.0             

WARNING G3015: TET ELEMENT 56181 HAS AN INTERIOR ANGLE LESS THAN 10.0           

WARNING G3012: TET ELEMENT 56184 HAS A SKEW ANGLE GREATER THAN 80.0             

WARNING G3015: TET ELEMENT 56184 HAS AN INTERIOR ANGLE LESS THAN 10.0           

WARNING G3015: TET ELEMENT 56185 HAS AN INTERIOR ANGLE LESS THAN 10.0           

WARNING G3012: TET ELEMENT 56186 HAS A SKEW ANGLE GREATER THAN 80.0             

WARNING G3015: TET ELEMENT 56186 HAS AN INTERIOR ANGLE LESS THAN 10.0           

WARNING G3012: TET ELEMENT 56603 HAS A SKEW ANGLE GREATER THAN 80.0             

WARNING G3015: TET ELEMENT 56603 HAS AN INTERIOR ANGLE LESS THAN 10.0           

WARNING G3015: TET ELEMENT 56616 HAS AN INTERIOR ANGLE LESS THAN 10.0           

WARNING G3015: TET ELEMENT 56628 HAS AN INTERIOR ANGLE LESS THAN 10.0           

WARNING G3015: TET ELEMENT 56629 HAS AN INTERIOR ANGLE LESS THAN 10.0           

WARNING G3015: TET ELEMENT 56631 HAS AN INTERIOR ANGLE LESS THAN 10.0           

WARNING G3015: TET ELEMENT 56632 HAS AN INTERIOR ANGLE LESS THAN 10.0           

WARNING G3015: TET ELEMENT 56634 HAS AN INTERIOR ANGLE LESS THAN 10.0           

WARNING G3015: TET ELEMENT 56637 HAS AN INTERIOR ANGLE LESS THAN 10.0           

WARNING G3015: TET ELEMENT 56640 HAS AN INTERIOR ANGLE LESS THAN 10.0           

WARNING G3012: TET ELEMENT 56642 HAS A SKEW ANGLE GREATER THAN 80.0             

WARNING G3015: TET ELEMENT 56642 HAS AN INTERIOR ANGLE LESS THAN 10.0           

WARNING G3012: TET ELEMENT 56644 HAS A SKEW ANGLE GREATER THAN 80.0             

WARNING G3015: TET ELEMENT 56644 HAS AN INTERIOR ANGLE LESS THAN 10.0           

WARNING G3012: TET ELEMENT 56645 HAS A SKEW ANGLE GREATER THAN 80.0             

WARNING G3015: TET ELEMENT 56645 HAS AN INTERIOR ANGLE LESS THAN 10.0           

WARNING G3015: TET ELEMENT 56646 HAS AN INTERIOR ANGLE LESS THAN 10.0           

WARNING G3012: TET ELEMENT 56647 HAS A SKEW ANGLE GREATER THAN 80.0             

WARNING G3015: TET ELEMENT 56647 HAS AN INTERIOR ANGLE LESS THAN 10.0           

WARNING G3012: TET ELEMENT 56649 HAS A SKEW ANGLE GREATER THAN 80.0             

WARNING G3015: TET ELEMENT 56649 HAS AN INTERIOR ANGLE LESS THAN 10.0           

WARNING G3015: TET ELEMENT 56653 HAS AN INTERIOR ANGLE LESS THAN 10.0           

WARNING G3015: TET ELEMENT 56656 HAS AN INTERIOR ANGLE LESS THAN 10.0           

WARNING G3012: TET ELEMENT 56657 HAS A SKEW ANGLE GREATER THAN 80.0             

WARNING G3015: TET ELEMENT 56657 HAS AN INTERIOR ANGLE LESS THAN 10.0           

WARNING G3015: TET ELEMENT 56660 HAS AN INTERIOR ANGLE LESS THAN 10.0           

WARNING G3012: TET ELEMENT 56661 HAS A SKEW ANGLE GREATER THAN 80.0             

WARNING G3015: TET ELEMENT 56661 HAS AN INTERIOR ANGLE LESS THAN 10.0           

WARNING G3012: TET ELEMENT 56662 HAS A SKEW ANGLE GREATER THAN 80.0             

WARNING G3015: TET ELEMENT 56662 HAS AN INTERIOR ANGLE LESS THAN 10.0           

ELEMENT GEOMETRY STATISTICS                                                     

MAXIMUM TET ELEMENT FACE SKEW ANGLE      =  85.71 DEGREES ON ELEMENT 56661      
MAXIMUM TET ELEMENT EDGE POINT DEVIATION =   4.89 DEGREES ON ELEMENT 50061      
MAXIMUM TET ELEMENT FACE INTERIOR ANGLE  = 165.34 DEGREES ON ELEMENT 56132      
MINIMUM TET ELEMENT FACE INTERIOR ANGLE  =   2.15 DEGREES ON ELEMENT 56649      

MAXIMUM TET ELEMENT ASPECT RATIO            =   6.95 ON ELEMENT 56661           
MINIMUM TET ELEMENT EDGE POINT LENGTH RATIO =   0.75 ON ELEMENT 23721           

SURFACE CONTACT STIFFNESS STATISTICS                                            

INITIAL CONTACT SURFACE NORMAL STIFFNESS     =  2.9616E+08                      
INITIAL CONTACT SURFACE TRANSVERSE STIFFNESS =  2.9616E+06                      

GLOBAL STIFFNESS MATRIX ASSEMBLY STATISTICS                                     

SPARSE MATRIX SIZE =   17445334 WORDS      133.1 MEGABYTES                      
MEMORY ALLOCATED   =   26168000 WORDS      199.6 MEGABYTES                      

MAXIMUM GLOBAL STIFFNESS MATRIX TERM ZEROED =  9.9720E-16                       
MINIMUM GLOBAL STIFFNESS MATRIX TERM ZEROED =  0.0000E+00                       
REDUCTION IN GLOBAL STIFFNESS MATRIX SIZE   =  2.33 PERCENT                     

ASSEMBLY TIME FOR 89106 ELEMENTS = 8.49 SECONDS                                 

TOTAL MASS = 8.822230E-04                                                       

MASS DISTRIBUTION BY TYPE                                                       

STRUCTURAL MASS    =  8.822230E-04                                              
NONSTRUCTURAL MASS =  0.000000E+00                                              
CONCENTRATED MASS  =  0.000000E+00                                              
OTHER MASS         =  0.000000E+00                                              

CENTER OF MASS RELATIVE TO ORIGIN OF BASIC SYSTEM                               
                                                                                
X-COORDINATE = -5.111234E-03                                                    
Y-COORDINATE = -7.085362E+02                                                    
Z-COORDINATE = -8.905134E-03                                                    

SOLUTION SEQUENCE FOR SUBCASE 1                                                 

MAXIMUM STIFFNESS MATRIX DIAGONAL =  7.5280E+09  AT GRID 56     COMPONENT 3     
MINIMUM STIFFNESS MATRIX DIAGONAL =  0.0000E+00  AT GRID 139520 COMPONENT 6     

AVAILABLE VIRTUAL MEMORY  =   695006720 WORDS      5302.5 MEGABYTES             
AVAILABLE PHYSICAL MEMORY =  1321968640 WORDS     10085.8 MEGABYTES             

DRIVE C: DISK SPACE =    74705598464 WORDS    569958.5 MEGABYTES                

GLOBAL STIFFNESS MATRIX ITERATIVE SOLUTION STATISTICS                           

MEMORY ALLOCATED    =     17434673 WORDS       133.0 MEGABYTES                  
DISK SPACE ACCESSED =     20143538 WORDS       153.7 MEGABYTES                  

NUMBER OF SOLUTION ITERATIONS = 64                                              
FINAL CONVERGENCE FACTOR      = 8.535E-07                                       

PRIMAL PRECONDITIONER USED                                                      

SOLUTION TIME FOR 507915 DEGREES OF FREEDOM = 8.85 SECONDS                      

MAXIMUM DISPLACEMENT MAGNITUDE =  9.836312E-03  AT GRID 43173                   
MAXIMUM ROTATION MAGNITUDE     =  8.248617E-05  AT GRID 43089                   

EPSILON       =  5.202417E-10                                                   
STRAIN ENERGY =  1.895041E-01                                                   

MAXIMUM SINGLE POINT CONSTRAINT FORCE MAGNITUDE  =  1.616547E+01  AT GRID 16293 
MAXIMUM SINGLE POINT CONSTRAINT MOMENT MAGNITUDE =  9.588168E-01  AT GRID 108587

CALCULATING RESULTS FOR SUBCASE 1                                               

CALCULATING TET ELEMENT RESULTS IN VOLUME 0 FOR SUBCASE 1                       

MAXIMUM TET ELEMENT PRINCIPAL STRESS =  3.718060E-01  AT ELEMENT 22968          
MINIMUM TET ELEMENT PRINCIPAL STRESS = -4.299834E-01  AT ELEMENT 59400          
MAXIMUM TET ELEMENT SHEAR STRESS     =  2.258382E-01  AT ELEMENT 59400          
MAXIMUM TET ELEMENT VON MISES STRESS =  4.232984E-01  AT ELEMENT 59400          

MAXIMUM TET ELEMENT SAFETY FACTOR =  1.000000E+10  AT ELEMENT 7832              
MINIMUM TET ELEMENT SAFETY FACTOR =  1.488312E+01  AT ELEMENT 59400             

MAXIMUM SOLID ELEMENT NORMALIZED STRESS ERROR =  9.591037E-02  AT GRID 43053    
MINIMUM SOLID ELEMENT NORMALIZED STRESS ERROR =  0.000000E+00  AT GRID 139501   

SOLID ELEMENT RELATIVE STRESS ERROR =  9.591037E-02                             

ANALYSIS DIRECTIVE DEFINITION                                                   
                                                                                
BUFFEREDDECKREAD = ON                                                           
BULKDATAOUT      = OFF                                                          
BULKDATASORT     = ON                                                           
DATABASE         = 98b5j6ua5.NDB                                                
DECOMPAUTOSIZE   = 50000                                                        
DECOMPMETHOD     = PCGLSS                                                       
DIAGNOSTICLEVEL  = 0                                                            
DISKSTATUS       = ON                                                           
DYNRSLTMETHOD    = AUTO                                                         
ELAPSEDTIME      = OFF                                                          
EXTRACTAUTOSIZE  = 10000                                                        
EXTRACTMETHOD    = LANCZOS                                                      
FEMAPRSLTVECTID  = ON                                                           
FILEBUFFERSIZE1  = 1000                                                         
FILEBUFFERSIZE2  = 1000                                                         
FILEBUFFERSIZE3  = 1000                                                         
FILEBUFFERSIZE4  = 1000                                                         
FILESIGNATURE    = 6166052096                                                   
FILESPEC1        = C:\ProgramData\Autodesk\Nastran 2026\Temp\NDB6166052096.TMP\ 
FILESPEC2        = C:\ProgramData\Autodesk\Nastran 2026\Temp\NDB6166052096.TMP\ 
FILESPEC3        = C:\ProgramData\Autodesk\Nastran 2026\Temp\NDB6166052096.TMP\ 
FILESPEC4        = C:\ProgramData\Autodesk\Nastran 2026\Temp\NDB6166052096.TMP\ 
GPWEIGHTMETHOD   = VECTOR                                                       
INMEMORYIO       = ON                                                           
LEFTMARGIN       = 1                                                            
LICENSEMANAGER   = ADLM                                                         
LINE             = 75                                                           
MAXRAM           = 0                                                            
MEMORYSTATUS     = ON                                                           
MINRAM           = 0                                                            
MODLDATAFORMAT   = 3                                                            
MODLDATAOUT      = ON                                                           
MODLINITOUT      = ON                                                           
MODLSTATUS       = DISPLAY                                                      
NDISKS           = 1                                                            
NFILEBUFFER1     = 1                                                            
NFILEBUFFER2     = 1                                                            
NFILEBUFFER3     = 1                                                            
NFILEBUFFER4     = 1                                                            
NPROCESSORS      = 4                                                            
PROCESSPRIORITY  = NORMAL                                                       
OPTIMIZESETTINGS = NONE                                                         
OUTCONTSYMBOL    = OFF                                                          
OUTDISPGEOMMODE  = 1                                                            
OUTDISPSETID     = 100                                                          
OUTLOADSETID     = 100                                                          
OUTPAGEFORMAT    = OFF                                                          
OUTGRIDOFFSET    = 100000                                                       
OUTSPCSETID      = 100                                                          
OUTSTRNSETID     = 100                                                          
OUTSTRSSETID     = 100                                                          
OUTTEMPSETID     = 100                                                          
OUTZEROVECT      = OFF                                                          
PCHFILEDBLEPRCS  = OFF                                                          
PCHFILETYPE      = NASTRAN                                                      
PURGE            = ON                                                           
RAM              = 25976                                                        
RESERVEDRAM      = 0                                                            
RESTART          = OFF                                                          
RSLTFILEDBLEPRCS = OFF                                                          
RSLTFILEFORMAT   = PLATFORM                                                     
RSLTFILEPURGE    = ON                                                           
RSLTFILETYPE     = FEMAP BINARY                                                 
RSLTLABEL        = 1                                                            
RSPECDISPMETHOD  = NODAL                                                        
RSPECVECTMETHOD  = OFF                                                          
SECONDS          = ON                                                           
OUTGEOMFILETYPE  = 0                                                            
SYSTEMSTATUS     = OFF                                                          
TOPTENGINE       = AUTO                                                         
TOPTXPRCSMODE    = 0                                                            
TRSLDDAMDATA     = OFF                                                          
TRSLDFGMDATA     = OFF                                                          
TRSLDISPDATA     = OFF                                                          
TRSLDMIDATA      = OFF                                                          
TRSLLOADDATA     = OFF                                                          
TRSLMODLDATA     = OFF                                                          
TRSLPRESDATA     = OFF                                                          
TRSLRBSEDATA     = OFF                                                          
TRSLSPCDATA      = OFF                                                          
TRSLSTRNDATA     = OFF                                                          
TRSLSTRSDATA     = OFF                                                          
TRSLTEMPDATA     = OFF                                                          
TRSLTOPTDATA     = OFF                                                          
TRSLTOQEDATA     = OFF                                                          
SHELLEGRID       = OFF                                                          
SOLIDEGRID       = OFF                                                          
XYPLOTCSVOUT     = OFF                                                          

ANALYSIS PARAMETERS DEFINITION                                                  
                                                                                
ACBPRESSET       = 0                                                            
ACBREFPRES       = 0.000000E+00                                                 
ACBVC            = 0.000000E+00                                                 
ADAPTLNCONTACT   = ON                                                           
ADAPTTIMESTEP    = OFF                                                          
ADDNLTOQUADLOAD  = OFF                                                          
ADDPRESTRESS     = ON                                                           
ADDPSDAFREQ      = OFF                                                          
ALIGNEDGENODE    = OFF                                                          
ALPHA            = 0.000000E+00                                                 
ALTFAILINDEXFORM = OFF                                                          
AUTOBPD          = OFF                                                          
AUTOCORDROTATE   = ON                                                           
AUTOFIXELEMGEOM  = ON                                                           
AUTOFIXELEMSING  = OFF                                                          
AUTOFIXMODLSING  = OFF                                                          
AUTOFIXRIGIDELEM = ON                                                           
AUTOFIXRIGIDSPC  = OFF                                                          
AUTOFIXNLMAT     = ON                                                           
AUTOSPC          = ON                                                           
BARDKMETHOD      = BOTH                                                         
BAREQVLOAD       = ON                                                           
BETA             = 0.000000E+00                                                 
BISECT           = ON                                                           
BOLTPRELOADTOL   = 0.000000E+00                                                 
BPDEFDIAG        = 0.000000E+00                                                 
CB1              = 1.000000E+00                                                 
CB2              = 1.000000E+00                                                 
CK1              = 1.000000E+00                                                 
CK2              = 1.000000E+00                                                 
CLOSE            = 1.000000E+00                                                 
CM1              = 1.000000E+00                                                 
CM2              = 1.000000E+00                                                 
COMPCONNECTOUT   = OFF                                                          
COMPE1RSF        = DISABLE                                                      
COMPE2RSF        = DISABLE                                                      
COMPE3RSF        = DISABLE                                                      
COMPG12RSF       = DISABLE                                                      
COMPG23RSF       = DISABLE                                                      
COMPG31RSF       = DISABLE                                                      
COMPILSMETHOD    = COMPONENT                                                    
COMPK1           = AUTO                                                         
COMPK2           = AUTO                                                         
COMPRSLTOUT      = ON                                                           
CONTACTGEN       = DISABLE                                                      
CONTACTTOL       = AUTO                                                         
CONTACTSTAB      = OFF                                                          
CONVMATRIX       = OFF                                                          
COUPMASS         = OFF                                                          
CP1              = 1.000000E+00                                                 
CP2              = 1.000000E+00                                                 
CYSYMGEN         = 0                                                            
CYSYMGENCORD     = 0                                                            
CYSYMTOL         = 1.000000E-10                                                 
DATABASEACCEL    = ON                                                           
DDAMPHASE        = 0                                                            
DELTASTRAINEGOUT = OFF                                                          
DESIGNCHECK      = OFF                                                          
DFREQ            = 1.000000E-05                                                 
DIRSTRESSTYPE    = 0                                                            
DISPGEOMSFACT    = 1.000000E+00                                                 
DMILABEL         =                                                              
DMIPDIAG         = OFF                                                          
DYNRESPEIGVOUT   = OFF                                                          
DYNSOLACCEL      = ON                                                           
DYNSOLDIRECTINT  = ON                                                           
DYNSOLRELGRID    = 0                                                            
EDGENODETOL      = AUTO                                                         
EIGENFLEXFREQ    = 1.000000E-01                                                 
EIGENSHIFTSFACT  = 1.000000E+04                                                 
EIGENSOLACCEL    = ON                                                           
ELEMGEOMCHECKS   = ON                                                           
ELEMGEOMFATAL    = OFF                                                          
ELEMGEOMOUT      = OFF                                                          
ELEMRSLTCORD     = MATERIAL                                                     
ELEMRSLTMAXTYPE  = MAXCORNER                                                    
EMODES           = 30                                                           
ENHCBARRSLT      = OFF                                                          
ENHCCONTACTRSLT  = OFF                                                          
ENHCQUADRSLT     = OFF                                                          
EPSILONFLOAT     = 1.000000E-15                                                 
EQVSTRESSTYPE    = 0                                                            
FACTDIAG         = 1.000000E-10                                                 
FACTRATIOTOL     = 1.000000E+05                                                 
FIXNLTOQUAD      = ON                                                           
FLOATINZERO      = 1.000000E-15                                                 
FLOATOUTZERO     = 1.000000E-15                                                 
FREQRESPRSLTINCR = 10                                                           
FREQRESPRSLTOUT  = ON                                                           
G                = 0.000000E+00                                                 
GPSTRESS         = OFF                                                          
GPWEIGHT         = ON                                                           
GRDPNT           = 0                                                            
GRIDCOLTOL       = 0.000000E+00                                                 
GRIDTEMPASGN     = OFF                                                          
GRIDTEMPAVE      = OFF                                                          
HEXARTOL         = 1.000000E+02                                                 
HEXENODE         = OFF                                                          
HEXFACEMAXIATOL  = 1.650000E+02                                                 
HEXFACEMAXIATOL  = 1.650000E+02                                                 
HEXFACEMINIATOL  = 2.500000E+01                                                 
HEXFACESKEWTOL   = 6.500000E+01                                                 
HEXFACETAPERTOL  = 7.500000E-01                                                 
HEXFACEWARPTOL   = 4.500000E+01                                                 
HEXINODE         = OFF                                                          
HEXMAXEPADTOL    = 3.000000E+01                                                 
HEXMINEPLRTOL    = 5.000000E-01                                                 
HEXREDORD        = ON                                                           
HFREQ            = 1.000000E+30                                                 
HPNLMATREDORD    = AUTO                                                         
HPNLMATSFACT     = AUTO                                                         
INERTIALRELIEF   = OFF                                                          
INITSLINEKSFACT  = 1.000000E-02                                                 
INITSTRAINSFACT  = 1.000000E+00                                                 
INITSTRESSSFACT  = 1.000000E+00                                                 
J4ROT            = AUTO                                                         
KDAMP            = 1                                                            
K6ROT            = 1.000000E+02                                                 
KRIGIDELEM       = 1.462022E+08                                                 
LANCZOSVECT      = OFF                                                          
LANGLE           = GIMBAL                                                       
LARC02TSAITOL    = 2.000000E+00                                                 
LFREQ            = 0.000000E+00                                                 
LGDISP           = 0                                                            
LINEARCONTACT    = OFF                                                          
LMODES           = 0                                                            
LNCONTACTITERTOL = 1.000000E-02                                                 
M6ROT            = 0.000000E+00                                                 
MATGEN           = OFF                                                          
MAXADJEDGE       = 100                                                          
MAXBISECTRESTART = OFF                                                          
MAXEIGENRESTART  = 5                                                            
MAXELEMGEOMMSG   = 509716                                                       
MAXIMPACTSTEP    = 0                                                            
MAXINCREFSTRAINP = AUTO                                                         
MAXLNCONTACTITER = -1                                                           
MAXITERRESTART   = 5                                                            
MAXSPARSEITER    = AUTO                                                         
MAXSRITER        = 100                                                          
MAXTOPTITER      = 200                                                          
MECHSTRAIN       = OFF                                                          
MINSPARSEITER    = 50                                                           
MODALDATABASE    = DELETE                                                       
MODEFSPCSTORE    = ON                                                           
MODEPFACTOR      = ON                                                           
MODEVAROUT       = OFF                                                          
MODLSTAB         = OFF                                                          
NBEAMINTNODE     = 2                                                            
NCBMODE          = 1                                                            
NCONTACTGEOMITER = 1                                                            
NDAMP            = 1.000000E-02                                                 
NITERCUPDATE     = AUTO                                                         
NITERKSUPDATE    = 3                                                            
NITERLCUPDATE    = 10                                                           
NITERMUPDATE     = 3                                                            
NITERPFUPDATE    = 1                                                            
NITERSUPDATE     = 8                                                            
NLAYERS          = 1                                                            
NLCOMPPLYFAIL    = OFF                                                          
NLINDATABASE     = DELETE                                                       
NLINDATALOADSF   = AUTO                                                         
NLINSOLACCEL     = 4                                                            
NLINSOLTOL       = 2                                                            
NLKDIAGAFACT     = 0.000000E+00                                                 
NLKDIAGCOMP      = 123456                                                       
NLKDIAGMINAFACT  = 0.000000E+00                                                 
NLKDIAGSET       = 0                                                            
NLLSSTRAINTYPE   = LOG                                                          
NLLSSTRESSTYPE   = CAUCHY                                                       
NLMATSFACT       = AUTO                                                         
NLMATTABLGEN     = 0.000000E+00                                                 
NLNPDKRESET      = OFF                                                          
NLSUBCREINIT     = OFF                                                          
NLTOL            = 2                                                            
NLTOQUAD         = ON                                                           
NLTRUESTRESS     = OFF                                                          
NOCOMPS          = OFF                                                          
NRBCHECKMODES    = 0                                                            
NSLINEPSURFDIV   = 1                                                            
NSUBINCRBISECT   = 200                                                          
NTOPTLPSLEVEL    = 0                                                            
NTOPTSTRESSDIV   = -1                                                           
OPTION           = ABS                                                          
OUTSETTOL        = 1.000000E-05                                                 
PARTGEOMOUT      = ON                                                           
PARTMASSOUT      = OFF                                                          
PCGLSSDMI        = OFF                                                          
PENTARTOL        = 1.000000E+02                                                 
PENTEGRID        = OFF                                                          
PENTFACEMAXIATOL = 1.650000E+02                                                 
PENTFACEMAXIATOL = 1.650000E+02                                                 
PENTFACEMINIATOL = 2.500000E+01                                                 
PENTFACESKEWTOL  = 6.500000E+01                                                 
PENTFACETAPERTOL = 7.500000E-01                                                 
PENTFACEWARPTOL  = 4.500000E+01                                                 
PENTMAXEPADTOL   = 3.000000E+01                                                 
PENTMINEPLRTOL   = 5.000000E-01                                                 
PENTREDORD       = ON                                                           
PRGPST           = ON                                                           
PYRARTOL         = 1.000000E+02                                                 
PYREGRID         = OFF                                                          
PYRFACEMAXIATOL  = 1.700000E+02                                                 
PYRFACEMAXIATOL  = 1.700000E+02                                                 
PYRFACEMINIATOL  = 5.000000E+00                                                 
PYRFACESKEWTOL   = 8.000000E+01                                                 
PYRFACETAPERTOL  = 7.500000E-01                                                 
PYRFACEWARPTOL   = 4.500000E+01                                                 
PYRMAXEPADTOL    = 3.000000E+01                                                 
PYRMINEPLRTOL    = 5.000000E-01                                                 
PYRREDORD        = ON                                                           
QUADBNDREDORD    = ON                                                           
QUADEQVLOAD      = OFF                                                          
QUADINODE        = OFF                                                          
QUADMAXEPADTOL   = 3.000000E+01                                                 
QUADMAXIATOL     = 1.650000E+02                                                 
QUADMEMREDORD    = ON                                                           
QUADMINEPLRTOL   = 5.000000E-01                                                 
QUADMINIATOL     = 2.500000E+01                                                 
QUADRNODE        = OFF                                                          
QUADSECT         = OFF                                                          
QUADSKEWTOL      = 6.500000E+01                                                 
QUADTAPERTOL     = 7.500000E-01                                                 
QUADWARPLIMIT    = 4.500000E+01                                                 
QUADWARPTOL      = 4.500000E+01                                                 
RADMATRIX        = ON                                                           
RANDRESPINVLEVEL = 1                                                            
RANDRESPRSLTOUT  = ON                                                           
RBCHECKLEVEL     = 0                                                            
RBCHECKMODES     = 0                                                            
RESEQGRID        = OFF                                                          
RESEQGRIDMETHOD  = AUTO                                                         
RESEQSTARTGRID   = 0                                                            
RESVEC           = OFF                                                          
RESVPGF          = 1.000000E-06                                                 
RIGIDBODYMODE    = AUTO                                                         
RIGIDELEM2ELAS   = OFF                                                          
RIGIDELEMCORD    = AUTO                                                         
RIGIDELEMTYPE    = RBE                                                          
ROTINERTIA       = OFF                                                          
RSPECTRA         = OFF                                                          
RSLTDATABASE     = DELETE                                                       
RSLTFILECOMP     = ON                                                           
SCRSPEC          = OFF                                                          
SHEARELEMTYPE    = NASTRAN                                                      
SHELLTVSMATTYPE  = FLEXIBLE                                                     
SIGMA            = 0.000000E+00                                                 
SKINGEN          = DISABLE                                                      
SLINE2RIGIDELEM  = OFF                                                          
SLINEEDGENORMTOL = 6.000000E+01                                                 
SLINEFACENORMTOL = 3.000000E+01                                                 
SLINEFSLIPK      = DIAGONAL                                                     
SLINEKAVG        = OFF                                                          
SLINEKSFACT      = 1.000000E+00                                                 
SLINEKSFACT2TC   = OFF                                                          
SLINEMAXACTCORD  = 0                                                            
SLINEMAXACTDIR   = XYZ                                                          
SLINEMAXACTDIST  = AUTO                                                         
SLINEMAXACTRATIO = 0.000000E+00                                                 
SLINEMAXACTWIDTH = AUTO                                                         
SLINEMAXDISPTOL  = 1.000000E-04                                                 
SLINEMAXPENDIST  = 8.096483E+30                                                 
SLINEOFFSETTOL   = 9.525010E+00                                                 
SLINEOPENKSFACT  = 1.000000E-10                                                 
SLINEPENTOL      = 2.000000E-01                                                 
SLINEPNODEOPTION = BOTH                                                         
SLINEPOSTOL      = 1.000000E-02                                                 
SLINEPROTOL      = 1.000000E-03                                                 
SLINEPLANEZDIR   = 3                                                            
SLINESLIDETYPE   = STATIC                                                       
SLINESTABKSFACT  = 0.000000E+00                                                 
SLINESTABOPTION  = 0                                                            
SLINESTRESSLOC   = PRIMARY                                                      
SLINEUNLOADTOL   = 1.000000E-10                                                 
SOLIDGEN         = DISABLE                                                      
SOLIDGENEXTDIR   = POSITIVE                                                     
SOLIDNODENORMTOL = 6.000000E+01                                                 
SOLUTIONERROR    = OFF                                                          
SORTMODEMASS     = ON                                                           
SPARSEITERMETHOD = PRIMAL                                                       
SPARSEITERMODE   = 1                                                            
SPARSEITERTOL    = 1.000000E-06                                                 
SPARSEMETHOD     = SOLID                                                        
SPCGEN           = OFF                                                          
STIFFRATIOTOL    = 1.000000E-08                                                 
STIFFZEROTOL     = 1.000000E-15                                                 
STRENGTHRATIO    = OFF                                                          
STRESSERROR      = ON                                                           
TABS             = 0.000000E+00                                                 
TETARTOL         = 1.000000E+02                                                 
TEMPDEPCOMP      = OFF                                                          
TETEGRID         = OFF                                                          
TETFACEMAXIATOL  = 1.700000E+02                                                 
TETFACEMAXIATOL  = 1.700000E+02                                                 
TETFACEMINIATOL  = 1.000000E+01                                                 
TETFACESKEWTOL   = 8.000000E+01                                                 
TETINODE         = OFF                                                          
TETMAXEPADTOL    = 3.000000E+01                                                 
TETMINEPLRTOL    = 5.000000E-01                                                 
TETREDORD        = ON                                                           
TOPTACITERSOLTOL = 1.000000E-04                                                 
TOPTACTHRESHOLD  = -1.000000E+00                                                
TOPTALMMETHOD    = 1                                                            
TOPTALMSPSFACT   = 5.000000E-01                                                 
TOPTBTHRESHOLD   = 5.000000E-01                                                 
TOPTCOMPINDEX    = 1.000000E+10                                                 
TOPTDATABASE     = DELETE                                                       
TOPTDEPXITER     = AUTO                                                         
TOPTDESIGNCONSTR = 1.000000E+10                                                 
TOPTDESIGNMODE   = ACCURACY                                                     
TOPTDESIGNREGION = 1                                                            
TOPTDESIGNTOL    = -1.000000E+00                                                
TOPTDTHRESHOLD   = 1.000000E-03                                                 
TOPTELEMEXTTOL   = 1.000000E-02                                                 
TOPTELEMSYMTOL   = 1.000000E-02                                                 
TOPTGEN          = DISABLE                                                      
TOPTGLBDMETHOD   = 3                                                            
TOPTGLBSMETHOD   = 3                                                            
TOPTITERSOLMODE  = AUTO                                                         
TOPTITERTOL      = -1.000000E+00                                                
TOPTMANCONSTR    = DISABLE                                                      
TOPTMANCORD      = 0                                                            
TOPTMANDIR       = XY                                                           
TOPTMAXACTDIST   = 0.000000E+00                                                 
TOPTMAXALPHA     = AUTO                                                         
TOPTMAXBETA      = AUTO                                                         
TOPTMAXDELTAOBJ  = -1.000000E+00                                                
TOPTMAXGRAYSCALE = -1.000000E+00                                                
TOPTMAXPNORMEXP  = 0.000000E+00                                                 
TOPTMINADJVF     = 5.000000E-02                                                 
TOPTMINESHLTHK   = 0.000000E+00                                                 
TOPTSOLACCEL     = OFF                                                          
TOPTSTRESSTOL    = 4.000000E-03                                                 
TOPTSTRESSTYPE   = 1                                                            
TOPTTDMAXEPSILON = 5.000000E-01                                                 
TRIARTOL         = 1.000000E+02                                                 
TRIBNDEDORD      = ON                                                           
TRIELEMTYPE      = DKT                                                          
TRIEQVLOAD       = OFF                                                          
TRIINODE         = OFF                                                          
TRIMAXEPADTOL    = 3.000000E+01                                                 
TRIMAXIATOL      = 1.700000E+02                                                 
TRIMEMREDORD     = ON                                                           
TRIMINEPLRTOL    = 5.000000E-01                                                 
TRIMINIATOL      = 1.000000E+01                                                 
TRIRNODE         = OFF                                                          
TRISKEWTOL       = 6.500000E+01                                                 
TSAI2LARC02      = ON                                                           
TSAI2MCT         = OFF                                                          
TSAI2MCTBVF      = AUTO                                                         
TSAI2MCTFVF      = AUTO                                                         
UNITS            = MM---                                                        
UNRESEQGRID      = ON                                                           
VFM2ACB          = OFF                                                          
VFMADDMETHOD     = ASSEMBLY                                                     
VFMINTERACTTOL   = 1.000000E-10                                                 
VFMNORMTOL       = 3.000000E+01                                                 
VOXELMESH        = OFF                                                          
USAWETSURFACE    = 0                                                            
W3               = 0.000000E+00                                                 
W4               = 0.000000E+00                                                 
WARNING          = ON                                                           
WTMASS           = 1.000000E+00                                                 
XDAMP            = ON                                                           
ZERONPDELEMMASS  = OFF                                                          
ZONADATAOUT      = OFF                                                          

DATABASE STORAGE STATISTICS                                                     

DIRECT ACCESS STORAGE METHOD                                                    
                                                                                
MODEL TRANSLATION DATA        = MEMORY                                          
GRID POINT COORDINATE DATA    = MEMORY                                          
ELEMENT DIRECTION COSINE DATA = MEMORY                                          
ELEMENT SHAPE DATA            = MEMORY                                          
ELEMENT STIFFNESS DATA        = MEMORY                                          
ELEMENT MASS DATA             = DISK                                            
GRID POINT LOAD DATA          = DISK                                            
ELEMENT LOAD DATA             = MEMORY                                          
ELEMENT RESULTS DATA          = MEMORY                                          
NEUTRAL RESULTS DATA          = MEMORY                                          

DIRECT ACCESS STORAGE SPACE REQUIRED                                            
                                                                                
MODEL TRANSLATION DATA        =   10194320 WORDS      77.8 MEGABYTES            
GRID POINT COORDINATE DATA    =     486162 WORDS       3.7 MEGABYTES            
ELEMENT DIRECTION COSINE DATA =    1069272 WORDS       8.2 MEGABYTES            
ELEMENT SHAPE DATA            =     891060 WORDS       6.8 MEGABYTES            
ELEMENT STIFFNESS DATA        =   40979250 WORDS     312.6 MEGABYTES            
ELEMENT MASS DATA             =          0 WORDS       0.0 MEGABYTES            
GRID POINT LOAD DATA          =    5347782 WORDS      40.8 MEGABYTES            
ELEMENT LOAD DATA             =    3764160 WORDS      28.7 MEGABYTES            
ELEMENT RESULTS DATA          =    5149872 WORDS      39.3 MEGABYTES            
OUTPUT SET DATA               =    2277925 WORDS       8.7 MEGABYTES            
NEUTRAL RESULTS DATA          =   45699228 WORDS     348.7 MEGABYTES            
                                                                                
TOTAL                         =     115859 WORDS     883.9 MEGABYTES            

SEQUENTIAL ACCESS STORAGE SPACE REQUIRED                                        
                                                                                
GRID POINT RESULTS                       =      68909 WORDS       0.5 MEGABYTES 
GRID POINT DISPLACEMENT VECTOR           =     567221 WORDS       4.3 MEGABYTES 
ELEMENT RESULTS                          =   13799473 WORDS     105.3 MEGABYTES 
GRID POINT FORCE VECTOR                  =     187885 WORDS       1.4 MEGABYTES 
MODEL DATABASE                           =    4705086 WORDS      35.9 MEGABYTES 
[M] ELEMENT MASS/DIFFERENTIAL            =    5503629 WORDS      42.0 MEGABYTES 
[A] GLOBAL STIFFNESS                     =   24813572 WORDS     189.3 MEGABYTES 
[V] GLOBAL VECTOR/DMI                    =    2031660 WORDS      15.5 MEGABYTES 
EIGENVALUE/INITIAL STIFFNESS DATA        =    2916972 WORDS      22.3 MEGABYTES 
MPC EQUATION                             =          0 WORDS       0.0 MEGABYTES 
PCGLSS SOLVER -ELEMENT TYPE DATA         =     793767 WORDS       6.1 MEGABYTES 
PCGLSS SOLVER -ELEMENT STIFFNESS DATA    =    1320216 WORDS      10.1 MEGABYTES 
PCGLSS SOLVER -SPC DATA                  =     112760 WORDS       0.9 MEGABYTES 
PCGLSS SOLVER -GLOBAL VECTOR DATA        =       1530 WORDS       0.0 MEGABYTES 
PCGLSS SOLVER -TET MATERIAL DATA (E)     =          5 WORDS       0.0 MEGABYTES 
PCGLSS SOLVER -TET MATERIAL DATA (RHO)   =          3 WORDS       0.0 MEGABYTES 
PCGLSS SOLVER -TET MATERIAL DATA (Q)     =          3 WORDS       0.0 MEGABYTES 
                                                                                
TOTAL                                    =      56822 WORDS     433.5 MEGABYTES 

WARNING AND ERROR MESSAGE SUMMARY                                               
                                                                                
WARNING G3012: - ELEMENT - HAS A SKEW ANGLE GREATER THAN -               (21)   
WARNING G3015: - ELEMENT - HAS AN INTERIOR ANGLE LESS THAN -             (41)   
WARNING G3051: MODIFYING SECONDARY GRID - POSITION ON CONTACT ELEMENT -  (1054) 
WARNING G3053: THERE WERE - SEGMENTS REMOVED IN CONTACT ELEMENT -        (36)   
WARNING G3054: THERE WERE - SEGMENTS CONVERTED IN CONTACT ELEMENT -      (12)   
                                                                                

MODEL ANALYSIS TIME SUMMARY                                                     
                                                                                
TOTAL CPU TIME = 38.91 SECONDS                                                  
WALLCLOCK TIME = 50.43 SECONDS                                                  

EXECUTION TERMINATED NORMALLY                                                   
                                                                                
TOTAL WARNINGS     = 1164                                                       
TOTAL FATAL ERRORS = 0                                                          
