 
                                                                        02/28/26  22:26  ADS NASTRAN VERSION 20.2.0.23   PAGE      1
 
 
 
 
 
 
 
 
                *********   *         *  ***********   *********   **********   **********   *********   *         *
               *         *  *         *       *       *         *  *         *  *           *            *       *
               *         *  *         *       *       *         *  *         *  *           *            *     *
               *         *  *         *       *       *         *  *         *  *           *            *   *
               *         *  *         *       *       *         *  *         *  *           *            * *
               ***********  *         *       *       *         *  *         *  **********   *********   *
               *         *  *         *       *       *         *  *         *  *                     *  * *
               *         *  *         *       *       *         *  *         *  *                     *  *   *
               *         *  *         *       *       *         *  *         *  *                     *  *     *
               *         *  *         *       *       *         *  *         *  *                     *  *       *
               *         *   *********        *        *********   **********   **********   *********   *         *
 
 
                     *         *   *********    *********   ***********  **********    *********   *         *
                     **        *  *         *  *                 *       *         *  *         *  **        *
                     * *       *  *         *  *                 *       *         *  *         *  * *       *
                     *  *      *  *         *  *                 *       *         *  *         *  *  *      *
                     *   *     *  *         *  *                 *       *         *  *         *  *   *     *
                     *    *    *  ***********   *********        *       **********   ***********  *    *    *
                     *     *   *  *         *            *       *       *     *      *         *  *     *   *
                     *      *  *  *         *            *       *       *      *     *         *  *      *  *
                     *       * *  *         *            *       *       *       *    *         *  *       * *
                     *        **  *         *            *       *       *        *   *         *  *        **
                     *         *  *         *   *********        *       *         *  *         *  *         *
 
 
 
                                                          A U T O D E S K
 
 
 
                                          REGISTERED TO:    INCAD_INVENTOR_2026_SP0
 
                                          SERIAL NUMBER:    AIX-IX86-01100-0
 
                                          PROGRAM VERSION:  20.2.0.23
 
                                          CPU VERSION:      Intel Pentium
 
                                          OS VERSION:       Windows x64
 
                                          DEVELOPED BY:     Autodesk, Inc
                                                            One Market, Ste. 400
                                                            San Francisco, CA 94105
 
                                                            Support Phone  866-487-8680
                                                            Support URL    subscription.autodesk.com
                                                            Product URL    autodesk.com/simulation-software
 
 
 
                                          Software (C) Copyright 2023
                                          Autodesk, Inc.
                                          All Rights Reserved.
 
                                          Integrated PCGLSS Solver (C) Copyright 1992-2023
                                          Computational Applications and System Integration, Inc.
 
                                          NASTRAN is a registered trademark of the National Aeronautics
                                          and Space Administration.
 
 
 
 
 
 
 
                                                                        02/28/26  22:26  ADS NASTRAN VERSION 20.2.0.23   PAGE      2
 
 
 
 
                                  M O D E L   I N I T I A L I Z A T I O N   D I R E C T I V E S
 
 
 
 
 [FILE MANAGEMENT DIRECTIVES]
 
 DATABASE         = 98b5j6ua5.NDB
 FILESIGNATURE    = 6166052096
 FILEBUFFERSIZE   = 1000
 FILESPEC         = C:\ProgramData\Autodesk\Nastran 2026\Temp\NDB6166052096.TMP\
 NFILEBUFFER      = 1
 PURGE            = ON
 RSLTFILEPURGE    = ON
 
 [OUTPUT CONTROL DIRECTIVES]
 
 BULKDATAOUT      = OFF
 BULKDATASORT     = ON
 DISKSTATUS       = ON
 ELAPSEDTIME      = OFF
 FEMAPRSLTVECTID  = ON
 INCRRSLTOUT      = ON
 LEFTMARGIN       = 1
 LINE             = 75
 MEMORYSTATUS     = ON
 MODLDATAFORMAT   = 3
 MODLDATAOUT      = ON
 MODLINITOUT      = ON
 MODLSTATUS       = DISPLAY
 OUTCONTSYMBOL    = OFF
 OUTDISPGEOMMODE  = 1
 OUTDISPSETID     = 100
 OUTGRIDOFFSET    = 100000
 OUTLOADSETID     = 100
 OUTPAGEFORMAT    = OFF
 OUTSPCSETID      = 100
 OUTSTRNSETID     = 100
 OUTTEMPSETID     = 100
 OUTZEROVECT      = OFF
 PCHFILEDBLEPRCS  = OFF
 PCHFILETYPE      = NASTRAN
 RSLTFILECOMP     = AUTO
 RSLTFILEDBLEPRCS = OFF
 RSLTFILETYPE     = FEMAP BINARY
 SECONDS          = ON
 SYSTEMSTATUS     = OFF
 TRSLDISPDATA     = OFF
 TRSLDMIDATA      = OFF
 TRSLMODLDATA     = OFF
 TRSLPRESDATA     = OFF
 TRSLRBSEDATA     = OFF
 TRSLSPCDATA      = OFF
 TRSLSTRNDATA     = OFF
 TRSLTEMPDATA     = OFF
 XYPLOTCSVOUT     = OFF
 
 [MEMORY MANAGEMENT DIRECTIVES]
 
 MAXRAM           = 0
 MINRAM           = 0
 RAM              = 0
 RESERVEDRAM      = 0
 
 
 
 
 
 
 
                                                                        02/28/26  22:26  ADS NASTRAN VERSION 20.2.0.23   PAGE      3
 
 
 
 
                                  M O D E L   I N I T I A L I Z A T I O N   D I R E C T I V E S
 
 
 
 [PROGRAM CONTROL DIRECTIVES]
 
 DECOMPAUTOSIZE   = 50000
 DECOMPMETHOD     = AUTO
 DYNRSLTMETHOD    = AUTO
 EXTRACTAUTOSIZE  = 10000
 EXTRACTMETHOD    = AUTO
 GPWEIGHTMETHOD   = AUTO
 LICENSEMANAGER   = ADLM
 RESTART          = OFF
 RSPECDISPMETHOD  = NODAL
 RSPECVECTMETHOD  = ON
 SHELLEGRID       = OFF
 SOLIDEGRID       = OFF
 WAITFORLICENSE   = 3
 
 
 
 
 
 
 
 
                                                                        02/28/26  22:26  ADS NASTRAN VERSION 20.2.0.23   PAGE      4
 
 
 
 
                         S U B C A S E   C O N S T R A I N T   A N D   L O A D   S E T   D E F I N I T I O N
 
    SUBCASE                                LABEL                               CONSTRAINT SET IDS             LOAD SET IDS
      ID                                                                         SPC        MPC       LOAD      DEFORM   TEMPERATURE
        1     SUBCASE 1                                                            4       NONE          1       NONE       NONE
 
 
 
 
 
 
 
 
                                                                        02/28/26  22:26  ADS NASTRAN VERSION 20.2.0.23   PAGE      5
 
 
 
 
                          R E C T A N G U L A R   C O O R D I N A T E   S Y S T E M   D E F I N I T I O N
 
  COORDINATE   ORIGIN COORDINATES          X-AXIS DIRECTION COSINES       Y-AXIS DIRECTION COSINES       Z-AXIS DIRECTION COSINES
      ID     X1        X2        X3         V1        V2        V3         V1        V2        V3         V1        V2        V3
        1 3.055E-12-9.714E+02 4.228E+02  1.000E+00-1.352E-15 0.000E+00  0.000E+00 0.000E+00 1.000E+00 -1.352E-15-1.000E+00 0.000E+00
        2 0.000E+00-9.714E+02-4.228E+02  1.000E+00 0.000E+00 0.000E+00  0.000E+00 0.000E+00 1.000E+00  0.000E+00-1.000E+00 0.000E+00
        3 2.238E+02-9.720E+02-6.447E-04 -9.803E-01-1.975E-01 0.000E+00 -1.975E-01 9.803E-01 0.000E+00  0.000E+00 0.000E+00-1.000E+00
        4-2.238E+02-9.720E+02-1.155E-05  9.803E-01-1.975E-01 0.000E+00  1.975E-01 9.803E-01 0.000E+00  0.000E+00 0.000E+00 1.000E+00
        5 0.000E+00-2.032E-12 0.000E+00  1.215E-14 6.048E-01-7.964E-01 -1.600E-14-7.964E-01-6.048E-01 -1.000E+00 2.009E-14 0.000E+00
        6-1.684E+02-7.451E+02 2.209E+02  0.000E+00 0.000E+00-1.000E+00  1.975E-01 9.803E-01 0.000E+00  9.803E-01-1.975E-01 0.000E+00
        7 1.684E+02-7.451E+02-2.209E+02  0.000E+00 0.000E+00 1.000E+00 -1.975E-01 9.803E-01 0.000E+00 -9.803E-01-1.975E-01 0.000E+00
        8-1.591E+02-7.470E+02-2.209E+02  0.000E+00 0.000E+00 1.000E+00  1.975E-01 9.803E-01 0.000E+00 -9.803E-01 1.975E-01 0.000E+00
        9 1.591E+02-7.470E+02 2.209E+02  0.000E+00 0.000E+00-1.000E+00 -1.975E-01 9.803E-01 0.000E+00  9.803E-01 1.975E-01 0.000E+00
       10-4.763E+00 1.905E+01-1.905E+01  0.000E+00 0.000E+00 1.000E+00  1.000E-14 1.000E+00 0.000E+00 -1.000E+00 1.000E-14 0.000E+00
       11 4.763E+00 1.905E+01 1.905E+01  0.000E+00 0.000E+00-1.000E+00 -3.633E-06 1.000E+00 0.000E+00  1.000E+00 3.633E-06 0.000E+00
       12-2.110E+02-9.810E+02 0.000E+00 -1.000E-24-1.000E-12 1.000E+00  1.000E-12 1.000E+00 1.000E-12 -1.000E+00 1.000E-12 0.000E+00
       13 2.110E+02-9.810E+02 0.000E+00  0.000E+00 0.000E+00-1.000E+00  0.000E+00 1.000E+00 0.000E+00  1.000E+00 0.000E+00 0.000E+00
       14 4.763E+00-4.703E-12-2.220E-15  3.266E-12-8.991E-07 1.000E+00 -3.633E-06 1.000E+00 8.991E-07 -1.000E+00-3.633E-06 4.960E-26
 
 
 
 
 
 
 
 
                                                                        02/28/26  22:26  ADS NASTRAN VERSION 20.2.0.23   PAGE      6
 
 
 
 
                                  S O L I D   E L E M E N T   P R O P E R T Y   D E F I N I T I O N
 
   PROPERTY     MATERIAL      MATERIAL
      ID           ID       COORDINATE ID
        1            1               0
 
 
 
 
 
 
 
 
                                                                        02/28/26  22:26  ADS NASTRAN VERSION 20.2.0.23   PAGE      7
 
 
 
 
                                      I S O T R O P I C   M A T E R I A L   D E F I N I T I O N
 
   MATERIAL           E            G           NU           RHO         ALPHA        T-REF
      ID
        1         1.030E+04    5.149E+03    1.000E-04    5.500E-10    5.000E-06    0.000E+00
 
 
 
 
 
 
 
 
                                                                        02/28/26  22:26  ADS NASTRAN VERSION 20.2.0.23   PAGE      8
 
 
 
 
                              S U B C A S E   V E C T O R   O U T P U T   S E T   D E F I N I T I O N
 
    SUBCASE          LOAD         DISPLACEMENT       VELOCITY       ACCELERATION       SPC FORCE        MPC FORCE
      ID            VECTOR           VECTOR           VECTOR           VECTOR           VECTOR           VECTOR
        1            NONE              ALL             NONE             NONE              ALL             NONE
 
 
 
 
 
 
 
 
                                                                        02/28/26  22:26  ADS NASTRAN VERSION 20.2.0.23   PAGE      9
 
 
 
 
                             S U B C A S E   E L E M E N T   O U T P U T   S E T   D E F I N I T I O N
 
    SUBCASE         ELEMENT          ELEMENT          ELEMENT          ELEMENT
      ID             FORCE           STRESS           STRAIN        STRAIN ENERGY
        1            NONE              ALL             NONE             NONE
 
 
 
 
 
 
 
 
                                                                        02/28/26  22:26  ADS NASTRAN VERSION 20.2.0.23   PAGE     10
 
 
 
 
                                S U B C A S E   G R I D   O U T P U T   S E T   D E F I N I T I O N
 
    SUBCASE        GRID POINT      GRID POINT       GRID POINT    GRID POINT STRESS
      ID             FORCE           STRESS           STRAIN        DISCONTINUITY
        1            NONE             NONE             NONE             NONE
 
 
 
 
 
 
 
 
                                                                        02/28/26  22:26  ADS NASTRAN VERSION 20.2.0.23   PAGE     11
 
 
 
 
                                                     S E T   D E F I N I T I O N
 
     SET                                                   ELEMENT/GRID IDS
      ID
        1        14920        14945        15041        15077        15128        15129        15153        15227        15362
                 15442        15466        15499        15952         THRU        15955        16117         THRU        16128
                 16130         THRU        16136        16296        16299        16304        16305        16346        16381
                 16386        16389        16438        16444        16483        16537        16687        16688        16691
                 16693        16695        16696        92750        92845        92886        92909        92922        92943
                 92990        93002        93075        93112        93133        93162        93184        93249        93278
                 93280        93291        93323        93359        93657         THRU        93662        93796         THRU
                 93803         THRU        93805        93814        93815        93818        93819        94264        94265
                 94269        94272        94411        94422        94428        94450        94451        94454        94507
                 94534        94633        94634        94637        94638        94679        94680        94738
        2        28876        28901        28940        29107        29145        29181        29189        29190        29208
                 29212        29244        29292        29311        29427        29453        29465        29533        29593
                 30038         THRU        30041        30203         THRU        30214        30374         THRU        30379
                 30382        30385        30390        30391        30435        30474        30479        30481        30533
                 30540        30577        30634        30790        30791        30794        30796        30798        30799
                 76975        76999        77102        77140        77162        77192        77238        77251        77252
                 77269        77324        77359        77408        77492        77523        77526        77539        77588
                 77605        77905         THRU        77910        78044         THRU        78049        78051         THRU
                 78062        78063        78066        78067        78512        78513        78517        78520        78660
                 78665        78673        78677        78680        78699        78703        78706        78707        78753
                 78880        78881        78884        78885        78926        78927        78993
        3        28877        28884        28900        28926        29089        29100        29106        29110        29122
                 29135        29142        29227        29298        29323        29416        29526        30031         THRU
                 30042         THRU        30053        30215         THRU        30221        30415        30417        30422
                 30489        30578        30635        30651        30745        30800         THRU        30805        45113
                 45138        45272        45305        45311        45419        45420        45465        45476        45481
                 45598        45622        45681        45683        45685        45699        45745        45757        45758
                 45779        45793        46424         THRU        46430        46537         THRU        46542        46668
                 46669        46677         THRU        46679        46682         THRU        46685        46688        46693
                 46696        46844        46847        46855        46860        46861        46951        46955        46963
                 47061        47062        47065         THRU        47067        47074        47171
        4        14810        14817        14827        14858        14859        15032        15040        15045        15056
                 15062        15068        15075        15168        15233        15355        15434        15945         THRU
                 15956         THRU        15967        16129        16288         THRU        16293        16326        16328
                 16334        16387        16482        16536        16553        16697         THRU        16702        61101
                 61231        61260        61301        61415        61459        61465        61471        61584        61597
                 61603        61669        61672        61687        61730        61741        61742        61761        61776
                 62408         THRU        62414        62521         THRU        62526        62652        62653        62661
                  THRU        62664        62666         THRU        62669        62672        62677        62680        62828
                 62831        62841        62845        62846        62851        62865        62932        62935        62943
                 63036        63037        63040         THRU        63042        63049        63140
        5        77089        77090        77304        77621        77624        77735        77736        78325        78326
                 78889        78890        78932        78933       110886       110978       111767         THRU       111771
                111982       111989         THRU       111993       113429       113558       113778       113784
        6        92774        93059        93060        93373        93376        93487        93488        94077        94078
                 94642        94643        94685        94686       136613       136710       137483         THRU       137487
                137698       137705         THRU       137709       139139       139266       139492       139498
        7        42988        42990         THRU        42992        42996        43001        43004        43009         THRU
                 43013        43015        43016        43018        43025        43028         THRU        43031        43033
                  THRU        43035        43041        43043        43048        43049        43052        43056         THRU
                 43061        43067        43068        43070        43072        43075        43078        43080         THRU
                 43084         THRU        43089        43092        43098         THRU        43103        43108         THRU
                 43112         THRU        43114        43116        43119        43122        43129        43132        43135
                 43136        43139        43140        43142        43144        43145        43148        43151        43179
                 43181        43184        43187        43188        43192        43193        43195        43198        43201
                 43203        43205        43207        43208        43213        43218        43220        43221        43225
                 43232        43236        43238        43240        43242        43246       136286         THRU       136306
                137678         THRU       137684       137901         THRU       137907       139494       139495       139502
                  THRU       139515       139921         THRU       139923
        8        42989        42994        42995        42997        42999        43002        43003        43007        43012
 
 
 
 
 
 
                                                                        02/28/26  22:26  ADS NASTRAN VERSION 20.2.0.23   PAGE     12
 
 
 
 
                                                     S E T   D E F I N I T I O N
 
     SET                                                   ELEMENT/GRID IDS
      ID
                 43014         THRU        43017        43019         THRU        43021        43023        43024        43032
                 43036         THRU        43040        43042        43044        43047        43050        43053         THRU
                 43060        43062         THRU        43066        43071        43076        43077        43083        43090
                 43091        43093         THRU        43097        43106        43117        43118        43120        43121
                 43124         THRU        43128        43130        43131        43133        43134        43137        43138
                 43141        43143        43146        43147        43149        43150        43178        43180        43182
                 43183        43185        43186        43191        43194        43196        43197        43202        43206
                 43209        43212        43214        43217        43219        43222        43224        43230        43235
                 43237        43239        43241        43243        43246        43250       110576         THRU       110596
                111962         THRU       111968       112185         THRU       112191       113780       113781       113788
                  THRU       113801       114207         THRU       114210
        9        77028        77623        77626        77755        77756        78305        78306        78679        78893
                 78894        78928        78929       111030       111397       111870         THRU       111874       111980
                112094         THRU       112098       113353       113527       113775       113785
       10        93375        93378        93507        93508        94057        94058        94430        94646        94647
                 94681        94682       136753       137116       137586         THRU       137590       137696       137810
                  THRU       137814       139064       139234       139489       139499
       11        28909        28961        28965        29034        29038        29095        29114        29120        29123
                 29153        29154        29186        29249        29257        29294        29309        29425        29441
                 29447        29459        29502        29505        29519        29529        29560        29607        30122
                  THRU        30133        30292         THRU        30302        30438        30448        30450        30453
                 30576        30586        30589        30786       110892       110913       110926       110932       110933
                110968       110983       111033       111074       111266       111268       111374       111375       111511
                111512       111669       111673       111676       111721       111754       111759       111760       111866
                  THRU       111869       111957         THRU       111961       112495         THRU       112499       113005
                113066       113170       113171       113255       113312       113313       113337       113520       113552
                113573       113770       113787
       12        14837        14868        14892        14913        14960        15029        15054        15086        15087
                 15122        15125        15190        15230        15247        15249        15380        15415        15419
                 15431        15468        15513        16037         THRU        16047        16207         THRU        16217
                 16348        16360        16362        16364        16479        16489        16493        16683       136619
                136639       136652       136658       136659       136696       136697       136723       136758       136801
                136996       136999       137096       137097       137225         THRU       137227       137383       137387
                137434       137442       137470       137475       137476       137582         THRU       137585       137673
                  THRU       137677       138211         THRU       138215       138722       138777       138880       138881
                138967       139026       139027       139037       139051       139228       139260       139285       139484
                139501
       13        92787        93374        93375        93494        94059        94645        94646        94682        94683
                136546       137695       137696       137703       137805       139489       139490       139496       139499
       14        77034        77622        77623        77742        78307        78892        78893        78929        78930
                110823       111979       111980       111987       112089       113775       113776       113782       113785
       15        93091        93092        93374        93377        93490         THRU        93493        94061         THRU
                 94345        94346        94546        94547        94589        94644        94645        94683        94684
                136958       137699         THRU       137704       137918         THRU       137921       138779       138782
                139223       139224       139230       139490       139491       139496       139497
       16        77333        77334        77622        77625        77738         THRU        77741        78309         THRU
                 78590        78591        78791        78792        78837        78891        78892        78930        78931
                111233       111983         THRU       111988       112202         THRU       112205       113068       113071
                113515       113516       113522       113776       113777       113782       113783
       17       109544       109546         THRU       109549       109551       109554       109555       109560       109561
                109567       109568       109570       109572       109574       109576       109579         THRU       109582
                109585         THRU       109610       109612       109613       109619       109629       109646         THRU
                109652       109653       109655         THRU       109658       109663       109669         THRU       109675
                109680         THRU       109682       109687         THRU       109690       109693         THRU       109695
                109701       109702       109704       109708       109713         THRU       109716       136307       136313
                136315       136382       136396       136429       136430       136452       136538       136539       136594
                136936       136979       136980       137080       137106       137114       137140       137141       137278
                137376       137379       137394       137423         THRU       137425       137429       137440       137441
                137471       137478       137479       137800         THRU       137804       137901         THRU       137917
                138019         THRU       138023       138675         THRU       138678       138681       138682       138685
 
 
 
 
 
 
                                                                        02/28/26  22:26  ADS NASTRAN VERSION 20.2.0.23   PAGE     13
 
 
 
 
                                                     S E T   D E F I N I T I O N
 
     SET                                                   ELEMENT/GRID IDS
      ID
                138686       138691       138692       138882       138883       138947       138948       139025       139033
                139034       139147       139274       139486       139493         THRU       139495       139507       139509
                139513       139520
       18       108500       108502       108504       108505       108507       108509       108510       108512       108515
                108520         THRU       108522       108524       108526       108528       108530       108533         THRU
                108539       108541         THRU       108565       108567       108568       108574       108584       108601
                  THRU       108605       108607       108608       108610         THRU       108612       108617       108624
                  THRU       108630       108635         THRU       108638       108642         THRU       108644       108647
                  THRU       108650       108656       108657       108659       108663       108668         THRU       108671
                110597       110600       110644       110673       110687       110716       110717       110757       110813
                110815       110828       110875       110966       111026       111052       111211       111220       111253
                111254       111360       111387       111395       111422       111428       111566       111631       111661
                111665       111681       111710       111711       111715       111727       111728       111755       111762
                111763       112084         THRU       112088       112185         THRU       112201       112303         THRU
                112959         THRU       112962       112965       112966       112969       112970       112975       112976
                113172       113173       113237       113238       113311       113319       113564       113772       113779
                  THRU       113781       113793       113795       113799       113806
       19        61163        61457        61458        61779        61782        61893        61894        62483        62484
                 63043        63044        63086        63087       136488       136612       136695       137095       137924
                  THRU       137928       138024         THRU       138028       138308       139140       139482       139483
       20        45463        45464        45795        45798        45909        45910        46499        46500        46866
                 47068        47069        47111        47112       110615       110885       110967       111373       112208
                  THRU       112212       112308         THRU       112312       112592       113430       113559       113768
                113769
       21        61781        61784        61913        61914        62463        62464        62833        63047        63048
                 63082        63083       136890       137117       138124         THRU       138128       138216         THRU
                138321       139066       139235       139476       139479
       22        45177        45178        45797        45800        45929        45930        46479        46480        46849
                 47072        47073        47107        47108       111167       111398       112408         THRU       112412
                112500         THRU       112504       112605       113355       113528       113762       113765
       23        61490        61491        61780        61783        61896         THRU        61899        62467         THRU
                 62748        62749        62948        62949        62992        63045        63046        63084        63085
                136434       136511       138310         THRU       138318       138320       138780       138781       139222
                139225       139229       139477       139478       139480       139481
       24        45500        45501        45796        45799        45912         THRU        45915        46483         THRU
                 46764        46765        46966        46967        47012        47070        47071        47109        47110
                110786       112594         THRU       112602       112604       113069       113070       113514       113517
                113521       113763       113764       113766       113767
       25        61178        61780        61781        61900        62465        63046        63047        63083        63084
                136547       138319         THRU       138322       139476         THRU       139479
       26        45585        45796        45797        45916        46481        47071        47072        47108        47109
                110824       112603         THRU       112606       113762         THRU       113765
       27           33           53          114          136          141          169          187          267          268
                   551         THRU          554          558          559          733         THRU          736          806
                   807          917          981          983        28992        29023        29195        29197        30020
                 30021        30024        30027        30036        30037        30605        30803        30804        30807
                 30810
       28         7315         7346         7374         7389         7463         7501         7589         7591         7874
                  THRU         7877         8056         THRU         8059         8064         8065         8079         8106
                  8110         8306         8307        14916        14944        15132        15134        15934        15935
                 15938        15941        15950        15951        16509        16700        16701        16704        16707
       29           10           66           69          138          467         THRU          470          649         THRU
                   741          742          752          754          780          782          835          916          977
                   978        14897        15133        16300         THRU        16305        16508        16687         THRU
       30         7344         7376         7412         7439         7470         7503         7540         7595         7597
                  7790         THRU         7793         7881         7882         7972         THRU         7975         8144
                  8145         8244         8310         8312        28968        29196        30386         THRU        30391
                 30604        30790         THRU        30793
       31           55           75          461         THRU          466          549         THRU          554          557
                   864          870          929          983          984        45613        46688         THRU        46691
 
 
 
 
 
 
                                                                        02/28/26  22:26  ADS NASTRAN VERSION 20.2.0.23   PAGE     14
 
 
 
 
                                                     S E T   D E F I N I T I O N
 
     SET                                                   ELEMENT/GRID IDS
      ID
                 47063         THRU        47066
       32           57           76          379         THRU          383          467         THRU          472          739
                   862          868          978          979        93199        94266         THRU        94269        94637
                  THRU        94640
       33         7545         7550         7785         THRU         7789         7872         THRU         7877         8062
                  8190         8195         8257         8307         8308        61598        62676         THRU        62679
                 63034         THRU        63037
       34         7310         7506         7547         7702         THRU         7707         7790         THRU         7795
                  7880         8196         8258         8312         8313        77438        78518         THRU        78521
                 78880         THRU        78883
       35         7400         7546         7966         THRU         7970         8054         THRU         8059         8063
                  8191         8197         8259         8306         8309        61599        62672         THRU        62675
                 63038         THRU        63041
       36         7377         7549         7883         THRU         7887         7971         THRU         7977         8189
                  8194         8256         8310         8311        77439        78514         THRU        78517        78884
                  THRU        78887
       37           56          227          642         THRU          648          731         THRU          736          863
                   869          981          982        45612        46692         THRU        46695        47059         THRU
       38           91          225          560         THRU          565          649         THRU          654          740
                   865          871          930          977          980        93198        94270         THRU        94273
                 94633         THRU        94636
       39        42989        42995        42997        43002        43007         THRU        43009        43012        43015
                  THRU        43017        43020        43023        43037        43038        43041        43042        43047
                 43050        43054        43055        43057        43062        43073        43076        43077        43083
                 43090         THRU        43096        43104        43105        43117        43121        43126        43127
                 43131        43134        43137        43138        43141        43147        43178        43182        43183
                 43185        43186        43194        43196        43197        43206        43212        43217        43224
                 43230        43235        43237        43246         THRU        43250       108495       108496       108498
                108499       108555         THRU       108565       108585         THRU       108594       108660       108661
                108671       108674       108675
       40        42990        42996        43001        43004        43008        43009        43011        43013        43015
                 43016        43018        43025        43030        43033        43034        43041        43043        43048
                 43050        43052        43057         THRU        43059        43067        43070        43073        43075
                 43078        43080         THRU        43082        43086        43092        43093        43100         THRU
                 43104        43105        43108        43109        43112         THRU        43114        43122        43127
                 43132        43134         THRU        43136        43139        43140        43142        43179        43182
                 43184        43187        43193        43195        43198        43203        43207        43218        43225
                 43232        43236        43246         THRU        43250       109538       109539       109542       109543
                109600         THRU       109610       109630         THRU       109639       109705       109706       109716
                109719       109720
 
 
 
 
 
 
 
 
                                                                        02/28/26  22:26  ADS NASTRAN VERSION 20.2.0.23   PAGE     15
 
 
 
 
                                                  V O L U M E   D E F I N I T I O N
 
    VOLUME     ELEMENT SET     COORDINATE
      ID           ID              ID
        0          ALL             GRID
 
 
 
 
 
 
 
 
                                                                        02/28/26  22:26  ADS NASTRAN VERSION 20.2.0.23   PAGE     16
 
 
 
 
                                                 S U R F A C E   D E F I N I T I O N
 
    SURFACE    ELEMENT SET     COORDINATE       X-AXIS       NORMAL
      ID           ID              ID
        0          ALL             GRID            X            Z
 
 
 
 
 
 
 
 
                                                                        02/28/26  22:26  ADS NASTRAN VERSION 20.2.0.23   PAGE     17
 
 
 
 
                                         M O D E L   P A R A M E T E R   D E F I N I T I O N
 
 
 
 
 ELEMENT STIFFNESS MATRIX FORMULATION PARAMETERS
 
 TET ELEMENT INTERNAL NODE                         = OFF
 TET ELEMENT REDUCED ORDER INTEGRATION             = ON
 
 
 
 MODEL SOLUTION SEQUENCE PARAMETERS
 
 STIFFNESS MATRIX AUTOMATIC SINGLE POINT CONSTRAINT                                = ON
 STIFFNESS MATRIX DIAGONAL RATIO TOLERANCE FOR AUTOMATIC SINGLE POINT CONSTRAINT   = 1.000000E-08
 STIFFNESS MATRIX FACTOR DIAGONAL RATIO TOLERANCE FOR MECHANISM DETECTION          = 1.000000E+05
 FLOATING POINT PRECISION CONSTANT FOR STIFFNESS MATRIX FACTORIZATION              = 1.000000E-15
 MODEL RESULTS FLOATING POINT ZERO TOLERANCE                                       = 1.000000E-15
 
 
 
 
 
 
 
                                                                        02/28/26  22:26  ADS NASTRAN VERSION 20.2.0.23   PAGE     18
 
 
 
 
                                                M O D E L   D A T A B A S E   S I Z E
 
 
 
 
 MODEL DATABASE SIZE
 
 SUBCASES                     =        1
 COORDINATE SYSTEMS           =       14
 GRID POINTS                  =   162054
 ELEMENTS                     =    89106
 ELEMENT PROPERTIES           =        1
 MATERIAL PROPERTIES          =        1
 SINGLE POINT CONSTRAINTS     =    12461
 GRID POINT FORCES            =     2239
 SETS                         =       41
 SURFACES                     =        1
 VOLUMES                      =        1
 
 
 
 
 
 
 
                                                                        02/28/26  22:26  ADS NASTRAN VERSION 20.2.0.23   PAGE     19
 
 
 
 
 
 
 
 
 
 MODEL SIZE    =      507915 DEGREES OF FREEDOM
 MATRIX SIZE   =    17445333 WORDS      133.1 MEGABYTES
 SEMIBANDWIDTH =         218 WORDS
 
 MODEL GENERALIZED SHAPE RATIO = 3.4143E-01
 
 SURFACE CONTACT GEOMETRY STATISTICS
 
 CONTACT SURFACE 126
 
 NUMBER OF CONTACT SEGMENTS = 264
 CONTACT SURFACE AREA       = 1.7816E+03
 
 CONTACT SURFACE 129
 
 NUMBER OF CONTACT SEGMENTS = 266
 CONTACT SURFACE AREA       = 1.8113E+03
 
 CONTACT SURFACE 132
 
 NUMBER OF CONTACT SEGMENTS = 268
 CONTACT SURFACE AREA       = 1.8370E+03
 
 CONTACT SURFACE 135
 
 NUMBER OF CONTACT SEGMENTS = 255
 CONTACT SURFACE AREA       = 1.8734E+03
 
 CONTACT SURFACE 138
 
 NUMBER OF CONTACT SEGMENTS = 42
 CONTACT SURFACE AREA       = 4.0448E+02
 
 CONTACT SURFACE 141
 
 NUMBER OF CONTACT SEGMENTS = 42
 CONTACT SURFACE AREA       = 4.0362E+02
 
 CONTACT SURFACE 144
 
 NUMBER OF CONTACT SEGMENTS = 468
 CONTACT SURFACE AREA       = 1.2253E+03
 
 CONTACT SURFACE 147
 
 NUMBER OF CONTACT SEGMENTS = 455
 CONTACT SURFACE AREA       = 1.1956E+03
 
 CONTACT SURFACE 150
 
 NUMBER OF CONTACT SEGMENTS = 42
 CONTACT SURFACE AREA       = 3.5617E+02
 
 CONTACT SURFACE 153
 
 NUMBER OF CONTACT SEGMENTS = 34
 CONTACT SURFACE AREA       = 3.5735E+02
 
 CONTACT SURFACE 156
 
 
 
 
 
 
                                                                        02/28/26  22:26  ADS NASTRAN VERSION 20.2.0.23   PAGE     20
 
 
 
 
 
 
 
 
 
 NUMBER OF CONTACT SEGMENTS = 254
 CONTACT SURFACE AREA       = 1.8218E+03
 
 CONTACT SURFACE 159
 
 NUMBER OF CONTACT SEGMENTS = 256
 CONTACT SURFACE AREA       = 1.8734E+03
 
 CONTACT SURFACE 162
 
 NUMBER OF CONTACT SEGMENTS = 32
 CONTACT SURFACE AREA       = 1.8450E+02
 
 CONTACT SURFACE 165
 
 NUMBER OF CONTACT SEGMENTS = 30
 CONTACT SURFACE AREA       = 1.8450E+02
 
 CONTACT SURFACE 168
 
 NUMBER OF CONTACT SEGMENTS = 113
 CONTACT SURFACE AREA       = 5.7150E+02
 
 CONTACT SURFACE 171
 
 NUMBER OF CONTACT SEGMENTS = 113
 CONTACT SURFACE AREA       = 5.7150E+02
 
 CONTACT SURFACE 174
 
 NUMBER OF CONTACT SEGMENTS = 483
 CONTACT SURFACE AREA       = 2.6807E+03
 
 CONTACT SURFACE 177
 
 NUMBER OF CONTACT SEGMENTS = 477
 CONTACT SURFACE AREA       = 2.6891E+03
 
 CONTACT SURFACE 180
 
 NUMBER OF CONTACT SEGMENTS = 50
 CONTACT SURFACE AREA       = 4.0335E+02
 
 CONTACT SURFACE 183
 
 NUMBER OF CONTACT SEGMENTS = 45
 CONTACT SURFACE AREA       = 4.0476E+02
 
 CONTACT SURFACE 186
 
 NUMBER OF CONTACT SEGMENTS = 35
 CONTACT SURFACE AREA       = 3.5852E+02
 
 CONTACT SURFACE 189
 
 NUMBER OF CONTACT SEGMENTS = 47
 CONTACT SURFACE AREA       = 3.5852E+02
 
 CONTACT SURFACE 192
 
 
 
 
 
 
                                                                        02/28/26  22:26  ADS NASTRAN VERSION 20.2.0.23   PAGE     21
 
 
 
 
 
 
 
 
 
 NUMBER OF CONTACT SEGMENTS = 101
 CONTACT SURFACE AREA       = 5.7150E+02
 
 CONTACT SURFACE 195
 
 NUMBER OF CONTACT SEGMENTS = 100
 CONTACT SURFACE AREA       = 5.7150E+02
 
 CONTACT SURFACE 198
 
 NUMBER OF CONTACT SEGMENTS = 30
 CONTACT SURFACE AREA       = 1.8450E+02
 
 CONTACT SURFACE 201
 
 NUMBER OF CONTACT SEGMENTS = 33
 CONTACT SURFACE AREA       = 1.8450E+02
 
 CONTACT SURFACE 204
 
 NUMBER OF CONTACT SEGMENTS = 81
 CONTACT SURFACE AREA       = 4.9190E+02
 
 CONTACT SURFACE 207
 
 NUMBER OF CONTACT SEGMENTS = 84
 CONTACT SURFACE AREA       = 5.1534E+02
 
 CONTACT SURFACE 210
 
 NUMBER OF CONTACT SEGMENTS = 67
 CONTACT SURFACE AREA       = 5.4260E+02
 
 CONTACT SURFACE 213
 
 NUMBER OF CONTACT SEGMENTS = 68
 CONTACT SURFACE AREA       = 4.8225E+02
 
 CONTACT SURFACE 216
 
 NUMBER OF CONTACT SEGMENTS = 29
 CONTACT SURFACE AREA       = 3.6345E+02
 
 CONTACT SURFACE 219
 
 NUMBER OF CONTACT SEGMENTS = 45
 CONTACT SURFACE AREA       = 3.4146E+02
 
 CONTACT SURFACE 222
 
 NUMBER OF CONTACT SEGMENTS = 29
 CONTACT SURFACE AREA       = 3.4416E+02
 
 CONTACT SURFACE 225
 
 NUMBER OF CONTACT SEGMENTS = 50
 CONTACT SURFACE AREA       = 3.6774E+02
 
 CONTACT SURFACE 228
 
 
 
 
 
 
                                                                        02/28/26  22:26  ADS NASTRAN VERSION 20.2.0.23   PAGE     22
 
 
 
 
 
 
 
 
 
 NUMBER OF CONTACT SEGMENTS = 29
 CONTACT SURFACE AREA       = 3.4406E+02
 
 CONTACT SURFACE 231
 
 NUMBER OF CONTACT SEGMENTS = 44
 CONTACT SURFACE AREA       = 3.5595E+02
 
 CONTACT SURFACE 234
 
 NUMBER OF CONTACT SEGMENTS = 39
 CONTACT SURFACE AREA       = 3.7547E+02
 
 CONTACT SURFACE 237
 
 NUMBER OF CONTACT SEGMENTS = 51
 CONTACT SURFACE AREA       = 3.7154E+02
 
 CONTACT SURFACE 240
 
 NUMBER OF CONTACT SEGMENTS = 235
 CONTACT SURFACE AREA       = 7.2549E+02
 
 CONTACT SURFACE 243
 
 NUMBER OF CONTACT SEGMENTS = 233
 CONTACT SURFACE AREA       = 7.2961E+02
 
 TOTAL CONTACT SURFACE AREA = 3.1211E+04
 
 MAXIMUM PENETRATION DISTANCE = 0.0000E+00
 MAXIMUM SLIP DISTANCE        = 0.0000E+00
 
 WARNING G3051: MODIFYING SECONDARY GRID 15954 POSITION ON CONTACT ELEMENT 14819
 
 WARNING G3051: MODIFYING SECONDARY GRID 16483 POSITION ON CONTACT ELEMENT 14940
 
 WARNING G3051: MODIFYING SECONDARY GRID 16124 POSITION ON CONTACT ELEMENT 13979
 
 WARNING G3051: MODIFYING SECONDARY GRID 16386 POSITION ON CONTACT ELEMENT 14581
 
 WARNING G3051: MODIFYING SECONDARY GRID 16389 POSITION ON CONTACT ELEMENT 14808
 
 WARNING G3051: MODIFYING SECONDARY GRID 16122 POSITION ON CONTACT ELEMENT 12792
 
 WARNING G3051: MODIFYING SECONDARY GRID 16120 POSITION ON CONTACT ELEMENT 14427
 
 WARNING G3051: MODIFYING SECONDARY GRID 16296 POSITION ON CONTACT ELEMENT 13683
 
 WARNING G3051: MODIFYING SECONDARY GRID 15955 POSITION ON CONTACT ELEMENT 15241
 
 WARNING G3051: MODIFYING SECONDARY GRID 16123 POSITION ON CONTACT ELEMENT 14954
 
 WARNING G3051: MODIFYING SECONDARY GRID 16537 POSITION ON CONTACT ELEMENT 14819
 
 WARNING G3051: MODIFYING SECONDARY GRID 16299 POSITION ON CONTACT ELEMENT 15015
 
 WARNING G3051: MODIFYING SECONDARY GRID 16696 POSITION ON CONTACT ELEMENT 13150
 
 
 
 
 
 
 
                                                                        02/28/26  22:26  ADS NASTRAN VERSION 20.2.0.23   PAGE     23
 
 
 
 
 
 
 
 
 WARNING G3051: MODIFYING SECONDARY GRID 15153 POSITION ON CONTACT ELEMENT 13979
 
 WARNING G3051: MODIFYING SECONDARY GRID 15362 POSITION ON CONTACT ELEMENT 15017
 
 WARNING G3051: MODIFYING SECONDARY GRID 15499 POSITION ON CONTACT ELEMENT 15233
 
 WARNING G3051: MODIFYING SECONDARY GRID 16128 POSITION ON CONTACT ELEMENT 14753
 
 WARNING G3051: MODIFYING SECONDARY GRID 16688 POSITION ON CONTACT ELEMENT 12843
 
 WARNING G3051: MODIFYING SECONDARY GRID 16438 POSITION ON CONTACT ELEMENT 15233
 
 WARNING G3051: MODIFYING SECONDARY GRID 16126 POSITION ON CONTACT ELEMENT 12990
 
 WARNING G3051: MODIFYING SECONDARY GRID 14945 POSITION ON CONTACT ELEMENT 14823
 
 WARNING G3051: MODIFYING SECONDARY GRID 16125 POSITION ON CONTACT ELEMENT 14767
 
 WARNING G3051: MODIFYING SECONDARY GRID 15077 POSITION ON CONTACT ELEMENT 15089
 
 WARNING G3051: MODIFYING SECONDARY GRID 15442 POSITION ON CONTACT ELEMENT 15017
 
 WARNING G3051: MODIFYING SECONDARY GRID 15041 POSITION ON CONTACT ELEMENT 13550
 
 WARNING G3051: MODIFYING SECONDARY GRID 16127 POSITION ON CONTACT ELEMENT 15157
 
 WARNING G3051: MODIFYING SECONDARY GRID 16119 POSITION ON CONTACT ELEMENT 14647
 
 WARNING G3051: MODIFYING SECONDARY GRID 16121 POSITION ON CONTACT ELEMENT 14134
 
 WARNING G3051: MODIFYING SECONDARY GRID 16687 POSITION ON CONTACT ELEMENT 13189
 
 WARNING G3051: MODIFYING SECONDARY GRID 30634 POSITION ON CONTACT ELEMENT 17173
 
 WARNING G3051: MODIFYING SECONDARY GRID 28940 POSITION ON CONTACT ELEMENT 22548
 
 WARNING G3051: MODIFYING SECONDARY GRID 30481 POSITION ON CONTACT ELEMENT 22548
 
 WARNING G3051: MODIFYING SECONDARY GRID 30206 POSITION ON CONTACT ELEMENT 18911
 
 WARNING G3051: MODIFYING SECONDARY GRID 29533 POSITION ON CONTACT ELEMENT 22540
 
 WARNING G3051: MODIFYING SECONDARY GRID 30040 POSITION ON CONTACT ELEMENT 21116
 
 WARNING G3051: MODIFYING SECONDARY GRID 30205 POSITION ON CONTACT ELEMENT 17243
 
 WARNING G3051: MODIFYING SECONDARY GRID 29465 POSITION ON CONTACT ELEMENT 22617
 
 WARNING G3051: MODIFYING SECONDARY GRID 30213 POSITION ON CONTACT ELEMENT 22151
 
 WARNING G3051: MODIFYING SECONDARY GRID 30211 POSITION ON CONTACT ELEMENT 15993
 
 WARNING G3051: MODIFYING SECONDARY GRID 29244 POSITION ON CONTACT ELEMENT 22411
 
 WARNING G3051: MODIFYING SECONDARY GRID 29292 POSITION ON CONTACT ELEMENT 22578
 
 WARNING G3051: MODIFYING SECONDARY GRID 29212 POSITION ON CONTACT ELEMENT 21902
 
 WARNING G3051: MODIFYING SECONDARY GRID 30041 POSITION ON CONTACT ELEMENT 21933
 
 
 
 
 
 
 
                                                                        02/28/26  22:26  ADS NASTRAN VERSION 20.2.0.23   PAGE     24
 
 
 
 
 
 
 
 
 WARNING G3051: MODIFYING SECONDARY GRID 28876 POSITION ON CONTACT ELEMENT 22525
 
 WARNING G3051: MODIFYING SECONDARY GRID 30207 POSITION ON CONTACT ELEMENT 17295
 
 WARNING G3051: MODIFYING SECONDARY GRID 30210 POSITION ON CONTACT ELEMENT 22420
 
 WARNING G3051: MODIFYING SECONDARY GRID 30533 POSITION ON CONTACT ELEMENT 22181
 
 WARNING G3051: MODIFYING SECONDARY GRID 29145 POSITION ON CONTACT ELEMENT 19576
 
 WARNING G3051: MODIFYING SECONDARY GRID 30577 POSITION ON CONTACT ELEMENT 22254
 
 WARNING G3051: MODIFYING SECONDARY GRID 30212 POSITION ON CONTACT ELEMENT 21087
 
 WARNING G3051: MODIFYING SECONDARY GRID 29427 POSITION ON CONTACT ELEMENT 22617
 
 WARNING G3051: MODIFYING SECONDARY GRID 29208 POSITION ON CONTACT ELEMENT 19393
 
 WARNING G3051: MODIFYING SECONDARY GRID 28901 POSITION ON CONTACT ELEMENT 22254
 
 WARNING G3051: MODIFYING SECONDARY GRID 29311 POSITION ON CONTACT ELEMENT 22617
 
 WARNING G3051: MODIFYING SECONDARY GRID 30799 POSITION ON CONTACT ELEMENT 22525
 
 WARNING G3051: MODIFYING SECONDARY GRID 29107 POSITION ON CONTACT ELEMENT 22254
 
 WARNING G3051: MODIFYING SECONDARY GRID 30790 POSITION ON CONTACT ELEMENT 21309
 
 WARNING G3051: MODIFYING SECONDARY GRID 30479 POSITION ON CONTACT ELEMENT 22622
 
 WARNING G3051: MODIFYING SECONDARY GRID 30382 POSITION ON CONTACT ELEMENT 21918
 
 WARNING G3051: MODIFYING SECONDARY GRID 30209 POSITION ON CONTACT ELEMENT 21450
 
 WARNING G3051: MODIFYING SECONDARY GRID 30385 POSITION ON CONTACT ELEMENT 21248
 
 WARNING G3051: MODIFYING SECONDARY GRID 30214 POSITION ON CONTACT ELEMENT 22525
 
 WARNING G3051: MODIFYING SECONDARY GRID 30208 POSITION ON CONTACT ELEMENT 21062
 
 WARNING G3051: MODIFYING SECONDARY GRID 30791 POSITION ON CONTACT ELEMENT 22059
 
 WARNING G3051: MODIFYING SECONDARY GRID 29135 POSITION ON CONTACT ELEMENT 22157
 
 WARNING G3051: MODIFYING SECONDARY GRID 30578 POSITION ON CONTACT ELEMENT 22520
 
 WARNING G3051: MODIFYING SECONDARY GRID 29106 POSITION ON CONTACT ELEMENT 22446
 
 WARNING G3051: MODIFYING SECONDARY GRID 30044 POSITION ON CONTACT ELEMENT 21915
 
 WARNING G3051: MODIFYING SECONDARY GRID 29227 POSITION ON CONTACT ELEMENT 22379
 
 WARNING G3051: MODIFYING SECONDARY GRID 29526 POSITION ON CONTACT ELEMENT 22379
 
 WARNING G3051: MODIFYING SECONDARY GRID 30045 POSITION ON CONTACT ELEMENT 22206
 
 WARNING G3051: MODIFYING SECONDARY GRID 30042 POSITION ON CONTACT ELEMENT 18623
 
 WARNING G3051: MODIFYING SECONDARY GRID 30046 POSITION ON CONTACT ELEMENT 20440
 
 
 
 
 
 
 
                                                                        02/28/26  22:26  ADS NASTRAN VERSION 20.2.0.23   PAGE     25
 
 
 
 
 
 
 
 
 WARNING G3051: MODIFYING SECONDARY GRID 30415 POSITION ON CONTACT ELEMENT 22584
 
 WARNING G3051: MODIFYING SECONDARY GRID 29089 POSITION ON CONTACT ELEMENT 22584
 
 WARNING G3051: MODIFYING SECONDARY GRID 29416 POSITION ON CONTACT ELEMENT 22584
 
 WARNING G3051: MODIFYING SECONDARY GRID 30049 POSITION ON CONTACT ELEMENT 21199
 
 WARNING G3051: MODIFYING SECONDARY GRID 30651 POSITION ON CONTACT ELEMENT 21936
 
 WARNING G3051: MODIFYING SECONDARY GRID 30048 POSITION ON CONTACT ELEMENT 22075
 
 WARNING G3051: MODIFYING SECONDARY GRID 29122 POSITION ON CONTACT ELEMENT 21050
 
 WARNING G3051: MODIFYING SECONDARY GRID 30051 POSITION ON CONTACT ELEMENT 22612
 
 WARNING G3051: MODIFYING SECONDARY GRID 30047 POSITION ON CONTACT ELEMENT 19023
 
 WARNING G3051: MODIFYING SECONDARY GRID 30216 POSITION ON CONTACT ELEMENT 22567
 
 WARNING G3051: MODIFYING SECONDARY GRID 30050 POSITION ON CONTACT ELEMENT 21043
 
 WARNING G3051: MODIFYING SECONDARY GRID 30800 POSITION ON CONTACT ELEMENT 20155
 
 WARNING G3051: MODIFYING SECONDARY GRID 28900 POSITION ON CONTACT ELEMENT 22243
 
 WARNING G3051: MODIFYING SECONDARY GRID 30745 POSITION ON CONTACT ELEMENT 20456
 
 WARNING G3051: MODIFYING SECONDARY GRID 30635 POSITION ON CONTACT ELEMENT 22446
 
 WARNING G3051: MODIFYING SECONDARY GRID 30032 POSITION ON CONTACT ELEMENT 18817
 
 WARNING G3051: MODIFYING SECONDARY GRID 30034 POSITION ON CONTACT ELEMENT 22446
 
 WARNING G3051: MODIFYING SECONDARY GRID 30043 POSITION ON CONTACT ELEMENT 21915
 
 WARNING G3051: MODIFYING SECONDARY GRID 29142 POSITION ON CONTACT ELEMENT 21936
 
 WARNING G3051: MODIFYING SECONDARY GRID 30035 POSITION ON CONTACT ELEMENT 18817
 
 WARNING G3051: MODIFYING SECONDARY GRID 28926 POSITION ON CONTACT ELEMENT 22210
 
 WARNING G3051: MODIFYING SECONDARY GRID 29110 POSITION ON CONTACT ELEMENT 21430
 
 WARNING G3051: MODIFYING SECONDARY GRID 28877 POSITION ON CONTACT ELEMENT 20224
 
 WARNING G3051: MODIFYING SECONDARY GRID 15947 POSITION ON CONTACT ELEMENT 14075
 
 WARNING G3051: MODIFYING SECONDARY GRID 15962 POSITION ON CONTACT ELEMENT 15242
 
 WARNING G3051: MODIFYING SECONDARY GRID 16482 POSITION ON CONTACT ELEMENT 14976
 
 WARNING G3051: MODIFYING SECONDARY GRID 15040 POSITION ON CONTACT ELEMENT 14286
 
 WARNING G3051: MODIFYING SECONDARY GRID 16700 POSITION ON CONTACT ELEMENT 14471
 
 WARNING G3051: MODIFYING SECONDARY GRID 15434 POSITION ON CONTACT ELEMENT 15155
 
 WARNING G3051: MODIFYING SECONDARY GRID 15168 POSITION ON CONTACT ELEMENT 14658
 
 
 
 
 
 
 
                                                                        02/28/26  22:26  ADS NASTRAN VERSION 20.2.0.23   PAGE     26
 
 
 
 
 
 
 
 
 WARNING G3051: MODIFYING SECONDARY GRID 15946 POSITION ON CONTACT ELEMENT 14972
 
 WARNING G3051: MODIFYING SECONDARY GRID 16536 POSITION ON CONTACT ELEMENT 14286
 
 WARNING G3051: MODIFYING SECONDARY GRID 16698 POSITION ON CONTACT ELEMENT 14352
 
 WARNING G3051: MODIFYING SECONDARY GRID 15945 POSITION ON CONTACT ELEMENT 13975
 
 WARNING G3051: MODIFYING SECONDARY GRID 16697 POSITION ON CONTACT ELEMENT 14471
 
 WARNING G3051: MODIFYING SECONDARY GRID 16293 POSITION ON CONTACT ELEMENT 15248
 
 WARNING G3051: MODIFYING SECONDARY GRID 16701 POSITION ON CONTACT ELEMENT 15046
 
 WARNING G3051: MODIFYING SECONDARY GRID 15045 POSITION ON CONTACT ELEMENT 15046
 
 WARNING G3051: MODIFYING SECONDARY GRID 15951 POSITION ON CONTACT ELEMENT 14552
 
 WARNING G3051: MODIFYING SECONDARY GRID 15949 POSITION ON CONTACT ELEMENT 14076
 
 WARNING G3051: MODIFYING SECONDARY GRID 15948 POSITION ON CONTACT ELEMENT 14286
 
 WARNING G3051: MODIFYING SECONDARY GRID 15950 POSITION ON CONTACT ELEMENT 13914
 
 WARNING G3051: MODIFYING SECONDARY GRID 16702 POSITION ON CONTACT ELEMENT 15248
 
 WARNING G3051: MODIFYING SECONDARY GRID 16292 POSITION ON CONTACT ELEMENT 13933
 
 WARNING G3051: MODIFYING SECONDARY GRID 15964 POSITION ON CONTACT ELEMENT 13660
 
 WARNING G3051: MODIFYING SECONDARY GRID 16129 POSITION ON CONTACT ELEMENT 15248
 
 WARNING G3051: MODIFYING SECONDARY GRID 14827 POSITION ON CONTACT ELEMENT 14531
 
 WARNING G3051: MODIFYING SECONDARY GRID 16699 POSITION ON CONTACT ELEMENT 13975
 
 WARNING G3051: MODIFYING SECONDARY GRID 16553 POSITION ON CONTACT ELEMENT 15185
 
 WARNING G3051: MODIFYING SECONDARY GRID 16291 POSITION ON CONTACT ELEMENT 14481
 
 WARNING G3051: MODIFYING SECONDARY GRID 15959 POSITION ON CONTACT ELEMENT 14382
 
 WARNING G3051: MODIFYING SECONDARY GRID 15958 POSITION ON CONTACT ELEMENT 12314
 
 WARNING G3051: MODIFYING SECONDARY GRID 15056 POSITION ON CONTACT ELEMENT 15046
 
 WARNING G3051: MODIFYING SECONDARY GRID 15075 POSITION ON CONTACT ELEMENT 15185
 
 WARNING G3051: MODIFYING SECONDARY GRID 16387 POSITION ON CONTACT ELEMENT 14450
 
 WARNING G3051: MODIFYING SECONDARY GRID 15961 POSITION ON CONTACT ELEMENT 14712
 
 WARNING G3051: MODIFYING SECONDARY GRID 16326 POSITION ON CONTACT ELEMENT 15242
 
 WARNING G3051: MODIFYING SECONDARY GRID 15956 POSITION ON CONTACT ELEMENT 14605
 
 WARNING G3051: MODIFYING SECONDARY GRID 15068 POSITION ON CONTACT ELEMENT 13629
 
 WARNING G3051: MODIFYING SECONDARY GRID 15963 POSITION ON CONTACT ELEMENT 13629
 
 
 
 
 
 
 
                                                                        02/28/26  22:26  ADS NASTRAN VERSION 20.2.0.23   PAGE     27
 
 
 
 
 
 
 
 
 WARNING G3051: MODIFYING SECONDARY GRID 14859 POSITION ON CONTACT ELEMENT 14605
 
 WARNING G3051: MODIFYING SECONDARY GRID 15960 POSITION ON CONTACT ELEMENT 14577
 
 WARNING G3051: MODIFYING SECONDARY GRID 15957 POSITION ON CONTACT ELEMENT 13914
 
 WARNING G3051: MODIFYING SECONDARY GRID 15355 POSITION ON CONTACT ELEMENT 15155
 
 WARNING G3051: MODIFYING SECONDARY GRID 14858 POSITION ON CONTACT ELEMENT 14486
 
 WARNING G3051: MODIFYING SECONDARY GRID 14817 POSITION ON CONTACT ELEMENT 15247
 
 WARNING G3051: MODIFYING SECONDARY GRID 78889 POSITION ON CONTACT ELEMENT 47133
 
 WARNING G3051: MODIFYING SECONDARY GRID 78325 POSITION ON CONTACT ELEMENT 47133
 
 WARNING G3051: MODIFYING SECONDARY GRID 77090 POSITION ON CONTACT ELEMENT 46337
 
 WARNING G3051: MODIFYING SECONDARY GRID 77736 POSITION ON CONTACT ELEMENT 46319
 
 WARNING G3051: MODIFYING SECONDARY GRID 78933 POSITION ON CONTACT ELEMENT 46319
 
 WARNING G3051: MODIFYING SECONDARY GRID 77621 POSITION ON CONTACT ELEMENT 47133
 
 WARNING G3051: MODIFYING SECONDARY GRID 77089 POSITION ON CONTACT ELEMENT 46924
 
 WARNING G3051: MODIFYING SECONDARY GRID 78932 POSITION ON CONTACT ELEMENT 46851
 
 WARNING G3051: MODIFYING SECONDARY GRID 77735 POSITION ON CONTACT ELEMENT 46142
 
 WARNING G3051: MODIFYING SECONDARY GRID 78890 POSITION ON CONTACT ELEMENT 46832
 
 WARNING G3051: MODIFYING SECONDARY GRID 77624 POSITION ON CONTACT ELEMENT 46924
 
 WARNING G3051: MODIFYING SECONDARY GRID 77304 POSITION ON CONTACT ELEMENT 46924
 
 WARNING G3051: MODIFYING SECONDARY GRID 78326 POSITION ON CONTACT ELEMENT 44144
 
 WARNING G3051: MODIFYING SECONDARY GRID 93373 POSITION ON CONTACT ELEMENT 56017
 
 WARNING G3051: MODIFYING SECONDARY GRID 92774 POSITION ON CONTACT ELEMENT 55351
 
 WARNING G3051: MODIFYING SECONDARY GRID 93376 POSITION ON CONTACT ELEMENT 55980
 
 WARNING G3051: MODIFYING SECONDARY GRID 94686 POSITION ON CONTACT ELEMENT 55938
 
 WARNING G3051: MODIFYING SECONDARY GRID 93059 POSITION ON CONTACT ELEMENT 56115
 
 WARNING G3051: MODIFYING SECONDARY GRID 93060 POSITION ON CONTACT ELEMENT 56017
 
 WARNING G3051: MODIFYING SECONDARY GRID 94077 POSITION ON CONTACT ELEMENT 55989
 
 WARNING G3051: MODIFYING SECONDARY GRID 94642 POSITION ON CONTACT ELEMENT 56008
 
 WARNING G3051: MODIFYING SECONDARY GRID 94685 POSITION ON CONTACT ELEMENT 54958
 
 WARNING G3051: MODIFYING SECONDARY GRID 93488 POSITION ON CONTACT ELEMENT 56115
 
 WARNING G3051: MODIFYING SECONDARY GRID 93487 POSITION ON CONTACT ELEMENT 56115
 
 
 
 
 
 
 
                                                                        02/28/26  22:26  ADS NASTRAN VERSION 20.2.0.23   PAGE     28
 
 
 
 
 
 
 
 
 WARNING G3051: MODIFYING SECONDARY GRID 94643 POSITION ON CONTACT ELEMENT 56066
 
 WARNING G3051: MODIFYING SECONDARY GRID 94078 POSITION ON CONTACT ELEMENT 55989
 
 WARNING G3051: MODIFYING SECONDARY GRID 43187 POSITION ON CONTACT ELEMENT 23671
 
 WARNING G3051: MODIFYING SECONDARY GRID 43086 POSITION ON CONTACT ELEMENT 23618
 
 WARNING G3051: MODIFYING SECONDARY GRID 43236 POSITION ON CONTACT ELEMENT 23754
 
 WARNING G3051: MODIFYING SECONDARY GRID 43240 POSITION ON CONTACT ELEMENT 23260
 
 WARNING G3051: MODIFYING SECONDARY GRID 42992 POSITION ON CONTACT ELEMENT 23653
 
 WARNING G3051: MODIFYING SECONDARY GRID 43048 POSITION ON CONTACT ELEMENT 23653
 
 WARNING G3051: MODIFYING SECONDARY GRID 43049 POSITION ON CONTACT ELEMENT 23740
 
 WARNING G3051: MODIFYING SECONDARY GRID 43109 POSITION ON CONTACT ELEMENT 23718
 
 WARNING G3051: MODIFYING SECONDARY GRID 43011 POSITION ON CONTACT ELEMENT 23774
 
 WARNING G3051: MODIFYING SECONDARY GRID 43035 POSITION ON CONTACT ELEMENT 23587
 
 WARNING G3051: MODIFYING SECONDARY GRID 43122 POSITION ON CONTACT ELEMENT 23654
 
 WARNING G3051: MODIFYING SECONDARY GRID 43101 POSITION ON CONTACT ELEMENT 23705
 
 WARNING G3051: MODIFYING SECONDARY GRID 43112 POSITION ON CONTACT ELEMENT 23796
 
 WARNING G3051: MODIFYING SECONDARY GRID 43081 POSITION ON CONTACT ELEMENT 23629
 
 WARNING G3051: MODIFYING SECONDARY GRID 43100 POSITION ON CONTACT ELEMENT 23648
 
 WARNING G3051: MODIFYING SECONDARY GRID 43198 POSITION ON CONTACT ELEMENT 23797
 
 WARNING G3051: MODIFYING SECONDARY GRID 43136 POSITION ON CONTACT ELEMENT 23796
 
 WARNING G3051: MODIFYING SECONDARY GRID 43225 POSITION ON CONTACT ELEMENT 23496
 
 WARNING G3051: MODIFYING SECONDARY GRID 43207 POSITION ON CONTACT ELEMENT 23587
 
 WARNING G3051: MODIFYING SECONDARY GRID 43220 POSITION ON CONTACT ELEMENT 23740
 
 WARNING G3051: MODIFYING SECONDARY GRID 42996 POSITION ON CONTACT ELEMENT 23556
 
 WARNING G3051: MODIFYING SECONDARY GRID 43084 POSITION ON CONTACT ELEMENT 23738
 
 WARNING G3051: MODIFYING SECONDARY GRID 43080 POSITION ON CONTACT ELEMENT 23680
 
 WARNING G3051: MODIFYING SECONDARY GRID 43070 POSITION ON CONTACT ELEMENT 23752
 
 WARNING G3051: MODIFYING SECONDARY GRID 43067 POSITION ON CONTACT ELEMENT 23743
 
 WARNING G3051: MODIFYING SECONDARY GRID 43193 POSITION ON CONTACT ELEMENT 23654
 
 WARNING G3051: MODIFYING SECONDARY GRID 43179 POSITION ON CONTACT ELEMENT 23721
 
 WARNING G3051: MODIFYING SECONDARY GRID 43195 POSITION ON CONTACT ELEMENT 23622
 
 
 
 
 
 
 
                                                                        02/28/26  22:26  ADS NASTRAN VERSION 20.2.0.23   PAGE     29
 
 
 
 
 
 
 
 
 WARNING G3051: MODIFYING SECONDARY GRID 43102 POSITION ON CONTACT ELEMENT 23520
 
 WARNING G3051: MODIFYING SECONDARY GRID 43181 POSITION ON CONTACT ELEMENT 23738
 
 WARNING G3051: MODIFYING SECONDARY GRID 43108 POSITION ON CONTACT ELEMENT 23715
 
 WARNING G3051: MODIFYING SECONDARY GRID 43013 POSITION ON CONTACT ELEMENT 23797
 
 WARNING G3051: MODIFYING SECONDARY GRID 43031 POSITION ON CONTACT ELEMENT 23796
 
 WARNING G3051: MODIFYING SECONDARY GRID 43072 POSITION ON CONTACT ELEMENT 23562
 
 WARNING G3051: MODIFYING SECONDARY GRID 43110 POSITION ON CONTACT ELEMENT 23585
 
 WARNING G3051: MODIFYING SECONDARY GRID 42988 POSITION ON CONTACT ELEMENT 23774
 
 WARNING G3051: MODIFYING SECONDARY GRID 43004 POSITION ON CONTACT ELEMENT 23797
 
 WARNING G3051: MODIFYING SECONDARY GRID 43033 POSITION ON CONTACT ELEMENT 23795
 
 WARNING G3051: MODIFYING SECONDARY GRID 43058 POSITION ON CONTACT ELEMENT 23616
 
 WARNING G3051: MODIFYING SECONDARY GRID 43218 POSITION ON CONTACT ELEMENT 23720
 
 WARNING G3051: MODIFYING SECONDARY GRID 43052 POSITION ON CONTACT ELEMENT 23721
 
 WARNING G3051: MODIFYING SECONDARY GRID 43139 POSITION ON CONTACT ELEMENT 23795
 
 WARNING G3051: MODIFYING SECONDARY GRID 43030 POSITION ON CONTACT ELEMENT 23718
 
 WARNING G3051: MODIFYING SECONDARY GRID 43196 POSITION ON CONTACT ELEMENT 23784
 
 WARNING G3051: MODIFYING SECONDARY GRID 43126 POSITION ON CONTACT ELEMENT 23749
 
 WARNING G3051: MODIFYING SECONDARY GRID 43239 POSITION ON CONTACT ELEMENT 23243
 
 WARNING G3051: MODIFYING SECONDARY GRID 43014 POSITION ON CONTACT ELEMENT 23766
 
 WARNING G3051: MODIFYING SECONDARY GRID 43178 POSITION ON CONTACT ELEMENT 23789
 
 WARNING G3051: MODIFYING SECONDARY GRID 43094 POSITION ON CONTACT ELEMENT 23635
 
 WARNING G3051: MODIFYING SECONDARY GRID 43038 POSITION ON CONTACT ELEMENT 23635
 
 WARNING G3051: MODIFYING SECONDARY GRID 43096 POSITION ON CONTACT ELEMENT 23788
 
 WARNING G3051: MODIFYING SECONDARY GRID 43120 POSITION ON CONTACT ELEMENT 23739
 
 WARNING G3051: MODIFYING SECONDARY GRID 43180 POSITION ON CONTACT ELEMENT 23580
 
 WARNING G3051: MODIFYING SECONDARY GRID 43128 POSITION ON CONTACT ELEMENT 23550
 
 WARNING G3051: MODIFYING SECONDARY GRID 43017 POSITION ON CONTACT ELEMENT 23749
 
 WARNING G3051: MODIFYING SECONDARY GRID 43007 POSITION ON CONTACT ELEMENT 23657
 
 WARNING G3051: MODIFYING SECONDARY GRID 43138 POSITION ON CONTACT ELEMENT 23770
 
 WARNING G3051: MODIFYING SECONDARY GRID 43083 POSITION ON CONTACT ELEMENT 23789
 
 
 
 
 
 
 
                                                                        02/28/26  22:26  ADS NASTRAN VERSION 20.2.0.23   PAGE     30
 
 
 
 
 
 
 
 
 WARNING G3051: MODIFYING SECONDARY GRID 43106 POSITION ON CONTACT ELEMENT 23751
 
 WARNING G3051: MODIFYING SECONDARY GRID 43095 POSITION ON CONTACT ELEMENT 23788
 
 WARNING G3051: MODIFYING SECONDARY GRID 43243 POSITION ON CONTACT ELEMENT 23768
 
 WARNING G3051: MODIFYING SECONDARY GRID 43023 POSITION ON CONTACT ELEMENT 23490
 
 WARNING G3051: MODIFYING SECONDARY GRID 43235 POSITION ON CONTACT ELEMENT 23694
 
 WARNING G3051: MODIFYING SECONDARY GRID 43219 POSITION ON CONTACT ELEMENT 23324
 
 WARNING G3051: MODIFYING SECONDARY GRID 43062 POSITION ON CONTACT ELEMENT 23749
 
 WARNING G3051: MODIFYING SECONDARY GRID 43237 POSITION ON CONTACT ELEMENT 23650
 
 WARNING G3051: MODIFYING SECONDARY GRID 43137 POSITION ON CONTACT ELEMENT 23673
 
 WARNING G3051: MODIFYING SECONDARY GRID 43002 POSITION ON CONTACT ELEMENT 23751
 
 WARNING G3051: MODIFYING SECONDARY GRID 43186 POSITION ON CONTACT ELEMENT 23467
 
 WARNING G3051: MODIFYING SECONDARY GRID 43053 POSITION ON CONTACT ELEMENT 23755
 
 WARNING G3051: MODIFYING SECONDARY GRID 43065 POSITION ON CONTACT ELEMENT 23248
 
 WARNING G3051: MODIFYING SECONDARY GRID 43066 POSITION ON CONTACT ELEMENT 23791
 
 WARNING G3051: MODIFYING SECONDARY GRID 43217 POSITION ON CONTACT ELEMENT 23791
 
 WARNING G3051: MODIFYING SECONDARY GRID 43121 POSITION ON CONTACT ELEMENT 23304
 
 WARNING G3051: MODIFYING SECONDARY GRID 43224 POSITION ON CONTACT ELEMENT 23785
 
 WARNING G3051: MODIFYING SECONDARY GRID 43039 POSITION ON CONTACT ELEMENT 23756
 
 WARNING G3051: MODIFYING SECONDARY GRID 43197 POSITION ON CONTACT ELEMENT 23770
 
 WARNING G3051: MODIFYING SECONDARY GRID 43020 POSITION ON CONTACT ELEMENT 23773
 
 WARNING G3051: MODIFYING SECONDARY GRID 43194 POSITION ON CONTACT ELEMENT 23756
 
 WARNING G3051: MODIFYING SECONDARY GRID 43042 POSITION ON CONTACT ELEMENT 23789
 
 WARNING G3051: MODIFYING SECONDARY GRID 43097 POSITION ON CONTACT ELEMENT 23166
 
 WARNING G3051: MODIFYING SECONDARY GRID 42995 POSITION ON CONTACT ELEMENT 23770
 
 WARNING G3051: MODIFYING SECONDARY GRID 43117 POSITION ON CONTACT ELEMENT 23791
 
 WARNING G3051: MODIFYING SECONDARY GRID 43206 POSITION ON CONTACT ELEMENT 23788
 
 WARNING G3051: MODIFYING SECONDARY GRID 43090 POSITION ON CONTACT ELEMENT 23745
 
 WARNING G3051: MODIFYING SECONDARY GRID 77623 POSITION ON CONTACT ELEMENT 48005
 
 WARNING G3051: MODIFYING SECONDARY GRID 77626 POSITION ON CONTACT ELEMENT 48032
 
 WARNING G3051: MODIFYING SECONDARY GRID 78306 POSITION ON CONTACT ELEMENT 47865
 
 
 
 
 
 
 
                                                                        02/28/26  22:26  ADS NASTRAN VERSION 20.2.0.23   PAGE     31
 
 
 
 
 
 
 
 
 WARNING G3051: MODIFYING SECONDARY GRID 78893 POSITION ON CONTACT ELEMENT 47021
 
 WARNING G3051: MODIFYING SECONDARY GRID 78929 POSITION ON CONTACT ELEMENT 47779
 
 WARNING G3051: MODIFYING SECONDARY GRID 77755 POSITION ON CONTACT ELEMENT 44551
 
 WARNING G3051: MODIFYING SECONDARY GRID 78894 POSITION ON CONTACT ELEMENT 47865
 
 WARNING G3051: MODIFYING SECONDARY GRID 77756 POSITION ON CONTACT ELEMENT 47725
 
 WARNING G3051: MODIFYING SECONDARY GRID 78305 POSITION ON CONTACT ELEMENT 47654
 
 WARNING G3051: MODIFYING SECONDARY GRID 78928 POSITION ON CONTACT ELEMENT 48032
 
 WARNING G3051: MODIFYING SECONDARY GRID 77028 POSITION ON CONTACT ELEMENT 48032
 
 WARNING G3051: MODIFYING SECONDARY GRID 78679 POSITION ON CONTACT ELEMENT 47891
 
 WARNING G3051: MODIFYING SECONDARY GRID 94058 POSITION ON CONTACT ELEMENT 52948
 
 WARNING G3051: MODIFYING SECONDARY GRID 94057 POSITION ON CONTACT ELEMENT 54617
 
 WARNING G3051: MODIFYING SECONDARY GRID 94430 POSITION ON CONTACT ELEMENT 56081
 
 WARNING G3051: MODIFYING SECONDARY GRID 94682 POSITION ON CONTACT ELEMENT 54957
 
 WARNING G3051: MODIFYING SECONDARY GRID 93375 POSITION ON CONTACT ELEMENT 55156
 
 WARNING G3051: MODIFYING SECONDARY GRID 93508 POSITION ON CONTACT ELEMENT 56081
 
 WARNING G3051: MODIFYING SECONDARY GRID 93507 POSITION ON CONTACT ELEMENT 56081
 
 WARNING G3051: MODIFYING SECONDARY GRID 94646 POSITION ON CONTACT ELEMENT 55156
 
 WARNING G3051: MODIFYING SECONDARY GRID 93378 POSITION ON CONTACT ELEMENT 55993
 
 WARNING G3051: MODIFYING SECONDARY GRID 94647 POSITION ON CONTACT ELEMENT 55337
 
 WARNING G3051: MODIFYING SECONDARY GRID 94681 POSITION ON CONTACT ELEMENT 55993
 
 WARNING G3051: MODIFYING SECONDARY GRID 29529 POSITION ON CONTACT ELEMENT 22519
 
 WARNING G3051: MODIFYING SECONDARY GRID 30129 POSITION ON CONTACT ELEMENT 21390
 
 WARNING G3051: MODIFYING SECONDARY GRID 29607 POSITION ON CONTACT ELEMENT 22460
 
 WARNING G3051: MODIFYING SECONDARY GRID 30453 POSITION ON CONTACT ELEMENT 22207
 
 WARNING G3051: MODIFYING SECONDARY GRID 29120 POSITION ON CONTACT ELEMENT 22635
 
 WARNING G3051: MODIFYING SECONDARY GRID 29257 POSITION ON CONTACT ELEMENT 22560
 
 WARNING G3051: MODIFYING SECONDARY GRID 28909 POSITION ON CONTACT ELEMENT 22022
 
 WARNING G3051: MODIFYING SECONDARY GRID 29294 POSITION ON CONTACT ELEMENT 21803
 
 WARNING G3051: MODIFYING SECONDARY GRID 29441 POSITION ON CONTACT ELEMENT 22234
 
 WARNING G3051: MODIFYING SECONDARY GRID 29154 POSITION ON CONTACT ELEMENT 20521
 
 
 
 
 
 
 
                                                                        02/28/26  22:26  ADS NASTRAN VERSION 20.2.0.23   PAGE     32
 
 
 
 
 
 
 
 
 WARNING G3051: MODIFYING SECONDARY GRID 30130 POSITION ON CONTACT ELEMENT 21390
 
 WARNING G3051: MODIFYING SECONDARY GRID 30127 POSITION ON CONTACT ELEMENT 18346
 
 WARNING G3051: MODIFYING SECONDARY GRID 29034 POSITION ON CONTACT ELEMENT 21469
 
 WARNING G3051: MODIFYING SECONDARY GRID 30586 POSITION ON CONTACT ELEMENT 20634
 
 WARNING G3051: MODIFYING SECONDARY GRID 30128 POSITION ON CONTACT ELEMENT 22034
 
 WARNING G3051: MODIFYING SECONDARY GRID 29425 POSITION ON CONTACT ELEMENT 22144
 
 WARNING G3051: MODIFYING SECONDARY GRID 28961 POSITION ON CONTACT ELEMENT 22034
 
 WARNING G3051: MODIFYING SECONDARY GRID 30450 POSITION ON CONTACT ELEMENT 20707
 
 WARNING G3051: MODIFYING SECONDARY GRID 30131 POSITION ON CONTACT ELEMENT 20655
 
 WARNING G3051: MODIFYING SECONDARY GRID 30125 POSITION ON CONTACT ELEMENT 21868
 
 WARNING G3051: MODIFYING SECONDARY GRID 29114 POSITION ON CONTACT ELEMENT 21619
 
 WARNING G3051: MODIFYING SECONDARY GRID 30448 POSITION ON CONTACT ELEMENT 21927
 
 WARNING G3051: MODIFYING SECONDARY GRID 29519 POSITION ON CONTACT ELEMENT 22022
 
 WARNING G3051: MODIFYING SECONDARY GRID 29447 POSITION ON CONTACT ELEMENT 22483
 
 WARNING G3051: MODIFYING SECONDARY GRID 29153 POSITION ON CONTACT ELEMENT 22527
 
 WARNING G3051: MODIFYING SECONDARY GRID 30126 POSITION ON CONTACT ELEMENT 20978
 
 WARNING G3051: MODIFYING SECONDARY GRID 29038 POSITION ON CONTACT ELEMENT 22483
 
 WARNING G3051: MODIFYING SECONDARY GRID 28965 POSITION ON CONTACT ELEMENT 22560
 
 WARNING G3051: MODIFYING SECONDARY GRID 16040 POSITION ON CONTACT ELEMENT 13280
 
 WARNING G3051: MODIFYING SECONDARY GRID 16489 POSITION ON CONTACT ELEMENT 13462
 
 WARNING G3051: MODIFYING SECONDARY GRID 14913 POSITION ON CONTACT ELEMENT 14488
 
 WARNING G3051: MODIFYING SECONDARY GRID 15122 POSITION ON CONTACT ELEMENT 14617
 
 WARNING G3051: MODIFYING SECONDARY GRID 16041 POSITION ON CONTACT ELEMENT 13499
 
 WARNING G3051: MODIFYING SECONDARY GRID 16043 POSITION ON CONTACT ELEMENT 13134
 
 WARNING G3051: MODIFYING SECONDARY GRID 15380 POSITION ON CONTACT ELEMENT 14283
 
 WARNING G3051: MODIFYING SECONDARY GRID 16044 POSITION ON CONTACT ELEMENT 13446
 
 WARNING G3051: MODIFYING SECONDARY GRID 16212 POSITION ON CONTACT ELEMENT 15214
 
 WARNING G3051: MODIFYING SECONDARY GRID 15054 POSITION ON CONTACT ELEMENT 13899
 
 WARNING G3051: MODIFYING SECONDARY GRID 15431 POSITION ON CONTACT ELEMENT 14602
 
 WARNING G3051: MODIFYING SECONDARY GRID 14837 POSITION ON CONTACT ELEMENT 15223
 
 
 
 
 
 
 
                                                                        02/28/26  22:26  ADS NASTRAN VERSION 20.2.0.23   PAGE     33
 
 
 
 
 
 
 
 
 WARNING G3051: MODIFYING SECONDARY GRID 16362 POSITION ON CONTACT ELEMENT 15192
 
 WARNING G3051: MODIFYING SECONDARY GRID 16045 POSITION ON CONTACT ELEMENT 13899
 
 WARNING G3051: MODIFYING SECONDARY GRID 16360 POSITION ON CONTACT ELEMENT 15047
 
 WARNING G3051: MODIFYING SECONDARY GRID 16042 POSITION ON CONTACT ELEMENT 15192
 
 WARNING G3051: MODIFYING SECONDARY GRID 15513 POSITION ON CONTACT ELEMENT 14321
 
 WARNING G3051: MODIFYING SECONDARY GRID 15230 POSITION ON CONTACT ELEMENT 15047
 
 WARNING G3051: MODIFYING SECONDARY GRID 16039 POSITION ON CONTACT ELEMENT 13280
 
 WARNING G3051: MODIFYING SECONDARY GRID 16683 POSITION ON CONTACT ELEMENT 13738
 
 WARNING G3051: MODIFYING SECONDARY GRID 14892 POSITION ON CONTACT ELEMENT 15192
 
 WARNING G3051: MODIFYING SECONDARY GRID 15087 POSITION ON CONTACT ELEMENT 13446
 
 WARNING G3051: MODIFYING SECONDARY GRID 15086 POSITION ON CONTACT ELEMENT 14474
 
 WARNING G3051: MODIFYING SECONDARY GRID 14960 POSITION ON CONTACT ELEMENT 15047
 
 WARNING G3051: MODIFYING SECONDARY GRID 14868 POSITION ON CONTACT ELEMENT 14686
 
 WARNING G3051: MODIFYING SECONDARY GRID 15190 POSITION ON CONTACT ELEMENT 15124
 
 WARNING G3051: MODIFYING SECONDARY GRID 138215 POSITION ON CONTACT ELEMENT 74699
 
 WARNING G3051: MODIFYING SECONDARY GRID 94059 POSITION ON CONTACT ELEMENT 55639
 
 WARNING G3051: MODIFYING SECONDARY GRID 94645 POSITION ON CONTACT ELEMENT 54911
 
 WARNING G3051: MODIFYING SECONDARY GRID 93374 POSITION ON CONTACT ELEMENT 54894
 
 WARNING G3051: MODIFYING SECONDARY GRID 94683 POSITION ON CONTACT ELEMENT 55013
 
 WARNING G3051: MODIFYING SECONDARY GRID 93494 POSITION ON CONTACT ELEMENT 55564
 
 WARNING G3051: MODIFYING SECONDARY GRID 92787 POSITION ON CONTACT ELEMENT 55639
 
 WARNING G3051: MODIFYING SECONDARY GRID 77034 POSITION ON CONTACT ELEMENT 48005
 
 WARNING G3051: MODIFYING SECONDARY GRID 77622 POSITION ON CONTACT ELEMENT 44224
 
 WARNING G3051: MODIFYING SECONDARY GRID 78930 POSITION ON CONTACT ELEMENT 47722
 
 WARNING G3051: MODIFYING SECONDARY GRID 77742 POSITION ON CONTACT ELEMENT 48005
 
 WARNING G3051: MODIFYING SECONDARY GRID 78892 POSITION ON CONTACT ELEMENT 44194
 
 WARNING G3051: MODIFYING SECONDARY GRID 78307 POSITION ON CONTACT ELEMENT 47693
 
 WARNING G3051: MODIFYING SECONDARY GRID 94345 POSITION ON CONTACT ELEMENT 55842
 
 WARNING G3051: MODIFYING SECONDARY GRID 93492 POSITION ON CONTACT ELEMENT 55834
 
 WARNING G3051: MODIFYING SECONDARY GRID 93493 POSITION ON CONTACT ELEMENT 56011
 
 
 
 
 
 
 
                                                                        02/28/26  22:26  ADS NASTRAN VERSION 20.2.0.23   PAGE     34
 
 
 
 
 
 
 
 
 WARNING G3051: MODIFYING SECONDARY GRID 94547 POSITION ON CONTACT ELEMENT 54021
 
 WARNING G3051: MODIFYING SECONDARY GRID 94064 POSITION ON CONTACT ELEMENT 53968
 
 WARNING G3051: MODIFYING SECONDARY GRID 93091 POSITION ON CONTACT ELEMENT 56011
 
 WARNING G3051: MODIFYING SECONDARY GRID 94589 POSITION ON CONTACT ELEMENT 55802
 
 WARNING G3051: MODIFYING SECONDARY GRID 94063 POSITION ON CONTACT ELEMENT 55802
 
 WARNING G3051: MODIFYING SECONDARY GRID 94684 POSITION ON CONTACT ELEMENT 55996
 
 WARNING G3051: MODIFYING SECONDARY GRID 94061 POSITION ON CONTACT ELEMENT 54911
 
 WARNING G3051: MODIFYING SECONDARY GRID 94062 POSITION ON CONTACT ELEMENT 54828
 
 WARNING G3051: MODIFYING SECONDARY GRID 93092 POSITION ON CONTACT ELEMENT 55639
 
 WARNING G3051: MODIFYING SECONDARY GRID 94346 POSITION ON CONTACT ELEMENT 54828
 
 WARNING G3051: MODIFYING SECONDARY GRID 93491 POSITION ON CONTACT ELEMENT 54665
 
 WARNING G3051: MODIFYING SECONDARY GRID 93490 POSITION ON CONTACT ELEMENT 55564
 
 WARNING G3051: MODIFYING SECONDARY GRID 94546 POSITION ON CONTACT ELEMENT 54979
 
 WARNING G3051: MODIFYING SECONDARY GRID 94644 POSITION ON CONTACT ELEMENT 51330
 
 WARNING G3051: MODIFYING SECONDARY GRID 93377 POSITION ON CONTACT ELEMENT 56009
 
 WARNING G3051: MODIFYING SECONDARY GRID 77740 POSITION ON CONTACT ELEMENT 45208
 
 WARNING G3051: MODIFYING SECONDARY GRID 78590 POSITION ON CONTACT ELEMENT 44889
 
 WARNING G3051: MODIFYING SECONDARY GRID 77741 POSITION ON CONTACT ELEMENT 46197
 
 WARNING G3051: MODIFYING SECONDARY GRID 77333 POSITION ON CONTACT ELEMENT 47873
 
 WARNING G3051: MODIFYING SECONDARY GRID 78312 POSITION ON CONTACT ELEMENT 44707
 
 WARNING G3051: MODIFYING SECONDARY GRID 78891 POSITION ON CONTACT ELEMENT 44168
 
 WARNING G3051: MODIFYING SECONDARY GRID 77739 POSITION ON CONTACT ELEMENT 45755
 
 WARNING G3051: MODIFYING SECONDARY GRID 78792 POSITION ON CONTACT ELEMENT 46211
 
 WARNING G3051: MODIFYING SECONDARY GRID 78310 POSITION ON CONTACT ELEMENT 44536
 
 WARNING G3051: MODIFYING SECONDARY GRID 78791 POSITION ON CONTACT ELEMENT 43247
 
 WARNING G3051: MODIFYING SECONDARY GRID 78591 POSITION ON CONTACT ELEMENT 44536
 
 WARNING G3051: MODIFYING SECONDARY GRID 78837 POSITION ON CONTACT ELEMENT 45755
 
 WARNING G3051: MODIFYING SECONDARY GRID 78311 POSITION ON CONTACT ELEMENT 44889
 
 WARNING G3051: MODIFYING SECONDARY GRID 78309 POSITION ON CONTACT ELEMENT 47110
 
 WARNING G3051: MODIFYING SECONDARY GRID 77334 POSITION ON CONTACT ELEMENT 47722
 
 
 
 
 
 
 
                                                                        02/28/26  22:26  ADS NASTRAN VERSION 20.2.0.23   PAGE     35
 
 
 
 
 
 
 
 
 WARNING G3051: MODIFYING SECONDARY GRID 77738 POSITION ON CONTACT ELEMENT 47580
 
 WARNING G3051: MODIFYING SECONDARY GRID 77625 POSITION ON CONTACT ELEMENT 47873
 
 WARNING G3051: MODIFYING SECONDARY GRID 78931 POSITION ON CONTACT ELEMENT 47873
 
 WARNING G3051: MODIFYING SECONDARY GRID 109576 POSITION ON CONTACT ELEMENT 57002
 
 WARNING G3051: MODIFYING SECONDARY GRID 109715 POSITION ON CONTACT ELEMENT 56941
 
 WARNING G3051: MODIFYING SECONDARY GRID 109546 POSITION ON CONTACT ELEMENT 56975
 
 WARNING G3051: MODIFYING SECONDARY GRID 109655 POSITION ON CONTACT ELEMENT 56663
 
 WARNING G3051: MODIFYING SECONDARY GRID 109588 POSITION ON CONTACT ELEMENT 57064
 
 WARNING G3051: MODIFYING SECONDARY GRID 109582 POSITION ON CONTACT ELEMENT 57010
 
 WARNING G3051: MODIFYING SECONDARY GRID 109613 POSITION ON CONTACT ELEMENT 56942
 
 WARNING G3051: MODIFYING SECONDARY GRID 109602 POSITION ON CONTACT ELEMENT 56937
 
 WARNING G3051: MODIFYING SECONDARY GRID 109601 POSITION ON CONTACT ELEMENT 56985
 
 WARNING G3051: MODIFYING SECONDARY GRID 109551 POSITION ON CONTACT ELEMENT 57042
 
 WARNING G3051: MODIFYING SECONDARY GRID 109549 POSITION ON CONTACT ELEMENT 56986
 
 WARNING G3051: MODIFYING SECONDARY GRID 109555 POSITION ON CONTACT ELEMENT 57050
 
 WARNING G3051: MODIFYING SECONDARY GRID 109606 POSITION ON CONTACT ELEMENT 57006
 
 WARNING G3051: MODIFYING SECONDARY GRID 109544 POSITION ON CONTACT ELEMENT 57043
 
 WARNING G3051: MODIFYING SECONDARY GRID 109570 POSITION ON CONTACT ELEMENT 57062
 
 WARNING G3051: MODIFYING SECONDARY GRID 109649 POSITION ON CONTACT ELEMENT 56857
 
 WARNING G3051: MODIFYING SECONDARY GRID 109647 POSITION ON CONTACT ELEMENT 56882
 
 WARNING G3051: MODIFYING SECONDARY GRID 109612 POSITION ON CONTACT ELEMENT 56942
 
 WARNING G3051: MODIFYING SECONDARY GRID 109579 POSITION ON CONTACT ELEMENT 57025
 
 WARNING G3051: MODIFYING SECONDARY GRID 109599 POSITION ON CONTACT ELEMENT 57054
 
 WARNING G3051: MODIFYING SECONDARY GRID 109694 POSITION ON CONTACT ELEMENT 56993
 
 WARNING G3051: MODIFYING SECONDARY GRID 109648 POSITION ON CONTACT ELEMENT 56842
 
 WARNING G3051: MODIFYING SECONDARY GRID 109690 POSITION ON CONTACT ELEMENT 57043
 
 WARNING G3051: MODIFYING SECONDARY GRID 109561 POSITION ON CONTACT ELEMENT 57042
 
 WARNING G3051: MODIFYING SECONDARY GRID 109548 POSITION ON CONTACT ELEMENT 57052
 
 WARNING G3051: MODIFYING SECONDARY GRID 109560 POSITION ON CONTACT ELEMENT 57062
 
 WARNING G3051: MODIFYING SECONDARY GRID 109657 POSITION ON CONTACT ELEMENT 56906
 
 
 
 
 
 
 
                                                                        02/28/26  22:26  ADS NASTRAN VERSION 20.2.0.23   PAGE     36
 
 
 
 
 
 
 
 
 WARNING G3051: MODIFYING SECONDARY GRID 109609 POSITION ON CONTACT ELEMENT 56995
 
 WARNING G3051: MODIFYING SECONDARY GRID 109585 POSITION ON CONTACT ELEMENT 56995
 
 WARNING G3051: MODIFYING SECONDARY GRID 109704 POSITION ON CONTACT ELEMENT 57042
 
 WARNING G3051: MODIFYING SECONDARY GRID 109689 POSITION ON CONTACT ELEMENT 57052
 
 WARNING G3051: MODIFYING SECONDARY GRID 109604 POSITION ON CONTACT ELEMENT 57030
 
 WARNING G3051: MODIFYING SECONDARY GRID 109675 POSITION ON CONTACT ELEMENT 57063
 
 WARNING G3051: MODIFYING SECONDARY GRID 109567 POSITION ON CONTACT ELEMENT 57047
 
 WARNING G3051: MODIFYING SECONDARY GRID 109670 POSITION ON CONTACT ELEMENT 57047
 
 WARNING G3051: MODIFYING SECONDARY GRID 109600 POSITION ON CONTACT ELEMENT 57035
 
 WARNING G3051: MODIFYING SECONDARY GRID 109572 POSITION ON CONTACT ELEMENT 56949
 
 WARNING G3051: MODIFYING SECONDARY GRID 109603 POSITION ON CONTACT ELEMENT 57030
 
 WARNING G3051: MODIFYING SECONDARY GRID 109658 POSITION ON CONTACT ELEMENT 56937
 
 WARNING G3051: MODIFYING SECONDARY GRID 109646 POSITION ON CONTACT ELEMENT 56755
 
 WARNING G3051: MODIFYING SECONDARY GRID 109547 POSITION ON CONTACT ELEMENT 57044
 
 WARNING G3051: MODIFYING SECONDARY GRID 109580 POSITION ON CONTACT ELEMENT 57040
 
 WARNING G3051: MODIFYING SECONDARY GRID 109687 POSITION ON CONTACT ELEMENT 57051
 
 WARNING G3051: MODIFYING SECONDARY GRID 109587 POSITION ON CONTACT ELEMENT 56906
 
 WARNING G3051: MODIFYING SECONDARY GRID 109681 POSITION ON CONTACT ELEMENT 57051
 
 WARNING G3051: MODIFYING SECONDARY GRID 109680 POSITION ON CONTACT ELEMENT 57051
 
 WARNING G3051: MODIFYING SECONDARY GRID 109589 POSITION ON CONTACT ELEMENT 57064
 
 WARNING G3051: MODIFYING SECONDARY GRID 109652 POSITION ON CONTACT ELEMENT 56809
 
 WARNING G3051: MODIFYING SECONDARY GRID 109663 POSITION ON CONTACT ELEMENT 57064
 
 WARNING G3051: MODIFYING SECONDARY GRID 109702 POSITION ON CONTACT ELEMENT 56906
 
 WARNING G3051: MODIFYING SECONDARY GRID 109581 POSITION ON CONTACT ELEMENT 56999
 
 WARNING G3051: MODIFYING SECONDARY GRID 109695 POSITION ON CONTACT ELEMENT 57019
 
 WARNING G3051: MODIFYING SECONDARY GRID 109586 POSITION ON CONTACT ELEMENT 56950
 
 WARNING G3051: MODIFYING SECONDARY GRID 109688 POSITION ON CONTACT ELEMENT 57030
 
 WARNING G3051: MODIFYING SECONDARY GRID 109708 POSITION ON CONTACT ELEMENT 56630
 
 WARNING G3051: MODIFYING SECONDARY GRID 109672 POSITION ON CONTACT ELEMENT 57050
 
 WARNING G3051: MODIFYING SECONDARY GRID 109610 POSITION ON CONTACT ELEMENT 57005
 
 
 
 
 
 
 
                                                                        02/28/26  22:26  ADS NASTRAN VERSION 20.2.0.23   PAGE     37
 
 
 
 
 
 
 
 
 WARNING G3051: MODIFYING SECONDARY GRID 109673 POSITION ON CONTACT ELEMENT 56632
 
 WARNING G3051: MODIFYING SECONDARY GRID 109608 POSITION ON CONTACT ELEMENT 56953
 
 WARNING G3051: MODIFYING SECONDARY GRID 109568 POSITION ON CONTACT ELEMENT 56908
 
 WARNING G3051: MODIFYING SECONDARY GRID 109716 POSITION ON CONTACT ELEMENT 57048
 
 WARNING G3051: MODIFYING SECONDARY GRID 109605 POSITION ON CONTACT ELEMENT 56804
 
 WARNING G3051: MODIFYING SECONDARY GRID 109596 POSITION ON CONTACT ELEMENT 56660
 
 WARNING G3051: MODIFYING SECONDARY GRID 109597 POSITION ON CONTACT ELEMENT 56660
 
 WARNING G3051: MODIFYING SECONDARY GRID 109593 POSITION ON CONTACT ELEMENT 57053
 
 WARNING G3051: MODIFYING SECONDARY GRID 109714 POSITION ON CONTACT ELEMENT 57010
 
 WARNING G3051: MODIFYING SECONDARY GRID 109682 POSITION ON CONTACT ELEMENT 56938
 
 WARNING G3051: MODIFYING SECONDARY GRID 109656 POSITION ON CONTACT ELEMENT 57054
 
 WARNING G3051: MODIFYING SECONDARY GRID 109607 POSITION ON CONTACT ELEMENT 56981
 
 WARNING G3051: MODIFYING SECONDARY GRID 109669 POSITION ON CONTACT ELEMENT 57000
 
 WARNING G3051: MODIFYING SECONDARY GRID 109653 POSITION ON CONTACT ELEMENT 56828
 
 WARNING G3051: MODIFYING SECONDARY GRID 109650 POSITION ON CONTACT ELEMENT 56857
 
 WARNING G3051: MODIFYING SECONDARY GRID 109595 POSITION ON CONTACT ELEMENT 56734
 
 WARNING G3051: MODIFYING SECONDARY GRID 109594 POSITION ON CONTACT ELEMENT 57053
 
 WARNING G3051: MODIFYING SECONDARY GRID 109590 POSITION ON CONTACT ELEMENT 56606
 
 WARNING G3051: MODIFYING SECONDARY GRID 109591 POSITION ON CONTACT ELEMENT 56661
 
 WARNING G3051: MODIFYING SECONDARY GRID 109574 POSITION ON CONTACT ELEMENT 56999
 
 WARNING G3051: MODIFYING SECONDARY GRID 109693 POSITION ON CONTACT ELEMENT 57057
 
 WARNING G3051: MODIFYING SECONDARY GRID 109674 POSITION ON CONTACT ELEMENT 57048
 
 WARNING G3051: MODIFYING SECONDARY GRID 109671 POSITION ON CONTACT ELEMENT 57037
 
 WARNING G3051: MODIFYING SECONDARY GRID 109598 POSITION ON CONTACT ELEMENT 57025
 
 WARNING G3051: MODIFYING SECONDARY GRID 109713 POSITION ON CONTACT ELEMENT 57054
 
 WARNING G3051: MODIFYING SECONDARY GRID 109701 POSITION ON CONTACT ELEMENT 56701
 
 WARNING G3051: MODIFYING SECONDARY GRID 109554 POSITION ON CONTACT ELEMENT 56850
 
 WARNING G3051: MODIFYING SECONDARY GRID 108669 POSITION ON CONTACT ELEMENT 56586
 
 WARNING G3051: MODIFYING SECONDARY GRID 108533 POSITION ON CONTACT ELEMENT 56512
 
 WARNING G3051: MODIFYING SECONDARY GRID 108607 POSITION ON CONTACT ELEMENT 56590
 
 
 
 
 
 
 
                                                                        02/28/26  22:26  ADS NASTRAN VERSION 20.2.0.23   PAGE     38
 
 
 
 
 
 
 
 
 WARNING G3051: MODIFYING SECONDARY GRID 108611 POSITION ON CONTACT ELEMENT 56580
 
 WARNING G3051: MODIFYING SECONDARY GRID 108648 POSITION ON CONTACT ELEMENT 56572
 
 WARNING G3051: MODIFYING SECONDARY GRID 108542 POSITION ON CONTACT ELEMENT 56546
 
 WARNING G3051: MODIFYING SECONDARY GRID 108541 POSITION ON CONTACT ELEMENT 56371
 
 WARNING G3051: MODIFYING SECONDARY GRID 108510 POSITION ON CONTACT ELEMENT 56434
 
 WARNING G3051: MODIFYING SECONDARY GRID 108562 POSITION ON CONTACT ELEMENT 56554
 
 WARNING G3051: MODIFYING SECONDARY GRID 108605 POSITION ON CONTACT ELEMENT 56584
 
 WARNING G3051: MODIFYING SECONDARY GRID 108509 POSITION ON CONTACT ELEMENT 56567
 
 WARNING G3051: MODIFYING SECONDARY GRID 108557 POSITION ON CONTACT ELEMENT 56530
 
 WARNING G3051: MODIFYING SECONDARY GRID 108556 POSITION ON CONTACT ELEMENT 56588
 
 WARNING G3051: MODIFYING SECONDARY GRID 108558 POSITION ON CONTACT ELEMENT 56507
 
 WARNING G3051: MODIFYING SECONDARY GRID 108520 POSITION ON CONTACT ELEMENT 56588
 
 WARNING G3051: MODIFYING SECONDARY GRID 108670 POSITION ON CONTACT ELEMENT 56454
 
 WARNING G3051: MODIFYING SECONDARY GRID 108548 POSITION ON CONTACT ELEMENT 56586
 
 WARNING G3051: MODIFYING SECONDARY GRID 108515 POSITION ON CONTACT ELEMENT 56587
 
 WARNING G3051: MODIFYING SECONDARY GRID 108543 POSITION ON CONTACT ELEMENT 56568
 
 WARNING G3051: MODIFYING SECONDARY GRID 108659 POSITION ON CONTACT ELEMENT 56442
 
 WARNING G3051: MODIFYING SECONDARY GRID 108601 POSITION ON CONTACT ELEMENT 56525
 
 WARNING G3051: MODIFYING SECONDARY GRID 108617 POSITION ON CONTACT ELEMENT 56593
 
 WARNING G3051: MODIFYING SECONDARY GRID 108545 POSITION ON CONTACT ELEMENT 56535
 
 WARNING G3051: MODIFYING SECONDARY GRID 108546 POSITION ON CONTACT ELEMENT 56177
 
 WARNING G3051: MODIFYING SECONDARY GRID 108657 POSITION ON CONTACT ELEMENT 56559
 
 WARNING G3051: MODIFYING SECONDARY GRID 108507 POSITION ON CONTACT ELEMENT 56593
 
 WARNING G3051: MODIFYING SECONDARY GRID 108642 POSITION ON CONTACT ELEMENT 56594
 
 WARNING G3051: MODIFYING SECONDARY GRID 108656 POSITION ON CONTACT ELEMENT 56567
 
 WARNING G3051: MODIFYING SECONDARY GRID 108555 POSITION ON CONTACT ELEMENT 56487
 
 WARNING G3051: MODIFYING SECONDARY GRID 108560 POSITION ON CONTACT ELEMENT 56529
 
 WARNING G3051: MODIFYING SECONDARY GRID 108559 POSITION ON CONTACT ELEMENT 56579
 
 WARNING G3051: MODIFYING SECONDARY GRID 108663 POSITION ON CONTACT ELEMENT 56158
 
 WARNING G3051: MODIFYING SECONDARY GRID 108549 POSITION ON CONTACT ELEMENT 56463
 
 
 
 
 
 
 
                                                                        02/28/26  22:26  ADS NASTRAN VERSION 20.2.0.23   PAGE     39
 
 
 
 
 
 
 
 
 WARNING G3051: MODIFYING SECONDARY GRID 108603 POSITION ON CONTACT ELEMENT 56574
 
 WARNING G3051: MODIFYING SECONDARY GRID 108500 POSITION ON CONTACT ELEMENT 56563
 
 WARNING G3051: MODIFYING SECONDARY GRID 108505 POSITION ON CONTACT ELEMENT 56412
 
 WARNING G3051: MODIFYING SECONDARY GRID 108561 POSITION ON CONTACT ELEMENT 56565
 
 WARNING G3051: MODIFYING SECONDARY GRID 108564 POSITION ON CONTACT ELEMENT 56576
 
 WARNING G3051: MODIFYING SECONDARY GRID 108628 POSITION ON CONTACT ELEMENT 56158
 
 WARNING G3051: MODIFYING SECONDARY GRID 108610 POSITION ON CONTACT ELEMENT 56183
 
 WARNING G3051: MODIFYING SECONDARY GRID 108636 POSITION ON CONTACT ELEMENT 56577
 
 WARNING G3051: MODIFYING SECONDARY GRID 108650 POSITION ON CONTACT ELEMENT 56478
 
 WARNING G3051: MODIFYING SECONDARY GRID 108563 POSITION ON CONTACT ELEMENT 56531
 
 WARNING G3051: MODIFYING SECONDARY GRID 108551 POSITION ON CONTACT ELEMENT 56164
 
 WARNING G3051: MODIFYING SECONDARY GRID 108552 POSITION ON CONTACT ELEMENT 56185
 
 WARNING G3051: MODIFYING SECONDARY GRID 108565 POSITION ON CONTACT ELEMENT 56426
 
 WARNING G3051: MODIFYING SECONDARY GRID 108643 POSITION ON CONTACT ELEMENT 56555
 
 WARNING G3051: MODIFYING SECONDARY GRID 108550 POSITION ON CONTACT ELEMENT 56265
 
 WARNING G3051: MODIFYING SECONDARY GRID 108668 POSITION ON CONTACT ELEMENT 56280
 
 WARNING G3051: MODIFYING SECONDARY GRID 108553 POSITION ON CONTACT ELEMENT 56456
 
 WARNING G3051: MODIFYING SECONDARY GRID 108554 POSITION ON CONTACT ELEMENT 56512
 
 WARNING G3051: MODIFYING SECONDARY GRID 108567 POSITION ON CONTACT ELEMENT 56519
 
 WARNING G3051: MODIFYING SECONDARY GRID 108568 POSITION ON CONTACT ELEMENT 56519
 
 WARNING G3051: MODIFYING SECONDARY GRID 108534 POSITION ON CONTACT ELEMENT 56395
 
 WARNING G3051: MODIFYING SECONDARY GRID 108512 POSITION ON CONTACT ELEMENT 56594
 
 WARNING G3051: MODIFYING SECONDARY GRID 108649 POSITION ON CONTACT ELEMENT 56594
 
 WARNING G3051: MODIFYING SECONDARY GRID 108604 POSITION ON CONTACT ELEMENT 56584
 
 WARNING G3051: MODIFYING SECONDARY GRID 108521 POSITION ON CONTACT ELEMENT 56566
 
 WARNING G3051: MODIFYING SECONDARY GRID 108602 POSITION ON CONTACT ELEMENT 56532
 
 WARNING G3051: MODIFYING SECONDARY GRID 108535 POSITION ON CONTACT ELEMENT 56583
 
 WARNING G3051: MODIFYING SECONDARY GRID 108528 POSITION ON CONTACT ELEMENT 56581
 
 WARNING G3051: MODIFYING SECONDARY GRID 108627 POSITION ON CONTACT ELEMENT 56589
 
 WARNING G3051: MODIFYING SECONDARY GRID 108638 POSITION ON CONTACT ELEMENT 56581
 
 
 
 
 
 
 
                                                                        02/28/26  22:26  ADS NASTRAN VERSION 20.2.0.23   PAGE     40
 
 
 
 
 
 
 
 
 WARNING G3051: MODIFYING SECONDARY GRID 108502 POSITION ON CONTACT ELEMENT 56577
 
 WARNING G3051: MODIFYING SECONDARY GRID 108647 POSITION ON CONTACT ELEMENT 56574
 
 WARNING G3051: MODIFYING SECONDARY GRID 108671 POSITION ON CONTACT ELEMENT 56570
 
 WARNING G3051: MODIFYING SECONDARY GRID 108504 POSITION ON CONTACT ELEMENT 56479
 
 WARNING G3051: MODIFYING SECONDARY GRID 108526 POSITION ON CONTACT ELEMENT 56574
 
 WARNING G3051: MODIFYING SECONDARY GRID 108522 POSITION ON CONTACT ELEMENT 56584
 
 WARNING G3051: MODIFYING SECONDARY GRID 108625 POSITION ON CONTACT ELEMENT 56544
 
 WARNING G3051: MODIFYING SECONDARY GRID 108624 POSITION ON CONTACT ELEMENT 56587
 
 WARNING G3051: MODIFYING SECONDARY GRID 108629 POSITION ON CONTACT ELEMENT 56412
 
 WARNING G3051: MODIFYING SECONDARY GRID 108637 POSITION ON CONTACT ELEMENT 56569
 
 WARNING G3051: MODIFYING SECONDARY GRID 108539 POSITION ON CONTACT ELEMENT 56576
 
 WARNING G3051: MODIFYING SECONDARY GRID 108530 POSITION ON CONTACT ELEMENT 56586
 
 WARNING G3051: MODIFYING SECONDARY GRID 108536 POSITION ON CONTACT ELEMENT 56462
 
 WARNING G3051: MODIFYING SECONDARY GRID 108630 POSITION ON CONTACT ELEMENT 56535
 
 WARNING G3051: MODIFYING SECONDARY GRID 108524 POSITION ON CONTACT ELEMENT 56587
 
 WARNING G3051: MODIFYING SECONDARY GRID 108644 POSITION ON CONTACT ELEMENT 56582
 
 WARNING G3051: MODIFYING SECONDARY GRID 108612 POSITION ON CONTACT ELEMENT 56590
 
 WARNING G3051: MODIFYING SECONDARY GRID 108635 POSITION ON CONTACT ELEMENT 56522
 
 WARNING G3051: MODIFYING SECONDARY GRID 108608 POSITION ON CONTACT ELEMENT 56335
 
 WARNING G3051: MODIFYING SECONDARY GRID 108626 POSITION ON CONTACT ELEMENT 56544
 
 WARNING G3051: MODIFYING SECONDARY GRID 61779 POSITION ON CONTACT ELEMENT 37850
 
 WARNING G3051: MODIFYING SECONDARY GRID 63087 POSITION ON CONTACT ELEMENT 37783
 
 WARNING G3051: MODIFYING SECONDARY GRID 62483 POSITION ON CONTACT ELEMENT 37811
 
 WARNING G3051: MODIFYING SECONDARY GRID 61457 POSITION ON CONTACT ELEMENT 37850
 
 WARNING G3051: MODIFYING SECONDARY GRID 63043 POSITION ON CONTACT ELEMENT 37779
 
 WARNING G3051: MODIFYING SECONDARY GRID 61782 POSITION ON CONTACT ELEMENT 39961
 
 WARNING G3051: MODIFYING SECONDARY GRID 61163 POSITION ON CONTACT ELEMENT 39961
 
 WARNING G3051: MODIFYING SECONDARY GRID 63086 POSITION ON CONTACT ELEMENT 39815
 
 WARNING G3051: MODIFYING SECONDARY GRID 61458 POSITION ON CONTACT ELEMENT 37809
 
 WARNING G3051: MODIFYING SECONDARY GRID 63044 POSITION ON CONTACT ELEMENT 39961
 
 
 
 
 
 
 
                                                                        02/28/26  22:26  ADS NASTRAN VERSION 20.2.0.23   PAGE     41
 
 
 
 
 
 
 
 
 WARNING G3051: MODIFYING SECONDARY GRID 62484 POSITION ON CONTACT ELEMENT 37675
 
 WARNING G3051: MODIFYING SECONDARY GRID 61893 POSITION ON CONTACT ELEMENT 37760
 
 WARNING G3051: MODIFYING SECONDARY GRID 61894 POSITION ON CONTACT ELEMENT 39972
 
 WARNING G3051: MODIFYING SECONDARY GRID 46866 POSITION ON CONTACT ELEMENT 30564
 
 WARNING G3051: MODIFYING SECONDARY GRID 45795 POSITION ON CONTACT ELEMENT 27441
 
 WARNING G3051: MODIFYING SECONDARY GRID 47068 POSITION ON CONTACT ELEMENT 27393
 
 WARNING G3051: MODIFYING SECONDARY GRID 45463 POSITION ON CONTACT ELEMENT 27441
 
 WARNING G3051: MODIFYING SECONDARY GRID 47112 POSITION ON CONTACT ELEMENT 27441
 
 WARNING G3051: MODIFYING SECONDARY GRID 47111 POSITION ON CONTACT ELEMENT 31458
 
 WARNING G3051: MODIFYING SECONDARY GRID 45798 POSITION ON CONTACT ELEMENT 31806
 
 WARNING G3051: MODIFYING SECONDARY GRID 45910 POSITION ON CONTACT ELEMENT 30157
 
 WARNING G3051: MODIFYING SECONDARY GRID 45909 POSITION ON CONTACT ELEMENT 30564
 
 WARNING G3051: MODIFYING SECONDARY GRID 47069 POSITION ON CONTACT ELEMENT 31461
 
 WARNING G3051: MODIFYING SECONDARY GRID 46499 POSITION ON CONTACT ELEMENT 25897
 
 WARNING G3051: MODIFYING SECONDARY GRID 46500 POSITION ON CONTACT ELEMENT 25897
 
 WARNING G3051: MODIFYING SECONDARY GRID 45464 POSITION ON CONTACT ELEMENT 31461
 
 WARNING G3051: MODIFYING SECONDARY GRID 61914 POSITION ON CONTACT ELEMENT 39305
 
 WARNING G3051: MODIFYING SECONDARY GRID 63083 POSITION ON CONTACT ELEMENT 39197
 
 WARNING G3051: MODIFYING SECONDARY GRID 61784 POSITION ON CONTACT ELEMENT 40013
 
 WARNING G3051: MODIFYING SECONDARY GRID 62463 POSITION ON CONTACT ELEMENT 36337
 
 WARNING G3051: MODIFYING SECONDARY GRID 62833 POSITION ON CONTACT ELEMENT 39305
 
 WARNING G3051: MODIFYING SECONDARY GRID 63048 POSITION ON CONTACT ELEMENT 40013
 
 WARNING G3051: MODIFYING SECONDARY GRID 62464 POSITION ON CONTACT ELEMENT 40013
 
 WARNING G3051: MODIFYING SECONDARY GRID 61781 POSITION ON CONTACT ELEMENT 39935
 
 WARNING G3051: MODIFYING SECONDARY GRID 63047 POSITION ON CONTACT ELEMENT 39300
 
 WARNING G3051: MODIFYING SECONDARY GRID 61913 POSITION ON CONTACT ELEMENT 37945
 
 WARNING G3051: MODIFYING SECONDARY GRID 63082 POSITION ON CONTACT ELEMENT 37967
 
 WARNING G3051: MODIFYING SECONDARY GRID 45930 POSITION ON CONTACT ELEMENT 25846
 
 WARNING G3051: MODIFYING SECONDARY GRID 46479 POSITION ON CONTACT ELEMENT 31516
 
 WARNING G3051: MODIFYING SECONDARY GRID 45797 POSITION ON CONTACT ELEMENT 31123
 
 
 
 
 
 
 
                                                                        02/28/26  22:26  ADS NASTRAN VERSION 20.2.0.23   PAGE     42
 
 
 
 
 
 
 
 
 WARNING G3051: MODIFYING SECONDARY GRID 45177 POSITION ON CONTACT ELEMENT 31460
 
 WARNING G3051: MODIFYING SECONDARY GRID 45178 POSITION ON CONTACT ELEMENT 31349
 
 WARNING G3051: MODIFYING SECONDARY GRID 46849 POSITION ON CONTACT ELEMENT 31450
 
 WARNING G3051: MODIFYING SECONDARY GRID 47072 POSITION ON CONTACT ELEMENT 31460
 
 WARNING G3051: MODIFYING SECONDARY GRID 47107 POSITION ON CONTACT ELEMENT 31349
 
 WARNING G3051: MODIFYING SECONDARY GRID 47073 POSITION ON CONTACT ELEMENT 30925
 
 WARNING G3051: MODIFYING SECONDARY GRID 47108 POSITION ON CONTACT ELEMENT 31123
 
 WARNING G3051: MODIFYING SECONDARY GRID 46480 POSITION ON CONTACT ELEMENT 31516
 
 WARNING G3051: MODIFYING SECONDARY GRID 45929 POSITION ON CONTACT ELEMENT 31349
 
 WARNING G3051: MODIFYING SECONDARY GRID 45800 POSITION ON CONTACT ELEMENT 31943
 
 WARNING G3051: MODIFYING SECONDARY GRID 62470 POSITION ON CONTACT ELEMENT 39004
 
 WARNING G3051: MODIFYING SECONDARY GRID 62469 POSITION ON CONTACT ELEMENT 37748
 
 WARNING G3051: MODIFYING SECONDARY GRID 62948 POSITION ON CONTACT ELEMENT 39823
 
 WARNING G3051: MODIFYING SECONDARY GRID 61898 POSITION ON CONTACT ELEMENT 39823
 
 WARNING G3051: MODIFYING SECONDARY GRID 61490 POSITION ON CONTACT ELEMENT 39883
 
 WARNING G3051: MODIFYING SECONDARY GRID 61896 POSITION ON CONTACT ELEMENT 38984
 
 WARNING G3051: MODIFYING SECONDARY GRID 61783 POSITION ON CONTACT ELEMENT 39883
 
 WARNING G3051: MODIFYING SECONDARY GRID 61897 POSITION ON CONTACT ELEMENT 40022
 
 WARNING G3051: MODIFYING SECONDARY GRID 62468 POSITION ON CONTACT ELEMENT 39839
 
 WARNING G3051: MODIFYING SECONDARY GRID 63045 POSITION ON CONTACT ELEMENT 37743
 
 WARNING G3051: MODIFYING SECONDARY GRID 63085 POSITION ON CONTACT ELEMENT 37694
 
 WARNING G3051: MODIFYING SECONDARY GRID 61491 POSITION ON CONTACT ELEMENT 39814
 
 WARNING G3051: MODIFYING SECONDARY GRID 61780 POSITION ON CONTACT ELEMENT 39814
 
 WARNING G3051: MODIFYING SECONDARY GRID 63084 POSITION ON CONTACT ELEMENT 38138
 
 WARNING G3051: MODIFYING SECONDARY GRID 62748 POSITION ON CONTACT ELEMENT 39839
 
 WARNING G3051: MODIFYING SECONDARY GRID 61899 POSITION ON CONTACT ELEMENT 38445
 
 WARNING G3051: MODIFYING SECONDARY GRID 62467 POSITION ON CONTACT ELEMENT 38341
 
 WARNING G3051: MODIFYING SECONDARY GRID 63046 POSITION ON CONTACT ELEMENT 38341
 
 WARNING G3051: MODIFYING SECONDARY GRID 62949 POSITION ON CONTACT ELEMENT 39836
 
 WARNING G3051: MODIFYING SECONDARY GRID 62749 POSITION ON CONTACT ELEMENT 39004
 
 
 
 
 
 
 
                                                                        02/28/26  22:26  ADS NASTRAN VERSION 20.2.0.23   PAGE     43
 
 
 
 
 
 
 
 
 WARNING G3051: MODIFYING SECONDARY GRID 62992 POSITION ON CONTACT ELEMENT 39839
 
 WARNING G3051: MODIFYING SECONDARY GRID 46484 POSITION ON CONTACT ELEMENT 28136
 
 WARNING G3051: MODIFYING SECONDARY GRID 47012 POSITION ON CONTACT ELEMENT 31215
 
 WARNING G3051: MODIFYING SECONDARY GRID 46966 POSITION ON CONTACT ELEMENT 26081
 
 WARNING G3051: MODIFYING SECONDARY GRID 45914 POSITION ON CONTACT ELEMENT 31620
 
 WARNING G3051: MODIFYING SECONDARY GRID 46967 POSITION ON CONTACT ELEMENT 27011
 
 WARNING G3051: MODIFYING SECONDARY GRID 45796 POSITION ON CONTACT ELEMENT 31536
 
 WARNING G3051: MODIFYING SECONDARY GRID 45915 POSITION ON CONTACT ELEMENT 31620
 
 WARNING G3051: MODIFYING SECONDARY GRID 47109 POSITION ON CONTACT ELEMENT 31536
 
 WARNING G3051: MODIFYING SECONDARY GRID 45913 POSITION ON CONTACT ELEMENT 28544
 
 WARNING G3051: MODIFYING SECONDARY GRID 46485 POSITION ON CONTACT ELEMENT 26060
 
 WARNING G3051: MODIFYING SECONDARY GRID 45500 POSITION ON CONTACT ELEMENT 31424
 
 WARNING G3051: MODIFYING SECONDARY GRID 45799 POSITION ON CONTACT ELEMENT 31419
 
 WARNING G3051: MODIFYING SECONDARY GRID 46486 POSITION ON CONTACT ELEMENT 31424
 
 WARNING G3051: MODIFYING SECONDARY GRID 46765 POSITION ON CONTACT ELEMENT 31620
 
 WARNING G3051: MODIFYING SECONDARY GRID 47070 POSITION ON CONTACT ELEMENT 31424
 
 WARNING G3051: MODIFYING SECONDARY GRID 45912 POSITION ON CONTACT ELEMENT 31580
 
 WARNING G3051: MODIFYING SECONDARY GRID 46764 POSITION ON CONTACT ELEMENT 30952
 
 WARNING G3051: MODIFYING SECONDARY GRID 47071 POSITION ON CONTACT ELEMENT 25907
 
 WARNING G3051: MODIFYING SECONDARY GRID 46483 POSITION ON CONTACT ELEMENT 31265
 
 WARNING G3051: MODIFYING SECONDARY GRID 47110 POSITION ON CONTACT ELEMENT 26149
 
 WARNING G3051: MODIFYING SECONDARY GRID 45501 POSITION ON CONTACT ELEMENT 31536
 
 WARNING G3051: MODIFYING SECONDARY GRID 61900 POSITION ON CONTACT ELEMENT 39097
 
 WARNING G3051: MODIFYING SECONDARY GRID 61178 POSITION ON CONTACT ELEMENT 39814
 
 WARNING G3051: MODIFYING SECONDARY GRID 62465 POSITION ON CONTACT ELEMENT 39814
 
 WARNING G3051: MODIFYING SECONDARY GRID 45585 POSITION ON CONTACT ELEMENT 29509
 
 WARNING G3051: MODIFYING SECONDARY GRID 45916 POSITION ON CONTACT ELEMENT 31536
 
 WARNING G3051: MODIFYING SECONDARY GRID 46481 POSITION ON CONTACT ELEMENT 26139
 
 WARNING G3051: MODIFYING SECONDARY GRID 15934 POSITION ON CONTACT ELEMENT 15083
 
 WARNING G3051: MODIFYING SECONDARY GRID 15132 POSITION ON CONTACT ELEMENT 15090
 
 
 
 
 
 
 
                                                                        02/28/26  22:26  ADS NASTRAN VERSION 20.2.0.23   PAGE     44
 
 
 
 
 
 
 
 
 WARNING G3051: MODIFYING SECONDARY GRID 15938 POSITION ON CONTACT ELEMENT 15029
 
 WARNING G3051: MODIFYING SECONDARY GRID 16707 POSITION ON CONTACT ELEMENT 13777
 
 WARNING G3051: MODIFYING SECONDARY GRID 14944 POSITION ON CONTACT ELEMENT 15090
 
 WARNING G3051: MODIFYING SECONDARY GRID 16704 POSITION ON CONTACT ELEMENT 13779
 
 WARNING G3051: MODIFYING SECONDARY GRID 16509 POSITION ON CONTACT ELEMENT 14302
 
 WARNING G3051: MODIFYING SECONDARY GRID 14916 POSITION ON CONTACT ELEMENT 15029
 
 WARNING G3051: MODIFYING SECONDARY GRID 15134 POSITION ON CONTACT ELEMENT 15083
 
 WARNING G3051: MODIFYING SECONDARY GRID 15935 POSITION ON CONTACT ELEMENT 15083
 
 WARNING G3051: MODIFYING SECONDARY GRID 15941 POSITION ON CONTACT ELEMENT 14504
 
 WARNING G3051: MODIFYING SECONDARY GRID 14897 POSITION ON CONTACT ELEMENT 14723
 
 WARNING G3051: MODIFYING SECONDARY GRID 16300 POSITION ON CONTACT ELEMENT 14723
 
 WARNING G3051: MODIFYING SECONDARY GRID 16690 POSITION ON CONTACT ELEMENT 14725
 
 WARNING G3051: MODIFYING SECONDARY GRID 15133 POSITION ON CONTACT ELEMENT 14753
 
 WARNING G3051: MODIFYING SECONDARY GRID 16302 POSITION ON CONTACT ELEMENT 15040
 
 WARNING G3051: MODIFYING SECONDARY GRID 16689 POSITION ON CONTACT ELEMENT 14570
 
 WARNING G3051: MODIFYING SECONDARY GRID 16303 POSITION ON CONTACT ELEMENT 14725
 
 WARNING G3051: MODIFYING SECONDARY GRID 16301 POSITION ON CONTACT ELEMENT 12894
 
 WARNING G3051: MODIFYING SECONDARY GRID 16508 POSITION ON CONTACT ELEMENT 14723
 
 WARNING G3051: MODIFYING SECONDARY GRID 43076 POSITION ON CONTACT ELEMENT 23383
 
 WARNING G3051: MODIFYING SECONDARY GRID 43212 POSITION ON CONTACT ELEMENT 23658
 
 WARNING G3051: MODIFYING SECONDARY GRID 43077 POSITION ON CONTACT ELEMENT 23798
 
 WARNING G3051: MODIFYING SECONDARY GRID 42989 POSITION ON CONTACT ELEMENT 23140
 
 WARNING G3051: MODIFYING SECONDARY GRID 43037 POSITION ON CONTACT ELEMENT 23760
 
 WARNING G3051: MODIFYING SECONDARY GRID 43141 POSITION ON CONTACT ELEMENT 23784
 
 WARNING G3051: MODIFYING SECONDARY GRID 108495 POSITION ON CONTACT ELEMENT 56533
 
 WARNING G3051: MODIFYING SECONDARY GRID 108585 POSITION ON CONTACT ELEMENT 56533
 
 WARNING G3051: MODIFYING SECONDARY GRID 108591 POSITION ON CONTACT ELEMENT 56589
 
 WARNING G3051: MODIFYING SECONDARY GRID 43078 POSITION ON CONTACT ELEMENT 23667
 
 WARNING G3051: MODIFYING SECONDARY GRID 43203 POSITION ON CONTACT ELEMENT 23706
 
 WARNING G3051: MODIFYING SECONDARY GRID 43043 POSITION ON CONTACT ELEMENT 23358
 
 
 
 
 
 
 
                                                                        02/28/26  22:26  ADS NASTRAN VERSION 20.2.0.23   PAGE     45
 
 
 
 
 
 
 
 
 WARNING G3051: MODIFYING SECONDARY GRID 94269 POSITION ON CONTACT ELEMENT 56035
 
 WARNING G3051: MODIFYING SECONDARY GRID 94272 POSITION ON CONTACT ELEMENT 52167
 
 WARNING G3051: MODIFYING SECONDARY GRID 93660 POSITION ON CONTACT ELEMENT 55711
 
 WARNING G3051: MODIFYING SECONDARY GRID 94264 POSITION ON CONTACT ELEMENT 55538
 
 WARNING G3051: MODIFYING SECONDARY GRID 94265 POSITION ON CONTACT ELEMENT 54396
 
 WARNING G3051: MODIFYING SECONDARY GRID 92886 POSITION ON CONTACT ELEMENT 54277
 
 WARNING G3051: MODIFYING SECONDARY GRID 94680 POSITION ON CONTACT ELEMENT 54500
 
 WARNING G3051: MODIFYING SECONDARY GRID 94634 POSITION ON CONTACT ELEMENT 55904
 
 WARNING G3051: MODIFYING SECONDARY GRID 93800 POSITION ON CONTACT ELEMENT 54164
 
 WARNING G3051: MODIFYING SECONDARY GRID 93818 POSITION ON CONTACT ELEMENT 51007
 
 WARNING G3051: MODIFYING SECONDARY GRID 93133 POSITION ON CONTACT ELEMENT 56101
 
 WARNING G3051: MODIFYING SECONDARY GRID 93323 POSITION ON CONTACT ELEMENT 54396
 
 WARNING G3051: MODIFYING SECONDARY GRID 93075 POSITION ON CONTACT ELEMENT 55944
 
 WARNING G3051: MODIFYING SECONDARY GRID 93799 POSITION ON CONTACT ELEMENT 55627
 
 WARNING G3051: MODIFYING SECONDARY GRID 93249 POSITION ON CONTACT ELEMENT 55904
 
 WARNING G3051: MODIFYING SECONDARY GRID 94633 POSITION ON CONTACT ELEMENT 55132
 
 WARNING G3051: MODIFYING SECONDARY GRID 93815 POSITION ON CONTACT ELEMENT 55132
 
 WARNING G3051: MODIFYING SECONDARY GRID 94428 POSITION ON CONTACT ELEMENT 55944
 
 WARNING G3051: MODIFYING SECONDARY GRID 94679 POSITION ON CONTACT ELEMENT 50577
 
 WARNING G3051: MODIFYING SECONDARY GRID 93801 POSITION ON CONTACT ELEMENT 54017
 
 WARNING G3051: MODIFYING SECONDARY GRID 93359 POSITION ON CONTACT ELEMENT 55542
 
 WARNING G3051: MODIFYING SECONDARY GRID 93162 POSITION ON CONTACT ELEMENT 55691
 
 WARNING G3051: MODIFYING SECONDARY GRID 92922 POSITION ON CONTACT ELEMENT 54736
 
 WARNING G3051: MODIFYING SECONDARY GRID 93661 POSITION ON CONTACT ELEMENT 54109
 
 WARNING G3051: MODIFYING SECONDARY GRID 94637 POSITION ON CONTACT ELEMENT 56035
 
 WARNING G3051: MODIFYING SECONDARY GRID 94422 POSITION ON CONTACT ELEMENT 56035
 
 WARNING G3051: MODIFYING SECONDARY GRID 92990 POSITION ON CONTACT ELEMENT 55767
 
 WARNING G3051: MODIFYING SECONDARY GRID 93280 POSITION ON CONTACT ELEMENT 55965
 
 WARNING G3051: MODIFYING SECONDARY GRID 93819 POSITION ON CONTACT ELEMENT 52281
 
 WARNING G3051: MODIFYING SECONDARY GRID 93662 POSITION ON CONTACT ELEMENT 50565
 
 
 
 
 
 
 
                                                                        02/28/26  22:26  ADS NASTRAN VERSION 20.2.0.23   PAGE     46
 
 
 
 
 
 
 
 
 WARNING G3051: MODIFYING SECONDARY GRID 93814 POSITION ON CONTACT ELEMENT 55944
 
 WARNING G3051: MODIFYING SECONDARY GRID 94638 POSITION ON CONTACT ELEMENT 50573
 
 WARNING G3051: MODIFYING SECONDARY GRID 77192 POSITION ON CONTACT ELEMENT 47971
 
 WARNING G3051: MODIFYING SECONDARY GRID 78513 POSITION ON CONTACT ELEMENT 47971
 
 WARNING G3051: MODIFYING SECONDARY GRID 77140 POSITION ON CONTACT ELEMENT 47989
 
 WARNING G3051: MODIFYING SECONDARY GRID 78665 POSITION ON CONTACT ELEMENT 47989
 
 WARNING G3051: MODIFYING SECONDARY GRID 77526 POSITION ON CONTACT ELEMENT 47965
 
 WARNING G3051: MODIFYING SECONDARY GRID 77523 POSITION ON CONTACT ELEMENT 47943
 
 WARNING G3051: MODIFYING SECONDARY GRID 78881 POSITION ON CONTACT ELEMENT 48014
 
 WARNING G3051: MODIFYING SECONDARY GRID 77162 POSITION ON CONTACT ELEMENT 48010
 
 WARNING G3051: MODIFYING SECONDARY GRID 78677 POSITION ON CONTACT ELEMENT 47876
 
 WARNING G3051: MODIFYING SECONDARY GRID 78062 POSITION ON CONTACT ELEMENT 47876
 
 WARNING G3051: MODIFYING SECONDARY GRID 78885 POSITION ON CONTACT ELEMENT 47912
 
 WARNING G3051: MODIFYING SECONDARY GRID 77492 POSITION ON CONTACT ELEMENT 48014
 
 WARNING G3051: MODIFYING SECONDARY GRID 77909 POSITION ON CONTACT ELEMENT 45564
 
 WARNING G3051: MODIFYING SECONDARY GRID 78520 POSITION ON CONTACT ELEMENT 48014
 
 WARNING G3051: MODIFYING SECONDARY GRID 78926 POSITION ON CONTACT ELEMENT 47999
 
 WARNING G3051: MODIFYING SECONDARY GRID 78884 POSITION ON CONTACT ELEMENT 47293
 
 WARNING G3051: MODIFYING SECONDARY GRID 78047 POSITION ON CONTACT ELEMENT 47965
 
 WARNING G3051: MODIFYING SECONDARY GRID 77910 POSITION ON CONTACT ELEMENT 45225
 
 WARNING G3051: MODIFYING SECONDARY GRID 77908 POSITION ON CONTACT ELEMENT 47630
 
 WARNING G3051: MODIFYING SECONDARY GRID 78066 POSITION ON CONTACT ELEMENT 46600
 
 WARNING G3051: MODIFYING SECONDARY GRID 78049 POSITION ON CONTACT ELEMENT 46575
 
 WARNING G3051: MODIFYING SECONDARY GRID 78067 POSITION ON CONTACT ELEMENT 47334
 
 WARNING G3051: MODIFYING SECONDARY GRID 78048 POSITION ON CONTACT ELEMENT 47416
 
 WARNING G3051: MODIFYING SECONDARY GRID 77324 POSITION ON CONTACT ELEMENT 47876
 
 WARNING G3051: MODIFYING SECONDARY GRID 78063 POSITION ON CONTACT ELEMENT 47495
 
 WARNING G3051: MODIFYING SECONDARY GRID 77605 POSITION ON CONTACT ELEMENT 47960
 
 WARNING G3051: MODIFYING SECONDARY GRID 77408 POSITION ON CONTACT ELEMENT 47591
 
 WARNING G3051: MODIFYING SECONDARY GRID 78517 POSITION ON CONTACT ELEMENT 47912
 
 
 
 
 
 
 
                                                                        02/28/26  22:26  ADS NASTRAN VERSION 20.2.0.23   PAGE     47
 
 
 
 
 
 
 
 
 WARNING G3051: MODIFYING SECONDARY GRID 78880 POSITION ON CONTACT ELEMENT 47431
 
 WARNING G3051: MODIFYING SECONDARY GRID 78927 POSITION ON CONTACT ELEMENT 44949
 
 WARNING G3051: MODIFYING SECONDARY GRID 78512 POSITION ON CONTACT ELEMENT 47971
 
 WARNING G3051: MODIFYING SECONDARY GRID 78673 POSITION ON CONTACT ELEMENT 47912
 
 WARNING G3051: MODIFYING SECONDARY GRID 77238 POSITION ON CONTACT ELEMENT 48031
 
 WARNING G3051: MODIFYING SECONDARY GRID 77102 POSITION ON CONTACT ELEMENT 47407
 
 WARNING G3051: MODIFYING SECONDARY GRID 46860 POSITION ON CONTACT ELEMENT 31472
 
 WARNING G3051: MODIFYING SECONDARY GRID 46682 POSITION ON CONTACT ELEMENT 30854
 
 WARNING G3051: MODIFYING SECONDARY GRID 45113 POSITION ON CONTACT ELEMENT 31854
 
 WARNING G3051: MODIFYING SECONDARY GRID 46669 POSITION ON CONTACT ELEMENT 31019
 
 WARNING G3051: MODIFYING SECONDARY GRID 46668 POSITION ON CONTACT ELEMENT 31054
 
 WARNING G3051: MODIFYING SECONDARY GRID 45699 POSITION ON CONTACT ELEMENT 31928
 
 WARNING G3051: MODIFYING SECONDARY GRID 45683 POSITION ON CONTACT ELEMENT 31789
 
 WARNING G3051: MODIFYING SECONDARY GRID 45758 POSITION ON CONTACT ELEMENT 31722
 
 WARNING G3051: MODIFYING SECONDARY GRID 45419 POSITION ON CONTACT ELEMENT 31755
 
 WARNING G3051: MODIFYING SECONDARY GRID 46430 POSITION ON CONTACT ELEMENT 31032
 
 WARNING G3051: MODIFYING SECONDARY GRID 45465 POSITION ON CONTACT ELEMENT 31161
 
 WARNING G3051: MODIFYING SECONDARY GRID 45311 POSITION ON CONTACT ELEMENT 31472
 
 WARNING G3051: MODIFYING SECONDARY GRID 45757 POSITION ON CONTACT ELEMENT 31929
 
 WARNING G3051: MODIFYING SECONDARY GRID 46428 POSITION ON CONTACT ELEMENT 30853
 
 WARNING G3051: MODIFYING SECONDARY GRID 46427 POSITION ON CONTACT ELEMENT 30847
 
 WARNING G3051: MODIFYING SECONDARY GRID 45138 POSITION ON CONTACT ELEMENT 31789
 
 WARNING G3051: MODIFYING SECONDARY GRID 46538 POSITION ON CONTACT ELEMENT 31570
 
 WARNING G3051: MODIFYING SECONDARY GRID 45476 POSITION ON CONTACT ELEMENT 31570
 
 WARNING G3051: MODIFYING SECONDARY GRID 46537 POSITION ON CONTACT ELEMENT 31570
 
 WARNING G3051: MODIFYING SECONDARY GRID 46429 POSITION ON CONTACT ELEMENT 31581
 
 WARNING G3051: MODIFYING SECONDARY GRID 46844 POSITION ON CONTACT ELEMENT 31791
 
 WARNING G3051: MODIFYING SECONDARY GRID 46540 POSITION ON CONTACT ELEMENT 31800
 
 WARNING G3051: MODIFYING SECONDARY GRID 45681 POSITION ON CONTACT ELEMENT 31309
 
 WARNING G3051: MODIFYING SECONDARY GRID 45779 POSITION ON CONTACT ELEMENT 31755
 
 
 
 
 
 
 
                                                                        02/28/26  22:26  ADS NASTRAN VERSION 20.2.0.23   PAGE     48
 
 
 
 
 
 
 
 
 WARNING G3051: MODIFYING SECONDARY GRID 45793 POSITION ON CONTACT ELEMENT 31760
 
 WARNING G3051: MODIFYING SECONDARY GRID 46855 POSITION ON CONTACT ELEMENT 31867
 
 WARNING G3051: MODIFYING SECONDARY GRID 46539 POSITION ON CONTACT ELEMENT 31061
 
 WARNING G3051: MODIFYING SECONDARY GRID 63036 POSITION ON CONTACT ELEMENT 39458
 
 WARNING G3051: MODIFYING SECONDARY GRID 62677 POSITION ON CONTACT ELEMENT 39395
 
 WARNING G3051: MODIFYING SECONDARY GRID 61231 POSITION ON CONTACT ELEMENT 39923
 
 WARNING G3051: MODIFYING SECONDARY GRID 62672 POSITION ON CONTACT ELEMENT 39520
 
 WARNING G3051: MODIFYING SECONDARY GRID 63041 POSITION ON CONTACT ELEMENT 37607
 
 WARNING G3051: MODIFYING SECONDARY GRID 62524 POSITION ON CONTACT ELEMENT 39965
 
 WARNING G3051: MODIFYING SECONDARY GRID 62652 POSITION ON CONTACT ELEMENT 34308
 
 WARNING G3051: MODIFYING SECONDARY GRID 62521 POSITION ON CONTACT ELEMENT 33663
 
 WARNING G3051: MODIFYING SECONDARY GRID 63042 POSITION ON CONTACT ELEMENT 33547
 
 WARNING G3051: MODIFYING SECONDARY GRID 62669 POSITION ON CONTACT ELEMENT 38157
 
 WARNING G3051: MODIFYING SECONDARY GRID 61669 POSITION ON CONTACT ELEMENT 39399
 
 WARNING G3051: MODIFYING SECONDARY GRID 62668 POSITION ON CONTACT ELEMENT 39923
 
 WARNING G3051: MODIFYING SECONDARY GRID 62653 POSITION ON CONTACT ELEMENT 37573
 
 WARNING G3051: MODIFYING SECONDARY GRID 63040 POSITION ON CONTACT ELEMENT 34313
 
 WARNING G3051: MODIFYING SECONDARY GRID 62413 POSITION ON CONTACT ELEMENT 39603
 
 WARNING G3051: MODIFYING SECONDARY GRID 61101 POSITION ON CONTACT ELEMENT 39395
 
 WARNING G3051: MODIFYING SECONDARY GRID 62845 POSITION ON CONTACT ELEMENT 39580
 
 WARNING G3051: MODIFYING SECONDARY GRID 61776 POSITION ON CONTACT ELEMENT 36340
 
 WARNING G3051: MODIFYING SECONDARY GRID 62828 POSITION ON CONTACT ELEMENT 39376
 
 WARNING G3051: MODIFYING SECONDARY GRID 62841 POSITION ON CONTACT ELEMENT 39642
 
 WARNING G3051: MODIFYING SECONDARY GRID 61687 POSITION ON CONTACT ELEMENT 39965
 
 WARNING G3051: MODIFYING SECONDARY GRID 62412 POSITION ON CONTACT ELEMENT 39795
 
 WARNING G3051: MODIFYING SECONDARY GRID 61741 POSITION ON CONTACT ELEMENT 39915
 
 WARNING G3051: MODIFYING SECONDARY GRID 62935 POSITION ON CONTACT ELEMENT 39603
 
 WARNING G3051: MODIFYING SECONDARY GRID 62411 POSITION ON CONTACT ELEMENT 39795
 
 WARNING G3051: MODIFYING SECONDARY GRID 61459 POSITION ON CONTACT ELEMENT 38944
 
 WARNING G3051: MODIFYING SECONDARY GRID 62667 POSITION ON CONTACT ELEMENT 35715
 
 
 
 
 
 
 
                                                                        02/28/26  22:26  ADS NASTRAN VERSION 20.2.0.23   PAGE     49
 
 
 
 
 
 
 
 
 WARNING G3051: MODIFYING SECONDARY GRID 61742 POSITION ON CONTACT ELEMENT 39136
 
 WARNING G3051: MODIFYING SECONDARY GRID 61761 POSITION ON CONTACT ELEMENT 39580
 
 WARNING G3051: MODIFYING SECONDARY GRID 62666 POSITION ON CONTACT ELEMENT 33711
 
 WARNING G3051: MODIFYING SECONDARY GRID 61465 POSITION ON CONTACT ELEMENT 39425
 
 WARNING G3051: MODIFYING SECONDARY GRID 62522 POSITION ON CONTACT ELEMENT 33663
 
 WARNING G3051: MODIFYING SECONDARY GRID 62523 POSITION ON CONTACT ELEMENT 33675
 
 WARNING G3051: MODIFYING SECONDARY GRID 61415 POSITION ON CONTACT ELEMENT 39458
 
 WARNING G3051: MODIFYING SECONDARY GRID 63049 POSITION ON CONTACT ELEMENT 34275
 
 WARNING G3051: MODIFYING SECONDARY GRID 62414 POSITION ON CONTACT ELEMENT 34249
 
 WARNING G3051: MODIFYING SECONDARY GRID 63037 POSITION ON CONTACT ELEMENT 34269
 
 WARNING G3051: MODIFYING SECONDARY GRID 136304 POSITION ON CONTACT ELEMENT 83414
 
 WARNING G3051: MODIFYING SECONDARY GRID 137681 POSITION ON CONTACT ELEMENT 83414
 
 WARNING G3051: MODIFYING SECONDARY GRID 139509 POSITION ON CONTACT ELEMENT 82652
 
 WARNING G3051: MODIFYING SECONDARY GRID 139507 POSITION ON CONTACT ELEMENT 80993
 
 WARNING G3051: MODIFYING SECONDARY GRID 137903 POSITION ON CONTACT ELEMENT 81331
 
 WARNING G3051: MODIFYING SECONDARY GRID 113798 POSITION ON CONTACT ELEMENT 68302
 
 WARNING G3051: MODIFYING SECONDARY GRID 113795 POSITION ON CONTACT ELEMENT 69908
 
 WARNING G3051: MODIFYING SECONDARY GRID 112186 POSITION ON CONTACT ELEMENT 62797
 
 WARNING G3051: MODIFYING SECONDARY GRID 110926 POSITION ON CONTACT ELEMENT 69732
 
 WARNING G3051: MODIFYING SECONDARY GRID 111511 POSITION ON CONTACT ELEMENT 70166
 
 WARNING G3051: MODIFYING SECONDARY GRID 111754 POSITION ON CONTACT ELEMENT 70116
 
 WARNING G3051: MODIFYING SECONDARY GRID 111074 POSITION ON CONTACT ELEMENT 69173
 
 WARNING G3051: MODIFYING SECONDARY GRID 113170 POSITION ON CONTACT ELEMENT 69760
 
 WARNING G3051: MODIFYING SECONDARY GRID 111033 POSITION ON CONTACT ELEMENT 69896
 
 WARNING G3051: MODIFYING SECONDARY GRID 110892 POSITION ON CONTACT ELEMENT 70188
 
 WARNING G3051: MODIFYING SECONDARY GRID 111959 POSITION ON CONTACT ELEMENT 69024
 
 WARNING G3051: MODIFYING SECONDARY GRID 112499 POSITION ON CONTACT ELEMENT 66426
 
 WARNING G3051: MODIFYING SECONDARY GRID 112497 POSITION ON CONTACT ELEMENT 66277
 
 WARNING G3051: MODIFYING SECONDARY GRID 111960 POSITION ON CONTACT ELEMENT 69007
 
 WARNING G3051: MODIFYING SECONDARY GRID 111760 POSITION ON CONTACT ELEMENT 70298
 
 
 
 
 
 
 
                                                                        02/28/26  22:26  ADS NASTRAN VERSION 20.2.0.23   PAGE     50
 
 
 
 
 
 
 
 
 WARNING G3051: MODIFYING SECONDARY GRID 110968 POSITION ON CONTACT ELEMENT 69797
 
 WARNING G3051: MODIFYING SECONDARY GRID 111961 POSITION ON CONTACT ELEMENT 69007
 
 WARNING G3051: MODIFYING SECONDARY GRID 111759 POSITION ON CONTACT ELEMENT 68776
 
 WARNING G3051: MODIFYING SECONDARY GRID 113255 POSITION ON CONTACT ELEMENT 70298
 
 WARNING G3051: MODIFYING SECONDARY GRID 111512 POSITION ON CONTACT ELEMENT 69732
 
 WARNING G3051: MODIFYING SECONDARY GRID 112498 POSITION ON CONTACT ELEMENT 69732
 
 WARNING G3051: MODIFYING SECONDARY GRID 113520 POSITION ON CONTACT ELEMENT 69403
 
 WARNING G3051: MODIFYING SECONDARY GRID 113171 POSITION ON CONTACT ELEMENT 69717
 
 WARNING G3051: MODIFYING SECONDARY GRID 110983 POSITION ON CONTACT ELEMENT 68606
 
 WARNING G3051: MODIFYING SECONDARY GRID 111374 POSITION ON CONTACT ELEMENT 69797
 
 WARNING G3051: MODIFYING SECONDARY GRID 111375 POSITION ON CONTACT ELEMENT 69797
 
 WARNING G3051: MODIFYING SECONDARY GRID 111867 POSITION ON CONTACT ELEMENT 66216
 
 WARNING G3051: MODIFYING SECONDARY GRID 137676 POSITION ON CONTACT ELEMENT 83282
 
 WARNING G3051: MODIFYING SECONDARY GRID 138967 POSITION ON CONTACT ELEMENT 83282
 
 WARNING G3051: MODIFYING SECONDARY GRID 137584 POSITION ON CONTACT ELEMENT 79384
 
 WARNING G3051: MODIFYING SECONDARY GRID 137475 POSITION ON CONTACT ELEMENT 83282
 
 WARNING G3051: MODIFYING SECONDARY GRID 137675 POSITION ON CONTACT ELEMENT 78570
 
 WARNING G3051: MODIFYING SECONDARY GRID 137585 POSITION ON CONTACT ELEMENT 82361
 
 WARNING G3051: MODIFYING SECONDARY GRID 136619 POSITION ON CONTACT ELEMENT 82361
 
 WARNING G3051: MODIFYING SECONDARY GRID 137476 POSITION ON CONTACT ELEMENT 83552
 
 WARNING G3051: MODIFYING SECONDARY GRID 137097 POSITION ON CONTACT ELEMENT 83266
 
 WARNING G3051: MODIFYING SECONDARY GRID 136696 POSITION ON CONTACT ELEMENT 81959
 
 WARNING G3051: MODIFYING SECONDARY GRID 138881 POSITION ON CONTACT ELEMENT 82022
 
 WARNING G3051: MODIFYING SECONDARY GRID 139228 POSITION ON CONTACT ELEMENT 82791
 
 WARNING G3051: MODIFYING SECONDARY GRID 137677 POSITION ON CONTACT ELEMENT 80292
 
 WARNING G3051: MODIFYING SECONDARY GRID 138213 POSITION ON CONTACT ELEMENT 83220
 
 WARNING G3051: MODIFYING SECONDARY GRID 136723 POSITION ON CONTACT ELEMENT 80689
 
 WARNING G3051: MODIFYING SECONDARY GRID 137442 POSITION ON CONTACT ELEMENT 82208
 
 WARNING G3051: MODIFYING SECONDARY GRID 137227 POSITION ON CONTACT ELEMENT 83220
 
 WARNING G3051: MODIFYING SECONDARY GRID 137583 POSITION ON CONTACT ELEMENT 81959
 
 
 
 
 
 
 
                                                                        02/28/26  22:26  ADS NASTRAN VERSION 20.2.0.23   PAGE     51
 
 
 
 
 
 
 
 
 WARNING G3051: MODIFYING SECONDARY GRID 137225 POSITION ON CONTACT ELEMENT 82733
 
 WARNING G3051: MODIFYING SECONDARY GRID 139026 POSITION ON CONTACT ELEMENT 73258
 
 WARNING G3051: MODIFYING SECONDARY GRID 136697 POSITION ON CONTACT ELEMENT 82498
 
 WARNING G3051: MODIFYING SECONDARY GRID 139260 POSITION ON CONTACT ELEMENT 81596
 
 WARNING G3051: MODIFYING SECONDARY GRID 138880 POSITION ON CONTACT ELEMENT 82733
 
 WARNING G3051: MODIFYING SECONDARY GRID 136758 POSITION ON CONTACT ELEMENT 82821
 
 WARNING G3051: MODIFYING SECONDARY GRID 137226 POSITION ON CONTACT ELEMENT 82084
 
 WARNING G3051: MODIFYING SECONDARY GRID 136652 POSITION ON CONTACT ELEMENT 82992
 
 WARNING G3051: MODIFYING SECONDARY GRID 137096 POSITION ON CONTACT ELEMENT 82498
 
 WARNING G3051: MODIFYING SECONDARY GRID 138214 POSITION ON CONTACT ELEMENT 83220
 
 WARNING G3051: MODIFYING SECONDARY GRID 137696 POSITION ON CONTACT ELEMENT 77422
 
 WARNING G3051: MODIFYING SECONDARY GRID 137695 POSITION ON CONTACT ELEMENT 78634
 
 WARNING G3051: MODIFYING SECONDARY GRID 139489 POSITION ON CONTACT ELEMENT 77422
 
 WARNING G3051: MODIFYING SECONDARY GRID 137805 POSITION ON CONTACT ELEMENT 77422
 
 WARNING G3051: MODIFYING SECONDARY GRID 136546 POSITION ON CONTACT ELEMENT 80499
 
 WARNING G3051: MODIFYING SECONDARY GRID 137703 POSITION ON CONTACT ELEMENT 79286
 
 WARNING G3051: MODIFYING SECONDARY GRID 139496 POSITION ON CONTACT ELEMENT 82517
 
 WARNING G3051: MODIFYING SECONDARY GRID 139490 POSITION ON CONTACT ELEMENT 83423
 
 WARNING G3051: MODIFYING SECONDARY GRID 112089 POSITION ON CONTACT ELEMENT 67486
 
 WARNING G3051: MODIFYING SECONDARY GRID 113776 POSITION ON CONTACT ELEMENT 70275
 
 WARNING G3051: MODIFYING SECONDARY GRID 111980 POSITION ON CONTACT ELEMENT 67675
 
 WARNING G3051: MODIFYING SECONDARY GRID 113775 POSITION ON CONTACT ELEMENT 67458
 
 WARNING G3051: MODIFYING SECONDARY GRID 111987 POSITION ON CONTACT ELEMENT 69858
 
 WARNING G3051: MODIFYING SECONDARY GRID 110823 POSITION ON CONTACT ELEMENT 67684
 
 WARNING G3051: MODIFYING SECONDARY GRID 113782 POSITION ON CONTACT ELEMENT 70280
 
 WARNING G3051: MODIFYING SECONDARY GRID 111979 POSITION ON CONTACT ELEMENT 67684
 
 WARNING G3051: MODIFYING SECONDARY GRID 137699 POSITION ON CONTACT ELEMENT 82753
 
 WARNING G3051: MODIFYING SECONDARY GRID 137918 POSITION ON CONTACT ELEMENT 82400
 
 WARNING G3051: MODIFYING SECONDARY GRID 111983 POSITION ON CONTACT ELEMENT 69858
 
 WARNING G3051: MODIFYING SECONDARY GRID 137910 POSITION ON CONTACT ELEMENT 83472
 
 
 
 
 
 
 
                                                                        02/28/26  22:26  ADS NASTRAN VERSION 20.2.0.23   PAGE     52
 
 
 
 
 
 
 
 
 WARNING G3051: MODIFYING SECONDARY GRID 138691 POSITION ON CONTACT ELEMENT 83558
 
 WARNING G3051: MODIFYING SECONDARY GRID 137911 POSITION ON CONTACT ELEMENT 83023
 
 WARNING G3051: MODIFYING SECONDARY GRID 138682 POSITION ON CONTACT ELEMENT 82832
 
 WARNING G3051: MODIFYING SECONDARY GRID 137915 POSITION ON CONTACT ELEMENT 81839
 
 WARNING G3051: MODIFYING SECONDARY GRID 136313 POSITION ON CONTACT ELEMENT 83558
 
 WARNING G3051: MODIFYING SECONDARY GRID 138685 POSITION ON CONTACT ELEMENT 83349
 
 WARNING G3051: MODIFYING SECONDARY GRID 139520 POSITION ON CONTACT ELEMENT 80316
 
 WARNING G3051: MODIFYING SECONDARY GRID 137914 POSITION ON CONTACT ELEMENT 81839
 
 WARNING G3051: MODIFYING SECONDARY GRID 138692 POSITION ON CONTACT ELEMENT 83349
 
 WARNING G3051: MODIFYING SECONDARY GRID 137913 POSITION ON CONTACT ELEMENT 81127
 
 WARNING G3051: MODIFYING SECONDARY GRID 137912 POSITION ON CONTACT ELEMENT 83023
 
 WARNING G3051: MODIFYING SECONDARY GRID 137906 POSITION ON CONTACT ELEMENT 83243
 
 WARNING G3051: MODIFYING SECONDARY GRID 137471 POSITION ON CONTACT ELEMENT 83642
 
 WARNING G3051: MODIFYING SECONDARY GRID 139493 POSITION ON CONTACT ELEMENT 81295
 
 WARNING G3051: MODIFYING SECONDARY GRID 136396 POSITION ON CONTACT ELEMENT 83457
 
 WARNING G3051: MODIFYING SECONDARY GRID 138678 POSITION ON CONTACT ELEMENT 83243
 
 WARNING G3051: MODIFYING SECONDARY GRID 138948 POSITION ON CONTACT ELEMENT 83513
 
 WARNING G3051: MODIFYING SECONDARY GRID 137423 POSITION ON CONTACT ELEMENT 82537
 
 WARNING G3051: MODIFYING SECONDARY GRID 136429 POSITION ON CONTACT ELEMENT 83257
 
 WARNING G3051: MODIFYING SECONDARY GRID 138677 POSITION ON CONTACT ELEMENT 83637
 
 WARNING G3051: MODIFYING SECONDARY GRID 137902 POSITION ON CONTACT ELEMENT 81817
 
 WARNING G3051: MODIFYING SECONDARY GRID 137907 POSITION ON CONTACT ELEMENT 81655
 
 WARNING G3051: MODIFYING SECONDARY GRID 137901 POSITION ON CONTACT ELEMENT 83195
 
 WARNING G3051: MODIFYING SECONDARY GRID 139494 POSITION ON CONTACT ELEMENT 82755
 
 WARNING G3051: MODIFYING SECONDARY GRID 138883 POSITION ON CONTACT ELEMENT 82755
 
 WARNING G3051: MODIFYING SECONDARY GRID 138882 POSITION ON CONTACT ELEMENT 83195
 
 WARNING G3051: MODIFYING SECONDARY GRID 136307 POSITION ON CONTACT ELEMENT 82048
 
 WARNING G3051: MODIFYING SECONDARY GRID 137080 POSITION ON CONTACT ELEMENT 83513
 
 WARNING G3051: MODIFYING SECONDARY GRID 136980 POSITION ON CONTACT ELEMENT 82234
 
 WARNING G3051: MODIFYING SECONDARY GRID 137376 POSITION ON CONTACT ELEMENT 83513
 
 
 
 
 
 
 
                                                                        02/28/26  22:26  ADS NASTRAN VERSION 20.2.0.23   PAGE     53
 
 
 
 
 
 
 
 
 WARNING G3051: MODIFYING SECONDARY GRID 137803 POSITION ON CONTACT ELEMENT 80114
 
 WARNING G3051: MODIFYING SECONDARY GRID 137394 POSITION ON CONTACT ELEMENT 82932
 
 WARNING G3051: MODIFYING SECONDARY GRID 136430 POSITION ON CONTACT ELEMENT 81926
 
 WARNING G3051: MODIFYING SECONDARY GRID 137425 POSITION ON CONTACT ELEMENT 82998
 
 WARNING G3051: MODIFYING SECONDARY GRID 136382 POSITION ON CONTACT ELEMENT 81917
 
 WARNING G3051: MODIFYING SECONDARY GRID 138676 POSITION ON CONTACT ELEMENT 82795
 
 WARNING G3051: MODIFYING SECONDARY GRID 138022 POSITION ON CONTACT ELEMENT 83257
 
 WARNING G3051: MODIFYING SECONDARY GRID 139147 POSITION ON CONTACT ELEMENT 82707
 
 WARNING G3051: MODIFYING SECONDARY GRID 137379 POSITION ON CONTACT ELEMENT 82932
 
 WARNING G3051: MODIFYING SECONDARY GRID 137424 POSITION ON CONTACT ELEMENT 82707
 
 WARNING G3051: MODIFYING SECONDARY GRID 137429 POSITION ON CONTACT ELEMENT 82202
 
 WARNING G3051: MODIFYING SECONDARY GRID 136979 POSITION ON CONTACT ELEMENT 83512
 
 WARNING G3051: MODIFYING SECONDARY GRID 137905 POSITION ON CONTACT ELEMENT 80318
 
 WARNING G3051: MODIFYING SECONDARY GRID 136538 POSITION ON CONTACT ELEMENT 82883
 
 WARNING G3051: MODIFYING SECONDARY GRID 139513 POSITION ON CONTACT ELEMENT 81817
 
 WARNING G3051: MODIFYING SECONDARY GRID 137804 POSITION ON CONTACT ELEMENT 82010
 
 WARNING G3051: MODIFYING SECONDARY GRID 137904 POSITION ON CONTACT ELEMENT 82832
 
 WARNING G3051: MODIFYING SECONDARY GRID 138675 POSITION ON CONTACT ELEMENT 83195
 
 WARNING G3051: MODIFYING SECONDARY GRID 139495 POSITION ON CONTACT ELEMENT 81331
 
 WARNING G3051: MODIFYING SECONDARY GRID 138686 POSITION ON CONTACT ELEMENT 83558
 
 WARNING G3051: MODIFYING SECONDARY GRID 136936 POSITION ON CONTACT ELEMENT 81636
 
 WARNING G3051: MODIFYING SECONDARY GRID 136539 POSITION ON CONTACT ELEMENT 82537
 
 WARNING G3051: MODIFYING SECONDARY GRID 137917 POSITION ON CONTACT ELEMENT 81100
 
 WARNING G3051: MODIFYING SECONDARY GRID 139486 POSITION ON CONTACT ELEMENT 83512
 
 WARNING G3051: MODIFYING SECONDARY GRID 138681 POSITION ON CONTACT ELEMENT 83349
 
 WARNING G3051: MODIFYING SECONDARY GRID 138023 POSITION ON CONTACT ELEMENT 83225
 
 WARNING G3051: MODIFYING SECONDARY GRID 138947 POSITION ON CONTACT ELEMENT 83308
 
 WARNING G3051: MODIFYING SECONDARY GRID 137106 POSITION ON CONTACT ELEMENT 82508
 
 WARNING G3051: MODIFYING SECONDARY GRID 137916 POSITION ON CONTACT ELEMENT 81705
 
 WARNING G3051: MODIFYING SECONDARY GRID 137908 POSITION ON CONTACT ELEMENT 70929
 
 
 
 
 
 
 
                                                                        02/28/26  22:26  ADS NASTRAN VERSION 20.2.0.23   PAGE     54
 
 
 
 
 
 
 
 
 WARNING G3051: MODIFYING SECONDARY GRID 111631 POSITION ON CONTACT ELEMENT 69574
 
 WARNING G3051: MODIFYING SECONDARY GRID 111052 POSITION ON CONTACT ELEMENT 69809
 
 WARNING G3051: MODIFYING SECONDARY GRID 112194 POSITION ON CONTACT ELEMENT 60793
 
 WARNING G3051: MODIFYING SECONDARY GRID 110644 POSITION ON CONTACT ELEMENT 69809
 
 WARNING G3051: MODIFYING SECONDARY GRID 112198 POSITION ON CONTACT ELEMENT 63162
 
 WARNING G3051: MODIFYING SECONDARY GRID 113806 POSITION ON CONTACT ELEMENT 69447
 
 WARNING G3051: MODIFYING SECONDARY GRID 110828 POSITION ON CONTACT ELEMENT 69185
 
 WARNING G3051: MODIFYING SECONDARY GRID 112195 POSITION ON CONTACT ELEMENT 62283
 
 WARNING G3051: MODIFYING SECONDARY GRID 112196 POSITION ON CONTACT ELEMENT 69252
 
 WARNING G3051: MODIFYING SECONDARY GRID 112197 POSITION ON CONTACT ELEMENT 69447
 
 WARNING G3051: MODIFYING SECONDARY GRID 110687 POSITION ON CONTACT ELEMENT 69714
 
 WARNING G3051: MODIFYING SECONDARY GRID 111360 POSITION ON CONTACT ELEMENT 66976
 
 WARNING G3051: MODIFYING SECONDARY GRID 111253 POSITION ON CONTACT ELEMENT 70034
 
 WARNING G3051: MODIFYING SECONDARY GRID 112965 POSITION ON CONTACT ELEMENT 69006
 
 WARNING G3051: MODIFYING SECONDARY GRID 112187 POSITION ON CONTACT ELEMENT 69006
 
 WARNING G3051: MODIFYING SECONDARY GRID 112193 POSITION ON CONTACT ELEMENT 70002
 
 WARNING G3051: MODIFYING SECONDARY GRID 112961 POSITION ON CONTACT ELEMENT 70066
 
 WARNING G3051: MODIFYING SECONDARY GRID 112966 POSITION ON CONTACT ELEMENT 70253
 
 WARNING G3051: MODIFYING SECONDARY GRID 112306 POSITION ON CONTACT ELEMENT 63337
 
 WARNING G3051: MODIFYING SECONDARY GRID 112960 POSITION ON CONTACT ELEMENT 70136
 
 WARNING G3051: MODIFYING SECONDARY GRID 110813 POSITION ON CONTACT ELEMENT 69832
 
 WARNING G3051: MODIFYING SECONDARY GRID 112190 POSITION ON CONTACT ELEMENT 69229
 
 WARNING G3051: MODIFYING SECONDARY GRID 112962 POSITION ON CONTACT ELEMENT 69230
 
 WARNING G3051: MODIFYING SECONDARY GRID 113780 POSITION ON CONTACT ELEMENT 69544
 
 WARNING G3051: MODIFYING SECONDARY GRID 112199 POSITION ON CONTACT ELEMENT 69385
 
 WARNING G3051: MODIFYING SECONDARY GRID 112969 POSITION ON CONTACT ELEMENT 69006
 
 WARNING G3051: MODIFYING SECONDARY GRID 111387 POSITION ON CONTACT ELEMENT 69621
 
 WARNING G3051: MODIFYING SECONDARY GRID 110717 POSITION ON CONTACT ELEMENT 63826
 
 WARNING G3051: MODIFYING SECONDARY GRID 111254 POSITION ON CONTACT ELEMENT 70042
 
 WARNING G3051: MODIFYING SECONDARY GRID 112087 POSITION ON CONTACT ELEMENT 66084
 
 
 
 
 
 
 
                                                                        02/28/26  22:26  ADS NASTRAN VERSION 20.2.0.23   PAGE     55
 
 
 
 
 
 
 
 
 WARNING G3051: MODIFYING SECONDARY GRID 110716 POSITION ON CONTACT ELEMENT 69680
 
 WARNING G3051: MODIFYING SECONDARY GRID 113238 POSITION ON CONTACT ELEMENT 70251
 
 WARNING G3051: MODIFYING SECONDARY GRID 110966 POSITION ON CONTACT ELEMENT 70052
 
 WARNING G3051: MODIFYING SECONDARY GRID 111661 POSITION ON CONTACT ELEMENT 68689
 
 WARNING G3051: MODIFYING SECONDARY GRID 111711 POSITION ON CONTACT ELEMENT 68518
 
 WARNING G3051: MODIFYING SECONDARY GRID 112189 POSITION ON CONTACT ELEMENT 64160
 
 WARNING G3051: MODIFYING SECONDARY GRID 112975 POSITION ON CONTACT ELEMENT 70253
 
 WARNING G3051: MODIFYING SECONDARY GRID 112088 POSITION ON CONTACT ELEMENT 66239
 
 WARNING G3051: MODIFYING SECONDARY GRID 112191 POSITION ON CONTACT ELEMENT 69552
 
 WARNING G3051: MODIFYING SECONDARY GRID 113779 POSITION ON CONTACT ELEMENT 65575
 
 WARNING G3051: MODIFYING SECONDARY GRID 112192 POSITION ON CONTACT ELEMENT 60385
 
 WARNING G3051: MODIFYING SECONDARY GRID 110597 POSITION ON CONTACT ELEMENT 70272
 
 WARNING G3051: MODIFYING SECONDARY GRID 110757 POSITION ON CONTACT ELEMENT 68865
 
 WARNING G3051: MODIFYING SECONDARY GRID 112188 POSITION ON CONTACT ELEMENT 69359
 
 WARNING G3051: MODIFYING SECONDARY GRID 112970 POSITION ON CONTACT ELEMENT 70253
 
 WARNING G3051: MODIFYING SECONDARY GRID 112976 POSITION ON CONTACT ELEMENT 69809
 
 WARNING G3051: MODIFYING SECONDARY GRID 111710 POSITION ON CONTACT ELEMENT 70313
 
 WARNING G3051: MODIFYING SECONDARY GRID 113781 POSITION ON CONTACT ELEMENT 68322
 
 WARNING G3051: MODIFYING SECONDARY GRID 113237 POSITION ON CONTACT ELEMENT 69602
 
 WARNING G3051: MODIFYING SECONDARY GRID 112307 POSITION ON CONTACT ELEMENT 69714
 
 WARNING G3051: MODIFYING SECONDARY GRID 113772 POSITION ON CONTACT ELEMENT 69392
 
 WARNING G3051: MODIFYING SECONDARY GRID 113793 POSITION ON CONTACT ELEMENT 69552
 
 WARNING G3051: MODIFYING SECONDARY GRID 111715 POSITION ON CONTACT ELEMENT 68070
 
 WARNING G3051: MODIFYING SECONDARY GRID 112959 POSITION ON CONTACT ELEMENT 70034
 
 WARNING G3051: MODIFYING SECONDARY GRID 113799 POSITION ON CONTACT ELEMENT 69912
 
 WARNING G3051: MODIFYING SECONDARY GRID 113172 POSITION ON CONTACT ELEMENT 69862
 
 WARNING G3051: MODIFYING SECONDARY GRID 112185 POSITION ON CONTACT ELEMENT 69912
 
 WARNING G3051: MODIFYING SECONDARY GRID 111026 POSITION ON CONTACT ELEMENT 69372
 
 WARNING G3051: MODIFYING SECONDARY GRID 111665 POSITION ON CONTACT ELEMENT 68313
 
 WARNING G3051: MODIFYING SECONDARY GRID 111755 POSITION ON CONTACT ELEMENT 67641
 
 
 
 
 
 
 
                                                                        02/28/26  22:26  ADS NASTRAN VERSION 20.2.0.23   PAGE     56
 
 
 
 
 
 
 
 
 WARNING G3051: MODIFYING SECONDARY GRID 111211 POSITION ON CONTACT ELEMENT 70202
 
 WARNING G3051: MODIFYING SECONDARY GRID 113173 POSITION ON CONTACT ELEMENT 70272
 
 WARNING G3051: MODIFYING SECONDARY GRID 111681 POSITION ON CONTACT ELEMENT 69372
 
 WARNING G3051: MODIFYING SECONDARY GRID 110815 POSITION ON CONTACT ELEMENT 69043
 
 WARNING G3051: MODIFYING SECONDARY GRID 110673 POSITION ON CONTACT ELEMENT 66938
 
 WARNING G3051: MODIFYING SECONDARY GRID 112201 POSITION ON CONTACT ELEMENT 70313
 
 WARNING G3051: MODIFYING SECONDARY GRID 138319 POSITION ON CONTACT ELEMENT 82512
 
 WARNING G3051: MODIFYING SECONDARY GRID 138321 POSITION ON CONTACT ELEMENT 79549
 
 WARNING G3051: MODIFYING SECONDARY GRID 139479 POSITION ON CONTACT ELEMENT 76531
 
 WARNING G3051: MODIFYING SECONDARY GRID 138320 POSITION ON CONTACT ELEMENT 82028
 
 WARNING G3051: MODIFYING SECONDARY GRID 139478 POSITION ON CONTACT ELEMENT 82512
 
 WARNING G3051: MODIFYING SECONDARY GRID 138322 POSITION ON CONTACT ELEMENT 79549
 
 WARNING G3051: MODIFYING SECONDARY GRID 136547 POSITION ON CONTACT ELEMENT 82512
 
 WARNING G3051: MODIFYING SECONDARY GRID 139477 POSITION ON CONTACT ELEMENT 83209
 
 WARNING G3051: MODIFYING SECONDARY GRID 112603 POSITION ON CONTACT ELEMENT 69244
 
 WARNING G3051: MODIFYING SECONDARY GRID 112605 POSITION ON CONTACT ELEMENT 69244
 
 WARNING G3051: MODIFYING SECONDARY GRID 113765 POSITION ON CONTACT ELEMENT 64334
 
 WARNING G3051: MODIFYING SECONDARY GRID 112604 POSITION ON CONTACT ELEMENT 69981
 
 WARNING G3051: MODIFYING SECONDARY GRID 113764 POSITION ON CONTACT ELEMENT 67073
 
 WARNING G3051: MODIFYING SECONDARY GRID 110824 POSITION ON CONTACT ELEMENT 69244
 
 WARNING G3051: MODIFYING SECONDARY GRID 112606 POSITION ON CONTACT ELEMENT 65332
 
 WARNING G3051: MODIFYING SECONDARY GRID 113762 POSITION ON CONTACT ELEMENT 64498
 
 WARNING G3051: MODIFYING SECONDARY GRID 8058 POSITION ON CONTACT ELEMENT 6364
 
 WARNING G3051: MODIFYING SECONDARY GRID 7463 POSITION ON CONTACT ELEMENT 5810
 
 WARNING G3051: MODIFYING SECONDARY GRID 7876 POSITION ON CONTACT ELEMENT 7815
 
 WARNING G3051: MODIFYING SECONDARY GRID 7591 POSITION ON CONTACT ELEMENT 7391
 
 WARNING G3051: MODIFYING SECONDARY GRID 468 POSITION ON CONTACT ELEMENT 3384
 
 WARNING G3051: MODIFYING SECONDARY GRID 650 POSITION ON CONTACT ELEMENT 2708
 
 WARNING G3051: MODIFYING SECONDARY GRID 8145 POSITION ON CONTACT ELEMENT 7693
 
 WARNING G3051: MODIFYING SECONDARY GRID 7973 POSITION ON CONTACT ELEMENT 7573
 
 
 
 
 
 
 
                                                                        02/28/26  22:26  ADS NASTRAN VERSION 20.2.0.23   PAGE     57
 
 
 
 
 
 
 
 
 WARNING G3051: MODIFYING SECONDARY GRID 7791 POSITION ON CONTACT ELEMENT 7552
 
 WARNING G3051: MODIFYING SECONDARY GRID 43054 POSITION ON CONTACT ELEMENT 23349
 
 WARNING G3051: MODIFYING SECONDARY GRID 43055 POSITION ON CONTACT ELEMENT 23785
 
 WARNING G3051: MODIFYING SECONDARY GRID 43230 POSITION ON CONTACT ELEMENT 23689
 
 WARNING G3051: MODIFYING SECONDARY GRID 43012 POSITION ON CONTACT ELEMENT 23773
 
 WARNING G3051: MODIFYING SECONDARY GRID 43147 POSITION ON CONTACT ELEMENT 23773
 
 WARNING G3051: MODIFYING SECONDARY GRID 43134 POSITION ON CONTACT ELEMENT 23753
 
 WARNING G3051: MODIFYING SECONDARY GRID 43047 POSITION ON CONTACT ELEMENT 23784
 
 WARNING G3051: MODIFYING SECONDARY GRID 42997 POSITION ON CONTACT ELEMENT 23610
 
 WARNING G3051: MODIFYING SECONDARY GRID 108588 POSITION ON CONTACT ELEMENT 56561
 
 WARNING G3051: MODIFYING SECONDARY GRID 108592 POSITION ON CONTACT ELEMENT 56589
 
 WARNING G3051: MODIFYING SECONDARY GRID 108661 POSITION ON CONTACT ELEMENT 56531
 
 WARNING G3051: MODIFYING SECONDARY GRID 42990 POSITION ON CONTACT ELEMENT 23622
 
 WARNING G3051: MODIFYING SECONDARY GRID 43184 POSITION ON CONTACT ELEMENT 23754
 
 WARNING G3051: MODIFYING SECONDARY GRID 43025 POSITION ON CONTACT ELEMENT 23678
 
 WARNING G3051: MODIFYING SECONDARY GRID 43034 POSITION ON CONTACT ELEMENT 23795
 
 WARNING G3051: MODIFYING SECONDARY GRID 43232 POSITION ON CONTACT ELEMENT 23780
 
 WARNING G3051: MODIFYING SECONDARY GRID 43114 POSITION ON CONTACT ELEMENT 23445
 
 WARNING G3051: MODIFYING SECONDARY GRID 43113 POSITION ON CONTACT ELEMENT 23518
 
 WARNING G3051: MODIFYING SECONDARY GRID 43142 POSITION ON CONTACT ELEMENT 23754
 
 WARNING G3051: MODIFYING SECONDARY GRID 43059 POSITION ON CONTACT ELEMENT 23780
 
 INITIAL MAXIMUM CONTACT SURFACE PENETRATION  =  3.6609E-01  AT GRID 43080
 INITIAL MAXIMUM CONTACT SURFACE PROTRUSION   =  3.5101E-01  AT GRID 109706
 
 UPDATED MAXIMUM CONTACT SURFACE PENETRATION  =  1.0061E-01  AT GRID 137696
 UPDATED MAXIMUM CONTACT SURFACE PROTRUSION   =  5.4312E-01  AT GRID 110592
 
 WARNING G3053: THERE WERE 193 SEGMENTS REMOVED IN CONTACT ELEMENT 126
 
 WARNING G3053: THERE WERE 182 SEGMENTS REMOVED IN CONTACT ELEMENT 129
 
 WARNING G3053: THERE WERE 136 SEGMENTS REMOVED IN CONTACT ELEMENT 132
 
 WARNING G3053: THERE WERE 120 SEGMENTS REMOVED IN CONTACT ELEMENT 135
 
 WARNING G3053: THERE WERE 12 SEGMENTS REMOVED IN CONTACT ELEMENT 138
 
 WARNING G3053: THERE WERE 17 SEGMENTS REMOVED IN CONTACT ELEMENT 141
 
 
 
 
 
 
 
                                                                        02/28/26  22:26  ADS NASTRAN VERSION 20.2.0.23   PAGE     58
 
 
 
 
 
 
 
 
 WARNING G3053: THERE WERE 329 SEGMENTS REMOVED IN CONTACT ELEMENT 144
 
 WARNING G3053: THERE WERE 306 SEGMENTS REMOVED IN CONTACT ELEMENT 147
 
 WARNING G3053: THERE WERE 14 SEGMENTS REMOVED IN CONTACT ELEMENT 150
 
 WARNING G3053: THERE WERE 12 SEGMENTS REMOVED IN CONTACT ELEMENT 153
 
 WARNING G3053: THERE WERE 170 SEGMENTS REMOVED IN CONTACT ELEMENT 156
 
 WARNING G3053: THERE WERE 155 SEGMENTS REMOVED IN CONTACT ELEMENT 159
 
 WARNING G3053: THERE WERE 2 SEGMENTS REMOVED IN CONTACT ELEMENT 162
 
 WARNING G3053: THERE WERE 1 SEGMENTS REMOVED IN CONTACT ELEMENT 165
 
 WARNING G3053: THERE WERE 243 SEGMENTS REMOVED IN CONTACT ELEMENT 174
 
 WARNING G3053: THERE WERE 232 SEGMENTS REMOVED IN CONTACT ELEMENT 177
 
 WARNING G3053: THERE WERE 24 SEGMENTS REMOVED IN CONTACT ELEMENT 180
 
 WARNING G3053: THERE WERE 15 SEGMENTS REMOVED IN CONTACT ELEMENT 183
 
 WARNING G3053: THERE WERE 13 SEGMENTS REMOVED IN CONTACT ELEMENT 186
 
 WARNING G3053: THERE WERE 17 SEGMENTS REMOVED IN CONTACT ELEMENT 189
 
 WARNING G3053: THERE WERE 2 SEGMENTS REMOVED IN CONTACT ELEMENT 198
 
 WARNING G3053: THERE WERE 2 SEGMENTS REMOVED IN CONTACT ELEMENT 201
 
 WARNING G3053: THERE WERE 53 SEGMENTS REMOVED IN CONTACT ELEMENT 204
 
 WARNING G3053: THERE WERE 57 SEGMENTS REMOVED IN CONTACT ELEMENT 207
 
 WARNING G3053: THERE WERE 41 SEGMENTS REMOVED IN CONTACT ELEMENT 210
 
 WARNING G3053: THERE WERE 42 SEGMENTS REMOVED IN CONTACT ELEMENT 213
 
 WARNING G3053: THERE WERE 10 SEGMENTS REMOVED IN CONTACT ELEMENT 216
 
 WARNING G3053: THERE WERE 35 SEGMENTS REMOVED IN CONTACT ELEMENT 219
 
 WARNING G3053: THERE WERE 10 SEGMENTS REMOVED IN CONTACT ELEMENT 222
 
 WARNING G3053: THERE WERE 39 SEGMENTS REMOVED IN CONTACT ELEMENT 225
 
 WARNING G3053: THERE WERE 10 SEGMENTS REMOVED IN CONTACT ELEMENT 228
 
 WARNING G3053: THERE WERE 32 SEGMENTS REMOVED IN CONTACT ELEMENT 231
 
 WARNING G3053: THERE WERE 14 SEGMENTS REMOVED IN CONTACT ELEMENT 234
 
 WARNING G3053: THERE WERE 41 SEGMENTS REMOVED IN CONTACT ELEMENT 237
 
 WARNING G3053: THERE WERE 159 SEGMENTS REMOVED IN CONTACT ELEMENT 240
 
 WARNING G3053: THERE WERE 171 SEGMENTS REMOVED IN CONTACT ELEMENT 243
 
 
 
 
 
 
 
                                                                        02/28/26  22:26  ADS NASTRAN VERSION 20.2.0.23   PAGE     59
 
 
 
 
 
 
 
 
 WARNING G3054: THERE WERE 91 SEGMENTS CONVERTED IN CONTACT ELEMENT 144
 
 WARNING G3054: THERE WERE 104 SEGMENTS CONVERTED IN CONTACT ELEMENT 147
 
 WARNING G3054: THERE WERE 5 SEGMENTS CONVERTED IN CONTACT ELEMENT 150
 
 WARNING G3054: THERE WERE 2 SEGMENTS CONVERTED IN CONTACT ELEMENT 153
 
 WARNING G3054: THERE WERE 7 SEGMENTS CONVERTED IN CONTACT ELEMENT 162
 
 WARNING G3054: THERE WERE 7 SEGMENTS CONVERTED IN CONTACT ELEMENT 165
 
 WARNING G3054: THERE WERE 2 SEGMENTS CONVERTED IN CONTACT ELEMENT 186
 
 WARNING G3054: THERE WERE 7 SEGMENTS CONVERTED IN CONTACT ELEMENT 189
 
 WARNING G3054: THERE WERE 7 SEGMENTS CONVERTED IN CONTACT ELEMENT 198
 
 WARNING G3054: THERE WERE 10 SEGMENTS CONVERTED IN CONTACT ELEMENT 201
 
 WARNING G3054: THERE WERE 54 SEGMENTS CONVERTED IN CONTACT ELEMENT 240
 
 WARNING G3054: THERE WERE 49 SEGMENTS CONVERTED IN CONTACT ELEMENT 243
 
 
 
 
 
 
 
                                                                        02/28/26  22:26  ADS NASTRAN VERSION 20.2.0.23   PAGE     60
 
 
 
 
 
 
 
 
 
 WARNING G3012: TET ELEMENT 56125 HAS A SKEW ANGLE GREATER THAN 80.0
 
 WARNING G3015: TET ELEMENT 56125 HAS AN INTERIOR ANGLE LESS THAN 10.0
 
 WARNING G3015: TET ELEMENT 56126 HAS AN INTERIOR ANGLE LESS THAN 10.0
 
 WARNING G3012: TET ELEMENT 56127 HAS A SKEW ANGLE GREATER THAN 80.0
 
 WARNING G3015: TET ELEMENT 56127 HAS AN INTERIOR ANGLE LESS THAN 10.0
 
 WARNING G3012: TET ELEMENT 56131 HAS A SKEW ANGLE GREATER THAN 80.0
 
 WARNING G3015: TET ELEMENT 56131 HAS AN INTERIOR ANGLE LESS THAN 10.0
 
 WARNING G3012: TET ELEMENT 56132 HAS A SKEW ANGLE GREATER THAN 80.0
 
 WARNING G3015: TET ELEMENT 56132 HAS AN INTERIOR ANGLE LESS THAN 10.0
 
 WARNING G3015: TET ELEMENT 56152 HAS AN INTERIOR ANGLE LESS THAN 10.0
 
 WARNING G3015: TET ELEMENT 56153 HAS AN INTERIOR ANGLE LESS THAN 10.0
 
 WARNING G3012: TET ELEMENT 56155 HAS A SKEW ANGLE GREATER THAN 80.0
 
 WARNING G3015: TET ELEMENT 56155 HAS AN INTERIOR ANGLE LESS THAN 10.0
 
 WARNING G3012: TET ELEMENT 56156 HAS A SKEW ANGLE GREATER THAN 80.0
 
 WARNING G3015: TET ELEMENT 56156 HAS AN INTERIOR ANGLE LESS THAN 10.0
 
 WARNING G3015: TET ELEMENT 56163 HAS AN INTERIOR ANGLE LESS THAN 10.0
 
 WARNING G3015: TET ELEMENT 56164 HAS AN INTERIOR ANGLE LESS THAN 10.0
 
 WARNING G3015: TET ELEMENT 56167 HAS AN INTERIOR ANGLE LESS THAN 10.0
 
 WARNING G3015: TET ELEMENT 56169 HAS AN INTERIOR ANGLE LESS THAN 10.0
 
 WARNING G3012: TET ELEMENT 56176 HAS A SKEW ANGLE GREATER THAN 80.0
 
 WARNING G3015: TET ELEMENT 56176 HAS AN INTERIOR ANGLE LESS THAN 10.0
 
 WARNING G3012: TET ELEMENT 56177 HAS A SKEW ANGLE GREATER THAN 80.0
 
 WARNING G3015: TET ELEMENT 56177 HAS AN INTERIOR ANGLE LESS THAN 10.0
 
 WARNING G3012: TET ELEMENT 56178 HAS A SKEW ANGLE GREATER THAN 80.0
 
 WARNING G3015: TET ELEMENT 56178 HAS AN INTERIOR ANGLE LESS THAN 10.0
 
 WARNING G3012: TET ELEMENT 56181 HAS A SKEW ANGLE GREATER THAN 80.0
 
 WARNING G3015: TET ELEMENT 56181 HAS AN INTERIOR ANGLE LESS THAN 10.0
 
 WARNING G3012: TET ELEMENT 56184 HAS A SKEW ANGLE GREATER THAN 80.0
 
 WARNING G3015: TET ELEMENT 56184 HAS AN INTERIOR ANGLE LESS THAN 10.0
 
 WARNING G3015: TET ELEMENT 56185 HAS AN INTERIOR ANGLE LESS THAN 10.0
 
 
 
 
 
 
                                                                        02/28/26  22:26  ADS NASTRAN VERSION 20.2.0.23   PAGE     61
 
 
 
 
 
 
 
 
 
 WARNING G3012: TET ELEMENT 56186 HAS A SKEW ANGLE GREATER THAN 80.0
 
 WARNING G3015: TET ELEMENT 56186 HAS AN INTERIOR ANGLE LESS THAN 10.0
 
 WARNING G3012: TET ELEMENT 56603 HAS A SKEW ANGLE GREATER THAN 80.0
 
 WARNING G3015: TET ELEMENT 56603 HAS AN INTERIOR ANGLE LESS THAN 10.0
 
 WARNING G3015: TET ELEMENT 56616 HAS AN INTERIOR ANGLE LESS THAN 10.0
 
 WARNING G3015: TET ELEMENT 56628 HAS AN INTERIOR ANGLE LESS THAN 10.0
 
 WARNING G3015: TET ELEMENT 56629 HAS AN INTERIOR ANGLE LESS THAN 10.0
 
 WARNING G3015: TET ELEMENT 56631 HAS AN INTERIOR ANGLE LESS THAN 10.0
 
 WARNING G3015: TET ELEMENT 56632 HAS AN INTERIOR ANGLE LESS THAN 10.0
 
 WARNING G3015: TET ELEMENT 56634 HAS AN INTERIOR ANGLE LESS THAN 10.0
 
 WARNING G3015: TET ELEMENT 56637 HAS AN INTERIOR ANGLE LESS THAN 10.0
 
 WARNING G3015: TET ELEMENT 56640 HAS AN INTERIOR ANGLE LESS THAN 10.0
 
 WARNING G3012: TET ELEMENT 56642 HAS A SKEW ANGLE GREATER THAN 80.0
 
 WARNING G3015: TET ELEMENT 56642 HAS AN INTERIOR ANGLE LESS THAN 10.0
 
 WARNING G3012: TET ELEMENT 56644 HAS A SKEW ANGLE GREATER THAN 80.0
 
 WARNING G3015: TET ELEMENT 56644 HAS AN INTERIOR ANGLE LESS THAN 10.0
 
 WARNING G3012: TET ELEMENT 56645 HAS A SKEW ANGLE GREATER THAN 80.0
 
 WARNING G3015: TET ELEMENT 56645 HAS AN INTERIOR ANGLE LESS THAN 10.0
 
 WARNING G3015: TET ELEMENT 56646 HAS AN INTERIOR ANGLE LESS THAN 10.0
 
 WARNING G3012: TET ELEMENT 56647 HAS A SKEW ANGLE GREATER THAN 80.0
 
 WARNING G3015: TET ELEMENT 56647 HAS AN INTERIOR ANGLE LESS THAN 10.0
 
 WARNING G3012: TET ELEMENT 56649 HAS A SKEW ANGLE GREATER THAN 80.0
 
 WARNING G3015: TET ELEMENT 56649 HAS AN INTERIOR ANGLE LESS THAN 10.0
 
 WARNING G3015: TET ELEMENT 56653 HAS AN INTERIOR ANGLE LESS THAN 10.0
 
 WARNING G3015: TET ELEMENT 56656 HAS AN INTERIOR ANGLE LESS THAN 10.0
 
 WARNING G3012: TET ELEMENT 56657 HAS A SKEW ANGLE GREATER THAN 80.0
 
 WARNING G3015: TET ELEMENT 56657 HAS AN INTERIOR ANGLE LESS THAN 10.0
 
 WARNING G3015: TET ELEMENT 56660 HAS AN INTERIOR ANGLE LESS THAN 10.0
 
 WARNING G3012: TET ELEMENT 56661 HAS A SKEW ANGLE GREATER THAN 80.0
 
 WARNING G3015: TET ELEMENT 56661 HAS AN INTERIOR ANGLE LESS THAN 10.0
 
 
 
 
 
 
                                                                        02/28/26  22:26  ADS NASTRAN VERSION 20.2.0.23   PAGE     62
 
 
 
 
 
 
 
 
 
 WARNING G3012: TET ELEMENT 56662 HAS A SKEW ANGLE GREATER THAN 80.0
 
 WARNING G3015: TET ELEMENT 56662 HAS AN INTERIOR ANGLE LESS THAN 10.0
 
 ELEMENT GEOMETRY STATISTICS
 
 MAXIMUM TET ELEMENT FACE SKEW ANGLE      =  85.71 DEGREES ON ELEMENT 56661
 MAXIMUM TET ELEMENT EDGE POINT DEVIATION =   4.89 DEGREES ON ELEMENT 50061
 MAXIMUM TET ELEMENT FACE INTERIOR ANGLE  = 165.34 DEGREES ON ELEMENT 56132
 MINIMUM TET ELEMENT FACE INTERIOR ANGLE  =   2.15 DEGREES ON ELEMENT 56649
 
 MAXIMUM TET ELEMENT ASPECT RATIO            =   6.95 ON ELEMENT 56661
 MINIMUM TET ELEMENT EDGE POINT LENGTH RATIO =   0.75 ON ELEMENT 23721
 
 SURFACE CONTACT STIFFNESS STATISTICS
 
 INITIAL CONTACT SURFACE NORMAL STIFFNESS     =  2.9616E+08
 INITIAL CONTACT SURFACE TRANSVERSE STIFFNESS =  2.9616E+06
 
 GLOBAL STIFFNESS MATRIX ASSEMBLY STATISTICS
 
 SPARSE MATRIX SIZE =   17445334 WORDS      133.1 MEGABYTES
 MEMORY ALLOCATED   =   26168000 WORDS      199.6 MEGABYTES
 
 MAXIMUM GLOBAL STIFFNESS MATRIX TERM ZEROED =  9.9720E-16
 MINIMUM GLOBAL STIFFNESS MATRIX TERM ZEROED =  0.0000E+00
 REDUCTION IN GLOBAL STIFFNESS MATRIX SIZE   =  2.33 PERCENT
 
 ASSEMBLY TIME FOR 89106 ELEMENTS = 8.49 SECONDS
 
 
 
 
 
 
 
                                                                        02/28/26  22:26  ADS NASTRAN VERSION 20.2.0.23   PAGE     63
 
 
 
 
                                          G R I D   P O I N T   W E I G H T   O U T P U T
 
 
 
 
                                                          REFERENCE POINT = 0
 
                                                                 M O
                         8.822230E-04  0.000000E+00  0.000000E+00  0.000000E+00 -7.856315E-06  6.250869E-01
                         0.000000E+00  8.822230E-04  0.000000E+00  7.856315E-06  0.000000E+00 -4.509248E-06
                         0.000000E+00  0.000000E+00  8.822230E-04 -6.250869E-01  4.509248E-06  0.000000E+00
                         0.000000E+00  7.856315E-06 -6.250869E-01  5.587867E+02 -3.769890E-03  3.717718E-04
                        -7.856315E-06  0.000000E+00  4.509248E-06 -3.769890E-03  6.861597E+01 -6.829431E-03
                         6.250869E-01 -4.509248E-06  0.000000E+00  3.717718E-04 -6.829431E-03  5.357312E+02
 
 
                                                                  S
                                              1.000000E+00  0.000000E+00  0.000000E+00
                                              0.000000E+00  1.000000E+00  0.000000E+00
                                              0.000000E+00  0.000000E+00  1.000000E+00
 
 
                              DIRECTION                                        CENTER OF MASS
                         MASS AXIS SYSTEM (S)     MASS                 X             Y             Z
                                  X           8.822230E-04        0.00000E+00  -7.08536E+02  -8.90513E-03
                                  Y           8.822230E-04       -5.11123E-03   0.00000E+00  -8.90513E-03
                                  Z           8.822230E-04       -5.11123E-03  -7.08536E+02   0.00000E+00
 
 
                                                                 I(S)
                                              1.158900E+02  5.749244E-04 -3.718120E-04
                                              5.749244E-04  6.861597E+01  1.262948E-03
                                             -3.718120E-04  1.262948E-03  9.283454E+01
 
 
                                                                 I(Q)
                                              6.861597E+01
                                                            9.283454E+01
                                                                          1.158900E+02
 
 
                                                                  Q
                                              1.216194E-05 -1.000000E+00  5.214812E-05
                                             -1.612555E-05 -5.214831E-05 -1.000000E+00
                                              1.000000E+00  1.216110E-05 -1.612618E-05
 
 
 
 
 
 
 
                                                                        02/28/26  22:26  ADS NASTRAN VERSION 20.2.0.23   PAGE     64
 
 
 
 
                                                    P A R T   D E F I N I T I O N
 
   PROPERTY     MATERIAL       PROPERTY           BOUNDING DIMENSIONS                MASS       VOLUME          GRID      ELEMENTS
      ID           ID            TYPE          D1          D2          D3                                      POINTS
        1            1          SOLID      4.5123E+02  1.0019E+03  8.9857E+02     8.8222E-04  1.6040E+06      156866        83648
 
 
    TOTAL                                  4.5123E+02  1.0019E+03  8.9857E+02     8.8222E-04  1.6040E+06      156866        83648
 
 
 
 
 
 
 
 
                                                                        02/28/26  22:26  ADS NASTRAN VERSION 20.2.0.23   PAGE     65
 
 
 SUBCASE 1                                                           SUBCASE 1
 
                                      G R I D   P O I N T   S I N G U L A R I T Y   T A B L E
 
     GRID               STRONGEST                  DIRECTION OF SINGULARITY                  STIFFNESS
      ID                COMPONENT            T1/R1          T2/R2          T3/R3               RATIO
       10                   4             1.000000E+00   0.000000E+00   0.000000E+00        0.000000E+00
       10                   5             0.000000E+00   1.000000E+00   0.000000E+00        0.000000E+00
       10                   6             0.000000E+00   0.000000E+00   1.000000E+00        0.000000E+00
       33                   4             1.000000E+00   0.000000E+00   0.000000E+00        0.000000E+00
       33                   5             0.000000E+00   1.000000E+00   0.000000E+00        0.000000E+00
       33                   6             0.000000E+00   0.000000E+00   1.000000E+00        0.000000E+00
       53                   4             1.000000E+00   0.000000E+00   0.000000E+00        0.000000E+00
       53                   5             0.000000E+00   1.000000E+00   0.000000E+00        0.000000E+00
       53                   6             0.000000E+00   0.000000E+00   1.000000E+00        0.000000E+00
       55                   4             1.000000E+00   0.000000E+00   0.000000E+00        0.000000E+00
       55                   5             0.000000E+00   1.000000E+00   0.000000E+00        0.000000E+00
       55                   6             0.000000E+00   0.000000E+00   1.000000E+00        0.000000E+00
       56                   4             1.000000E+00   0.000000E+00   0.000000E+00        0.000000E+00
       56                   5             0.000000E+00   1.000000E+00   0.000000E+00        0.000000E+00
       56                   6             0.000000E+00   0.000000E+00   1.000000E+00        0.000000E+00
       57                   4             1.000000E+00   0.000000E+00   0.000000E+00        0.000000E+00
       57                   5             0.000000E+00   1.000000E+00   0.000000E+00        0.000000E+00
       57                   6             0.000000E+00   0.000000E+00   1.000000E+00        0.000000E+00
       66                   4             1.000000E+00   0.000000E+00   0.000000E+00        0.000000E+00
       66                   5             0.000000E+00   1.000000E+00   0.000000E+00        0.000000E+00
       66                   6             0.000000E+00   0.000000E+00   1.000000E+00        0.000000E+00
       69                   4             1.000000E+00   0.000000E+00   0.000000E+00        0.000000E+00
       69                   5             0.000000E+00   1.000000E+00   0.000000E+00        0.000000E+00
       69                   6             0.000000E+00   0.000000E+00   1.000000E+00        0.000000E+00
       75                   4             1.000000E+00   0.000000E+00   0.000000E+00        0.000000E+00
       75                   5             0.000000E+00   1.000000E+00   0.000000E+00        0.000000E+00
       75                   6             0.000000E+00   0.000000E+00   1.000000E+00        0.000000E+00
       76                   4             1.000000E+00   0.000000E+00   0.000000E+00        0.000000E+00
       76                   5             0.000000E+00   1.000000E+00   0.000000E+00        0.000000E+00
       76                   6             0.000000E+00   0.000000E+00   1.000000E+00        0.000000E+00
       91                   4             1.000000E+00   0.000000E+00   0.000000E+00        0.000000E+00
       91                   5             0.000000E+00   1.000000E+00   0.000000E+00        0.000000E+00
       91                   6             0.000000E+00   0.000000E+00   1.000000E+00        0.000000E+00
      114                   4             1.000000E+00   0.000000E+00   0.000000E+00        0.000000E+00
      114                   5             0.000000E+00   1.000000E+00   0.000000E+00        0.000000E+00
      114                   6             0.000000E+00   0.000000E+00   1.000000E+00        0.000000E+00
      136                   4             1.000000E+00   0.000000E+00   0.000000E+00        0.000000E+00
      136                   5             0.000000E+00   1.000000E+00   0.000000E+00        0.000000E+00
      136                   6             0.000000E+00   0.000000E+00   1.000000E+00        0.000000E+00
      138                   4             1.000000E+00   0.000000E+00   0.000000E+00        0.000000E+00
      138                   5             0.000000E+00   1.000000E+00   0.000000E+00        0.000000E+00
      138                   6             0.000000E+00   0.000000E+00   1.000000E+00        0.000000E+00
      141                   4             1.000000E+00   0.000000E+00   0.000000E+00        0.000000E+00
      141                   5             0.000000E+00   1.000000E+00   0.000000E+00        0.000000E+00
      141                   6             0.000000E+00   0.000000E+00   1.000000E+00        0.000000E+00
      169                   4             1.000000E+00   0.000000E+00   0.000000E+00        0.000000E+00
      169                   5             0.000000E+00   1.000000E+00   0.000000E+00        0.000000E+00
      169                   6             0.000000E+00   0.000000E+00   1.000000E+00        0.000000E+00
      187                   4             1.000000E+00   0.000000E+00   0.000000E+00        0.000000E+00
      187                   5             0.000000E+00   1.000000E+00   0.000000E+00        0.000000E+00
      187                   6             0.000000E+00   0.000000E+00   1.000000E+00        0.000000E+00
      225                   4             1.000000E+00   0.000000E+00   0.000000E+00        0.000000E+00
      225                   5             0.000000E+00   1.000000E+00   0.000000E+00        0.000000E+00
      225                   6             0.000000E+00   0.000000E+00   1.000000E+00        0.000000E+00
      227                   4             1.000000E+00   0.000000E+00   0.000000E+00        0.000000E+00
      227                   5             0.000000E+00   1.000000E+00   0.000000E+00        0.000000E+00
      227                   6             0.000000E+00   0.000000E+00   1.000000E+00        0.000000E+00
      267                   4             1.000000E+00   0.000000E+00   0.000000E+00        0.000000E+00
      267                   5             0.000000E+00   1.000000E+00   0.000000E+00        0.000000E+00
      267                   6             0.000000E+00   0.000000E+00   1.000000E+00        0.000000E+00
 
 
 
 
 
 
                                                                        02/28/26  22:26  ADS NASTRAN VERSION 20.2.0.23   PAGE     66
 
 
 SUBCASE 1                                                           SUBCASE 1
 
                                      G R I D   P O I N T   S I N G U L A R I T Y   T A B L E
 
     GRID               STRONGEST                  DIRECTION OF SINGULARITY                  STIFFNESS
      ID                COMPONENT            T1/R1          T2/R2          T3/R3               RATIO
      268                   4             1.000000E+00   0.000000E+00   0.000000E+00        0.000000E+00
      268                   5             0.000000E+00   1.000000E+00   0.000000E+00        0.000000E+00
      268                   6             0.000000E+00   0.000000E+00   1.000000E+00        0.000000E+00
      467                   4             1.000000E+00   0.000000E+00   0.000000E+00        0.000000E+00
      467                   5             0.000000E+00   1.000000E+00   0.000000E+00        0.000000E+00
      467                   6             0.000000E+00   0.000000E+00   1.000000E+00        0.000000E+00
      468                   4             1.000000E+00   0.000000E+00   0.000000E+00        0.000000E+00
      468                   5             0.000000E+00   1.000000E+00   0.000000E+00        0.000000E+00
      468                   6             0.000000E+00   0.000000E+00   1.000000E+00        0.000000E+00
      469                   4             1.000000E+00   0.000000E+00   0.000000E+00        0.000000E+00
      469                   5             0.000000E+00   1.000000E+00   0.000000E+00        0.000000E+00
      469                   6             0.000000E+00   0.000000E+00   1.000000E+00        0.000000E+00
      470                   4             1.000000E+00   0.000000E+00   0.000000E+00        0.000000E+00
      470                   5             0.000000E+00   1.000000E+00   0.000000E+00        0.000000E+00
      470                   6             0.000000E+00   0.000000E+00   1.000000E+00        0.000000E+00
      471                   4             1.000000E+00   0.000000E+00   0.000000E+00        0.000000E+00
      471                   5             0.000000E+00   1.000000E+00   0.000000E+00        0.000000E+00
      471                   6             0.000000E+00   0.000000E+00   1.000000E+00        0.000000E+00
      472                   4             1.000000E+00   0.000000E+00   0.000000E+00        0.000000E+00
      472                   5             0.000000E+00   1.000000E+00   0.000000E+00        0.000000E+00
      472                   6             0.000000E+00   0.000000E+00   1.000000E+00        0.000000E+00
      549                   4             1.000000E+00   0.000000E+00   0.000000E+00        0.000000E+00
      549                   5             0.000000E+00   1.000000E+00   0.000000E+00        0.000000E+00
      549                   6             0.000000E+00   0.000000E+00   1.000000E+00        0.000000E+00
      550                   4             1.000000E+00   0.000000E+00   0.000000E+00        0.000000E+00
      550                   5             0.000000E+00   1.000000E+00   0.000000E+00        0.000000E+00
      550                   6             0.000000E+00   0.000000E+00   1.000000E+00        0.000000E+00
      551                   4             1.000000E+00   0.000000E+00   0.000000E+00        0.000000E+00
      551                   5             0.000000E+00   1.000000E+00   0.000000E+00        0.000000E+00
      551                   6             0.000000E+00   0.000000E+00   1.000000E+00        0.000000E+00
      552                   4             1.000000E+00   0.000000E+00   0.000000E+00        0.000000E+00
      552                   5             0.000000E+00   1.000000E+00   0.000000E+00        0.000000E+00
      552                   6             0.000000E+00   0.000000E+00   1.000000E+00        0.000000E+00
      553                   4             1.000000E+00   0.000000E+00   0.000000E+00        0.000000E+00
      553                   5             0.000000E+00   1.000000E+00   0.000000E+00        0.000000E+00
      553                   6             0.000000E+00   0.000000E+00   1.000000E+00        0.000000E+00
      554                   4             1.000000E+00   0.000000E+00   0.000000E+00        0.000000E+00
      554                   5             0.000000E+00   1.000000E+00   0.000000E+00        0.000000E+00
      554                   6             0.000000E+00   0.000000E+00   1.000000E+00        0.000000E+00
      557                   4             1.000000E+00   0.000000E+00   0.000000E+00        0.000000E+00
      557                   5             0.000000E+00   1.000000E+00   0.000000E+00        0.000000E+00
      557                   6             0.000000E+00   0.000000E+00   1.000000E+00        0.000000E+00
      558                   4             1.000000E+00   0.000000E+00   0.000000E+00        0.000000E+00
      558                   5             0.000000E+00   1.000000E+00   0.000000E+00        0.000000E+00
      558                   6             0.000000E+00   0.000000E+00   1.000000E+00        0.000000E+00
      559                   4             1.000000E+00   0.000000E+00   0.000000E+00        0.000000E+00
      559                   5             0.000000E+00   1.000000E+00   0.000000E+00        0.000000E+00
      559                   6             0.000000E+00   0.000000E+00   1.000000E+00        0.000000E+00
      648                   4             1.000000E+00   0.000000E+00   0.000000E+00        0.000000E+00
      648                   5             0.000000E+00   1.000000E+00   0.000000E+00        0.000000E+00
      648                   6             0.000000E+00   0.000000E+00   1.000000E+00        0.000000E+00
      649                   4             1.000000E+00   0.000000E+00   0.000000E+00        0.000000E+00
      649                   5             0.000000E+00   1.000000E+00   0.000000E+00        0.000000E+00
      649                   6             0.000000E+00   0.000000E+00   1.000000E+00        0.000000E+00
      650                   4             1.000000E+00   0.000000E+00   0.000000E+00        0.000000E+00
      650                   5             0.000000E+00   1.000000E+00   0.000000E+00        0.000000E+00
      650                   6             0.000000E+00   0.000000E+00   1.000000E+00        0.000000E+00
      651                   4             1.000000E+00   0.000000E+00   0.000000E+00        0.000000E+00
      651                   5             0.000000E+00   1.000000E+00   0.000000E+00        0.000000E+00
      651                   6             0.000000E+00   0.000000E+00   1.000000E+00        0.000000E+00
 
 
 
 
 
 
                                                                        02/28/26  22:26  ADS NASTRAN VERSION 20.2.0.23   PAGE     67
 
 
 SUBCASE 1                                                           SUBCASE 1
 
                                      G R I D   P O I N T   S I N G U L A R I T Y   T A B L E
 
     GRID               STRONGEST                  DIRECTION OF SINGULARITY                  STIFFNESS
      ID                COMPONENT            T1/R1          T2/R2          T3/R3               RATIO
      652                   4             1.000000E+00   0.000000E+00   0.000000E+00        0.000000E+00
      652                   5             0.000000E+00   1.000000E+00   0.000000E+00        0.000000E+00
      652                   6             0.000000E+00   0.000000E+00   1.000000E+00        0.000000E+00
      653                   4             1.000000E+00   0.000000E+00   0.000000E+00        0.000000E+00
      653                   5             0.000000E+00   1.000000E+00   0.000000E+00        0.000000E+00
      653                   6             0.000000E+00   0.000000E+00   1.000000E+00        0.000000E+00
      654                   4             1.000000E+00   0.000000E+00   0.000000E+00        0.000000E+00
      654                   5             0.000000E+00   1.000000E+00   0.000000E+00        0.000000E+00
      654                   6             0.000000E+00   0.000000E+00   1.000000E+00        0.000000E+00
      731                   4             1.000000E+00   0.000000E+00   0.000000E+00        0.000000E+00
      731                   5             0.000000E+00   1.000000E+00   0.000000E+00        0.000000E+00
      731                   6             0.000000E+00   0.000000E+00   1.000000E+00        0.000000E+00
      732                   4             1.000000E+00   0.000000E+00   0.000000E+00        0.000000E+00
      732                   5             0.000000E+00   1.000000E+00   0.000000E+00        0.000000E+00
      732                   6             0.000000E+00   0.000000E+00   1.000000E+00        0.000000E+00
      733                   4             1.000000E+00   0.000000E+00   0.000000E+00        0.000000E+00
      733                   5             0.000000E+00   1.000000E+00   0.000000E+00        0.000000E+00
      733                   6             0.000000E+00   0.000000E+00   1.000000E+00        0.000000E+00
      734                   4             1.000000E+00   0.000000E+00   0.000000E+00        0.000000E+00
      734                   5             0.000000E+00   1.000000E+00   0.000000E+00        0.000000E+00
      734                   6             0.000000E+00   0.000000E+00   1.000000E+00        0.000000E+00
      735                   4             1.000000E+00   0.000000E+00   0.000000E+00        0.000000E+00
      735                   5             0.000000E+00   1.000000E+00   0.000000E+00        0.000000E+00
      735                   6             0.000000E+00   0.000000E+00   1.000000E+00        0.000000E+00
      736                   4             1.000000E+00   0.000000E+00   0.000000E+00        0.000000E+00
      736                   5             0.000000E+00   1.000000E+00   0.000000E+00        0.000000E+00
      736                   6             0.000000E+00   0.000000E+00   1.000000E+00        0.000000E+00
      739                   4             1.000000E+00   0.000000E+00   0.000000E+00        0.000000E+00
      739                   5             0.000000E+00   1.000000E+00   0.000000E+00        0.000000E+00
      739                   6             0.000000E+00   0.000000E+00   1.000000E+00        0.000000E+00
      740                   4             1.000000E+00   0.000000E+00   0.000000E+00        0.000000E+00
      740                   5             0.000000E+00   1.000000E+00   0.000000E+00        0.000000E+00
      740                   6             0.000000E+00   0.000000E+00   1.000000E+00        0.000000E+00
      741                   4             1.000000E+00   0.000000E+00   0.000000E+00        0.000000E+00
      741                   5             0.000000E+00   1.000000E+00   0.000000E+00        0.000000E+00
      741                   6             0.000000E+00   0.000000E+00   1.000000E+00        0.000000E+00
      742                   4             1.000000E+00   0.000000E+00   0.000000E+00        0.000000E+00
      742                   5             0.000000E+00   1.000000E+00   0.000000E+00        0.000000E+00
      742                   6             0.000000E+00   0.000000E+00   1.000000E+00        0.000000E+00
      752                   4             1.000000E+00   0.000000E+00   0.000000E+00        0.000000E+00
      752                   5             0.000000E+00   1.000000E+00   0.000000E+00        0.000000E+00
      752                   6             0.000000E+00   0.000000E+00   1.000000E+00        0.000000E+00
      754                   4             1.000000E+00   0.000000E+00   0.000000E+00        0.000000E+00
      754                   5             0.000000E+00   1.000000E+00   0.000000E+00        0.000000E+00
      754                   6             0.000000E+00   0.000000E+00   1.000000E+00        0.000000E+00
      780                   4             1.000000E+00   0.000000E+00   0.000000E+00        0.000000E+00
      780                   5             0.000000E+00   1.000000E+00   0.000000E+00        0.000000E+00
      780                   6             0.000000E+00   0.000000E+00   1.000000E+00        0.000000E+00
      782                   4             1.000000E+00   0.000000E+00   0.000000E+00        0.000000E+00
      782                   5             0.000000E+00   1.000000E+00   0.000000E+00        0.000000E+00
      782                   6             0.000000E+00   0.000000E+00   1.000000E+00        0.000000E+00
      806                   4             1.000000E+00   0.000000E+00   0.000000E+00        0.000000E+00
      806                   5             0.000000E+00   1.000000E+00   0.000000E+00        0.000000E+00
      806                   6             0.000000E+00   0.000000E+00   1.000000E+00        0.000000E+00
      807                   4             1.000000E+00   0.000000E+00   0.000000E+00        0.000000E+00
      807                   5             0.000000E+00   1.000000E+00   0.000000E+00        0.000000E+00
      807                   6             0.000000E+00   0.000000E+00   1.000000E+00        0.000000E+00
      835                   4             1.000000E+00   0.000000E+00   0.000000E+00        0.000000E+00
      835                   5             0.000000E+00   1.000000E+00   0.000000E+00        0.000000E+00
      835                   6             0.000000E+00   0.000000E+00   1.000000E+00        0.000000E+00
 
 
 
 
 
 
                                                                        02/28/26  22:26  ADS NASTRAN VERSION 20.2.0.23   PAGE     68
 
 
 SUBCASE 1                                                           SUBCASE 1
 
                                      G R I D   P O I N T   S I N G U L A R I T Y   T A B L E
 
     GRID               STRONGEST                  DIRECTION OF SINGULARITY                  STIFFNESS
      ID                COMPONENT            T1/R1          T2/R2          T3/R3               RATIO
      862                   4             1.000000E+00   0.000000E+00   0.000000E+00        0.000000E+00
      862                   5             0.000000E+00   1.000000E+00   0.000000E+00        0.000000E+00
      862                   6             0.000000E+00   0.000000E+00   1.000000E+00        0.000000E+00
      863                   4             1.000000E+00   0.000000E+00   0.000000E+00        0.000000E+00
      863                   5             0.000000E+00   1.000000E+00   0.000000E+00        0.000000E+00
      863                   6             0.000000E+00   0.000000E+00   1.000000E+00        0.000000E+00
      864                   4             1.000000E+00   0.000000E+00   0.000000E+00        0.000000E+00
      864                   5             0.000000E+00   1.000000E+00   0.000000E+00        0.000000E+00
      864                   6             0.000000E+00   0.000000E+00   1.000000E+00        0.000000E+00
      865                   4             1.000000E+00   0.000000E+00   0.000000E+00        0.000000E+00
      865                   5             0.000000E+00   1.000000E+00   0.000000E+00        0.000000E+00
      865                   6             0.000000E+00   0.000000E+00   1.000000E+00        0.000000E+00
      868                   4             1.000000E+00   0.000000E+00   0.000000E+00        0.000000E+00
      868                   5             0.000000E+00   1.000000E+00   0.000000E+00        0.000000E+00
      868                   6             0.000000E+00   0.000000E+00   1.000000E+00        0.000000E+00
      869                   4             1.000000E+00   0.000000E+00   0.000000E+00        0.000000E+00
      869                   5             0.000000E+00   1.000000E+00   0.000000E+00        0.000000E+00
      869                   6             0.000000E+00   0.000000E+00   1.000000E+00        0.000000E+00
      870                   4             1.000000E+00   0.000000E+00   0.000000E+00        0.000000E+00
      870                   5             0.000000E+00   1.000000E+00   0.000000E+00        0.000000E+00
      870                   6             0.000000E+00   0.000000E+00   1.000000E+00        0.000000E+00
      871                   4             1.000000E+00   0.000000E+00   0.000000E+00        0.000000E+00
      871                   5             0.000000E+00   1.000000E+00   0.000000E+00        0.000000E+00
      871                   6             0.000000E+00   0.000000E+00   1.000000E+00        0.000000E+00
      916                   4             1.000000E+00   0.000000E+00   0.000000E+00        0.000000E+00
      916                   5             0.000000E+00   1.000000E+00   0.000000E+00        0.000000E+00
      916                   6             0.000000E+00   0.000000E+00   1.000000E+00        0.000000E+00
      917                   4             1.000000E+00   0.000000E+00   0.000000E+00        0.000000E+00
      917                   5             0.000000E+00   1.000000E+00   0.000000E+00        0.000000E+00
      917                   6             0.000000E+00   0.000000E+00   1.000000E+00        0.000000E+00
      929                   4             1.000000E+00   0.000000E+00   0.000000E+00        0.000000E+00
      929                   5             0.000000E+00   1.000000E+00   0.000000E+00        0.000000E+00
      929                   6             0.000000E+00   0.000000E+00   1.000000E+00        0.000000E+00
      930                   4             1.000000E+00   0.000000E+00   0.000000E+00        0.000000E+00
      930                   5             0.000000E+00   1.000000E+00   0.000000E+00        0.000000E+00
      930                   6             0.000000E+00   0.000000E+00   1.000000E+00        0.000000E+00
      977                   4             1.000000E+00   0.000000E+00   0.000000E+00        0.000000E+00
      977                   5             0.000000E+00   1.000000E+00   0.000000E+00        0.000000E+00
      977                   6             0.000000E+00   0.000000E+00   1.000000E+00        0.000000E+00
      978                   4             1.000000E+00   0.000000E+00   0.000000E+00        0.000000E+00
      978                   5             0.000000E+00   1.000000E+00   0.000000E+00        0.000000E+00
      978                   6             0.000000E+00   0.000000E+00   1.000000E+00        0.000000E+00
      981                   4             1.000000E+00   0.000000E+00   0.000000E+00        0.000000E+00
      981                   5             0.000000E+00   1.000000E+00   0.000000E+00        0.000000E+00
      981                   6             0.000000E+00   0.000000E+00   1.000000E+00        0.000000E+00
      983                   4             1.000000E+00   0.000000E+00   0.000000E+00        0.000000E+00
      983                   5             0.000000E+00   1.000000E+00   0.000000E+00        0.000000E+00
      983                   6             0.000000E+00   0.000000E+00   1.000000E+00        0.000000E+00
     7310                   4             1.000000E+00   0.000000E+00   0.000000E+00        0.000000E+00
     7310                   5             0.000000E+00   1.000000E+00   0.000000E+00        0.000000E+00
     7310                   6             0.000000E+00   0.000000E+00   1.000000E+00        0.000000E+00
     7315                   4             1.000000E+00   0.000000E+00   0.000000E+00        0.000000E+00
     7315                   5             0.000000E+00   1.000000E+00   0.000000E+00        0.000000E+00
     7315                   6             0.000000E+00   0.000000E+00   1.000000E+00        0.000000E+00
     7344                   4             1.000000E+00   0.000000E+00   0.000000E+00        0.000000E+00
     7344                   5             0.000000E+00   1.000000E+00   0.000000E+00        0.000000E+00
     7344                   6             0.000000E+00   0.000000E+00   1.000000E+00        0.000000E+00
     7346                   4             1.000000E+00   0.000000E+00   0.000000E+00        0.000000E+00
     7346                   5             0.000000E+00   1.000000E+00   0.000000E+00        0.000000E+00
     7346                   6             0.000000E+00   0.000000E+00   1.000000E+00        0.000000E+00
 
 
 
 
 
 
                                                                        02/28/26  22:26  ADS NASTRAN VERSION 20.2.0.23   PAGE     69
 
 
 SUBCASE 1                                                           SUBCASE 1
 
                                      G R I D   P O I N T   S I N G U L A R I T Y   T A B L E
 
     GRID               STRONGEST                  DIRECTION OF SINGULARITY                  STIFFNESS
      ID                COMPONENT            T1/R1          T2/R2          T3/R3               RATIO
     7374                   4             1.000000E+00   0.000000E+00   0.000000E+00        0.000000E+00
     7374                   5             0.000000E+00   1.000000E+00   0.000000E+00        0.000000E+00
     7374                   6             0.000000E+00   0.000000E+00   1.000000E+00        0.000000E+00
     7376                   4             1.000000E+00   0.000000E+00   0.000000E+00        0.000000E+00
     7376                   5             0.000000E+00   1.000000E+00   0.000000E+00        0.000000E+00
     7376                   6             0.000000E+00   0.000000E+00   1.000000E+00        0.000000E+00
     7377                   4             1.000000E+00   0.000000E+00   0.000000E+00        0.000000E+00
     7377                   5             0.000000E+00   1.000000E+00   0.000000E+00        0.000000E+00
     7377                   6             0.000000E+00   0.000000E+00   1.000000E+00        0.000000E+00
     7389                   4             1.000000E+00   0.000000E+00   0.000000E+00        0.000000E+00
     7389                   5             0.000000E+00   1.000000E+00   0.000000E+00        0.000000E+00
     7389                   6             0.000000E+00   0.000000E+00   1.000000E+00        0.000000E+00
     7400                   4             1.000000E+00   0.000000E+00   0.000000E+00        0.000000E+00
     7400                   5             0.000000E+00   1.000000E+00   0.000000E+00        0.000000E+00
     7400                   6             0.000000E+00   0.000000E+00   1.000000E+00        0.000000E+00
     7412                   4             1.000000E+00   0.000000E+00   0.000000E+00        0.000000E+00
     7412                   5             0.000000E+00   1.000000E+00   0.000000E+00        0.000000E+00
     7412                   6             0.000000E+00   0.000000E+00   1.000000E+00        0.000000E+00
     7439                   4             1.000000E+00   0.000000E+00   0.000000E+00        0.000000E+00
     7439                   5             0.000000E+00   1.000000E+00   0.000000E+00        0.000000E+00
     7439                   6             0.000000E+00   0.000000E+00   1.000000E+00        0.000000E+00
     7463                   4             1.000000E+00   0.000000E+00   0.000000E+00        0.000000E+00
     7463                   5             0.000000E+00   1.000000E+00   0.000000E+00        0.000000E+00
     7463                   6             0.000000E+00   0.000000E+00   1.000000E+00        0.000000E+00
     7470                   4             1.000000E+00   0.000000E+00   0.000000E+00        0.000000E+00
     7470                   5             0.000000E+00   1.000000E+00   0.000000E+00        0.000000E+00
     7470                   6             0.000000E+00   0.000000E+00   1.000000E+00        0.000000E+00
     7501                   4             1.000000E+00   0.000000E+00   0.000000E+00        0.000000E+00
     7501                   5             0.000000E+00   1.000000E+00   0.000000E+00        0.000000E+00
     7501                   6             0.000000E+00   0.000000E+00   1.000000E+00        0.000000E+00
     7503                   4             1.000000E+00   0.000000E+00   0.000000E+00        0.000000E+00
     7503                   5             0.000000E+00   1.000000E+00   0.000000E+00        0.000000E+00
     7503                   6             0.000000E+00   0.000000E+00   1.000000E+00        0.000000E+00
     7506                   4             1.000000E+00   0.000000E+00   0.000000E+00        0.000000E+00
     7506                   5             0.000000E+00   1.000000E+00   0.000000E+00        0.000000E+00
     7506                   6             0.000000E+00   0.000000E+00   1.000000E+00        0.000000E+00
     7540                   4             1.000000E+00   0.000000E+00   0.000000E+00        0.000000E+00
     7540                   5             0.000000E+00   1.000000E+00   0.000000E+00        0.000000E+00
     7540                   6             0.000000E+00   0.000000E+00   1.000000E+00        0.000000E+00
     7545                   4             1.000000E+00   0.000000E+00   0.000000E+00        0.000000E+00
     7545                   5             0.000000E+00   1.000000E+00   0.000000E+00        0.000000E+00
     7545                   6             0.000000E+00   0.000000E+00   1.000000E+00        0.000000E+00
     7546                   4             1.000000E+00   0.000000E+00   0.000000E+00        0.000000E+00
     7546                   5             0.000000E+00   1.000000E+00   0.000000E+00        0.000000E+00
     7546                   6             0.000000E+00   0.000000E+00   1.000000E+00        0.000000E+00
     7547                   4             1.000000E+00   0.000000E+00   0.000000E+00        0.000000E+00
     7547                   5             0.000000E+00   1.000000E+00   0.000000E+00        0.000000E+00
     7547                   6             0.000000E+00   0.000000E+00   1.000000E+00        0.000000E+00
     7549                   4             1.000000E+00   0.000000E+00   0.000000E+00        0.000000E+00
     7549                   5             0.000000E+00   1.000000E+00   0.000000E+00        0.000000E+00
     7549                   6             0.000000E+00   0.000000E+00   1.000000E+00        0.000000E+00
     7550                   4             1.000000E+00   0.000000E+00   0.000000E+00        0.000000E+00
     7550                   5             0.000000E+00   1.000000E+00   0.000000E+00        0.000000E+00
     7550                   6             0.000000E+00   0.000000E+00   1.000000E+00        0.000000E+00
     7589                   4             1.000000E+00   0.000000E+00   0.000000E+00        0.000000E+00
     7589                   5             0.000000E+00   1.000000E+00   0.000000E+00        0.000000E+00
     7589                   6             0.000000E+00   0.000000E+00   1.000000E+00        0.000000E+00
     7591                   4             1.000000E+00   0.000000E+00   0.000000E+00        0.000000E+00
     7591                   5             0.000000E+00   1.000000E+00   0.000000E+00        0.000000E+00
     7591                   6             0.000000E+00   0.000000E+00   1.000000E+00        0.000000E+00
 
 
 
 
 
 
                                                                        02/28/26  22:26  ADS NASTRAN VERSION 20.2.0.23   PAGE     70
 
 
 SUBCASE 1                                                           SUBCASE 1
 
                                      G R I D   P O I N T   S I N G U L A R I T Y   T A B L E
 
     GRID               STRONGEST                  DIRECTION OF SINGULARITY                  STIFFNESS
      ID                COMPONENT            T1/R1          T2/R2          T3/R3               RATIO
     7595                   4             1.000000E+00   0.000000E+00   0.000000E+00        0.000000E+00
     7595                   5             0.000000E+00   1.000000E+00   0.000000E+00        0.000000E+00
     7595                   6             0.000000E+00   0.000000E+00   1.000000E+00        0.000000E+00
     7597                   4             1.000000E+00   0.000000E+00   0.000000E+00        0.000000E+00
     7597                   5             0.000000E+00   1.000000E+00   0.000000E+00        0.000000E+00
     7597                   6             0.000000E+00   0.000000E+00   1.000000E+00        0.000000E+00
     7790                   4             1.000000E+00   0.000000E+00   0.000000E+00        0.000000E+00
     7790                   5             0.000000E+00   1.000000E+00   0.000000E+00        0.000000E+00
     7790                   6             0.000000E+00   0.000000E+00   1.000000E+00        0.000000E+00
     7791                   4             1.000000E+00   0.000000E+00   0.000000E+00        0.000000E+00
     7791                   5             0.000000E+00   1.000000E+00   0.000000E+00        0.000000E+00
     7791                   6             0.000000E+00   0.000000E+00   1.000000E+00        0.000000E+00
     7792                   4             1.000000E+00   0.000000E+00   0.000000E+00        0.000000E+00
     7792                   5             0.000000E+00   1.000000E+00   0.000000E+00        0.000000E+00
     7792                   6             0.000000E+00   0.000000E+00   1.000000E+00        0.000000E+00
     7793                   4             1.000000E+00   0.000000E+00   0.000000E+00        0.000000E+00
     7793                   5             0.000000E+00   1.000000E+00   0.000000E+00        0.000000E+00
     7793                   6             0.000000E+00   0.000000E+00   1.000000E+00        0.000000E+00
     7794                   4             1.000000E+00   0.000000E+00   0.000000E+00        0.000000E+00
     7794                   5             0.000000E+00   1.000000E+00   0.000000E+00        0.000000E+00
     7794                   6             0.000000E+00   0.000000E+00   1.000000E+00        0.000000E+00
     7795                   4             1.000000E+00   0.000000E+00   0.000000E+00        0.000000E+00
     7795                   5             0.000000E+00   1.000000E+00   0.000000E+00        0.000000E+00
     7795                   6             0.000000E+00   0.000000E+00   1.000000E+00        0.000000E+00
     7872                   4             1.000000E+00   0.000000E+00   0.000000E+00        0.000000E+00
     7872                   5             0.000000E+00   1.000000E+00   0.000000E+00        0.000000E+00
     7872                   6             0.000000E+00   0.000000E+00   1.000000E+00        0.000000E+00
     7873                   4             1.000000E+00   0.000000E+00   0.000000E+00        0.000000E+00
     7873                   5             0.000000E+00   1.000000E+00   0.000000E+00        0.000000E+00
     7873                   6             0.000000E+00   0.000000E+00   1.000000E+00        0.000000E+00
     7874                   4             1.000000E+00   0.000000E+00   0.000000E+00        0.000000E+00
     7874                   5             0.000000E+00   1.000000E+00   0.000000E+00        0.000000E+00
     7874                   6             0.000000E+00   0.000000E+00   1.000000E+00        0.000000E+00
     7875                   4             1.000000E+00   0.000000E+00   0.000000E+00        0.000000E+00
     7875                   5             0.000000E+00   1.000000E+00   0.000000E+00        0.000000E+00
     7875                   6             0.000000E+00   0.000000E+00   1.000000E+00        0.000000E+00
     7876                   4             1.000000E+00   0.000000E+00   0.000000E+00        0.000000E+00
     7876                   5             0.000000E+00   1.000000E+00   0.000000E+00        0.000000E+00
     7876                   6             0.000000E+00   0.000000E+00   1.000000E+00        0.000000E+00
     7877                   4             1.000000E+00   0.000000E+00   0.000000E+00        0.000000E+00
     7877                   5             0.000000E+00   1.000000E+00   0.000000E+00        0.000000E+00
     7877                   6             0.000000E+00   0.000000E+00   1.000000E+00        0.000000E+00
     7880                   4             1.000000E+00   0.000000E+00   0.000000E+00        0.000000E+00
     7880                   5             0.000000E+00   1.000000E+00   0.000000E+00        0.000000E+00
     7880                   6             0.000000E+00   0.000000E+00   1.000000E+00        0.000000E+00
     7881                   4             1.000000E+00   0.000000E+00   0.000000E+00        0.000000E+00
     7881                   5             0.000000E+00   1.000000E+00   0.000000E+00        0.000000E+00
     7881                   6             0.000000E+00   0.000000E+00   1.000000E+00        0.000000E+00
     7882                   4             1.000000E+00   0.000000E+00   0.000000E+00        0.000000E+00
     7882                   5             0.000000E+00   1.000000E+00   0.000000E+00        0.000000E+00
     7882                   6             0.000000E+00   0.000000E+00   1.000000E+00        0.000000E+00
     7971                   4             1.000000E+00   0.000000E+00   0.000000E+00        0.000000E+00
     7971                   5             0.000000E+00   1.000000E+00   0.000000E+00        0.000000E+00
     7971                   6             0.000000E+00   0.000000E+00   1.000000E+00        0.000000E+00
     7972                   4             1.000000E+00   0.000000E+00   0.000000E+00        0.000000E+00
     7972                   5             0.000000E+00   1.000000E+00   0.000000E+00        0.000000E+00
     7972                   6             0.000000E+00   0.000000E+00   1.000000E+00        0.000000E+00
     7973                   4             1.000000E+00   0.000000E+00   0.000000E+00        0.000000E+00
     7973                   5             0.000000E+00   1.000000E+00   0.000000E+00        0.000000E+00
     7973                   6             0.000000E+00   0.000000E+00   1.000000E+00        0.000000E+00
 
 
 
 
 
 
                                                                        02/28/26  22:26  ADS NASTRAN VERSION 20.2.0.23   PAGE     71
 
 
 SUBCASE 1                                                           SUBCASE 1
 
                                      G R I D   P O I N T   S I N G U L A R I T Y   T A B L E
 
     GRID               STRONGEST                  DIRECTION OF SINGULARITY                  STIFFNESS
      ID                COMPONENT            T1/R1          T2/R2          T3/R3               RATIO
     7974                   4             1.000000E+00   0.000000E+00   0.000000E+00        0.000000E+00
     7974                   5             0.000000E+00   1.000000E+00   0.000000E+00        0.000000E+00
     7974                   6             0.000000E+00   0.000000E+00   1.000000E+00        0.000000E+00
     7975                   4             1.000000E+00   0.000000E+00   0.000000E+00        0.000000E+00
     7975                   5             0.000000E+00   1.000000E+00   0.000000E+00        0.000000E+00
     7975                   6             0.000000E+00   0.000000E+00   1.000000E+00        0.000000E+00
     7976                   4             1.000000E+00   0.000000E+00   0.000000E+00        0.000000E+00
     7976                   5             0.000000E+00   1.000000E+00   0.000000E+00        0.000000E+00
     7976                   6             0.000000E+00   0.000000E+00   1.000000E+00        0.000000E+00
     7977                   4             1.000000E+00   0.000000E+00   0.000000E+00        0.000000E+00
     7977                   5             0.000000E+00   1.000000E+00   0.000000E+00        0.000000E+00
     7977                   6             0.000000E+00   0.000000E+00   1.000000E+00        0.000000E+00
     8054                   4             1.000000E+00   0.000000E+00   0.000000E+00        0.000000E+00
     8054                   5             0.000000E+00   1.000000E+00   0.000000E+00        0.000000E+00
     8054                   6             0.000000E+00   0.000000E+00   1.000000E+00        0.000000E+00
     8055                   4             1.000000E+00   0.000000E+00   0.000000E+00        0.000000E+00
     8055                   5             0.000000E+00   1.000000E+00   0.000000E+00        0.000000E+00
     8055                   6             0.000000E+00   0.000000E+00   1.000000E+00        0.000000E+00
     8056                   4             1.000000E+00   0.000000E+00   0.000000E+00        0.000000E+00
     8056                   5             0.000000E+00   1.000000E+00   0.000000E+00        0.000000E+00
     8056                   6             0.000000E+00   0.000000E+00   1.000000E+00        0.000000E+00
     8057                   4             1.000000E+00   0.000000E+00   0.000000E+00        0.000000E+00
     8057                   5             0.000000E+00   1.000000E+00   0.000000E+00        0.000000E+00
     8057                   6             0.000000E+00   0.000000E+00   1.000000E+00        0.000000E+00
     8058                   4             1.000000E+00   0.000000E+00   0.000000E+00        0.000000E+00
     8058                   5             0.000000E+00   1.000000E+00   0.000000E+00        0.000000E+00
     8058                   6             0.000000E+00   0.000000E+00   1.000000E+00        0.000000E+00
     8059                   4             1.000000E+00   0.000000E+00   0.000000E+00        0.000000E+00
     8059                   5             0.000000E+00   1.000000E+00   0.000000E+00        0.000000E+00
     8059                   6             0.000000E+00   0.000000E+00   1.000000E+00        0.000000E+00
     8062                   4             1.000000E+00   0.000000E+00   0.000000E+00        0.000000E+00
     8062                   5             0.000000E+00   1.000000E+00   0.000000E+00        0.000000E+00
     8062                   6             0.000000E+00   0.000000E+00   1.000000E+00        0.000000E+00
     8063                   4             1.000000E+00   0.000000E+00   0.000000E+00        0.000000E+00
     8063                   5             0.000000E+00   1.000000E+00   0.000000E+00        0.000000E+00
     8063                   6             0.000000E+00   0.000000E+00   1.000000E+00        0.000000E+00
     8064                   4             1.000000E+00   0.000000E+00   0.000000E+00        0.000000E+00
     8064                   5             0.000000E+00   1.000000E+00   0.000000E+00        0.000000E+00
     8064                   6             0.000000E+00   0.000000E+00   1.000000E+00        0.000000E+00
     8065                   4             1.000000E+00   0.000000E+00   0.000000E+00        0.000000E+00
     8065                   5             0.000000E+00   1.000000E+00   0.000000E+00        0.000000E+00
     8065                   6             0.000000E+00   0.000000E+00   1.000000E+00        0.000000E+00
     8079                   4             1.000000E+00   0.000000E+00   0.000000E+00        0.000000E+00
     8079                   5             0.000000E+00   1.000000E+00   0.000000E+00        0.000000E+00
     8079                   6             0.000000E+00   0.000000E+00   1.000000E+00        0.000000E+00
     8106                   4             1.000000E+00   0.000000E+00   0.000000E+00        0.000000E+00
     8106                   5             0.000000E+00   1.000000E+00   0.000000E+00        0.000000E+00
     8106                   6             0.000000E+00   0.000000E+00   1.000000E+00        0.000000E+00
     8110                   4             1.000000E+00   0.000000E+00   0.000000E+00        0.000000E+00
     8110                   5             0.000000E+00   1.000000E+00   0.000000E+00        0.000000E+00
     8110                   6             0.000000E+00   0.000000E+00   1.000000E+00        0.000000E+00
     8144                   4             1.000000E+00   0.000000E+00   0.000000E+00        0.000000E+00
     8144                   5             0.000000E+00   1.000000E+00   0.000000E+00        0.000000E+00
     8144                   6             0.000000E+00   0.000000E+00   1.000000E+00        0.000000E+00
     8145                   4             1.000000E+00   0.000000E+00   0.000000E+00        0.000000E+00
     8145                   5             0.000000E+00   1.000000E+00   0.000000E+00        0.000000E+00
     8145                   6             0.000000E+00   0.000000E+00   1.000000E+00        0.000000E+00
     8189                   4             1.000000E+00   0.000000E+00   0.000000E+00        0.000000E+00
     8189                   5             0.000000E+00   1.000000E+00   0.000000E+00        0.000000E+00
     8189                   6             0.000000E+00   0.000000E+00   1.000000E+00        0.000000E+00
 
 
 
 
 
 
                                                                        02/28/26  22:26  ADS NASTRAN VERSION 20.2.0.23   PAGE     72
 
 
 SUBCASE 1                                                           SUBCASE 1
 
                                      G R I D   P O I N T   S I N G U L A R I T Y   T A B L E
 
     GRID               STRONGEST                  DIRECTION OF SINGULARITY                  STIFFNESS
      ID                COMPONENT            T1/R1          T2/R2          T3/R3               RATIO
     8190                   4             1.000000E+00   0.000000E+00   0.000000E+00        0.000000E+00
     8190                   5             0.000000E+00   1.000000E+00   0.000000E+00        0.000000E+00
     8190                   6             0.000000E+00   0.000000E+00   1.000000E+00        0.000000E+00
     8191                   4             1.000000E+00   0.000000E+00   0.000000E+00        0.000000E+00
     8191                   5             0.000000E+00   1.000000E+00   0.000000E+00        0.000000E+00
     8191                   6             0.000000E+00   0.000000E+00   1.000000E+00        0.000000E+00
     8194                   4             1.000000E+00   0.000000E+00   0.000000E+00        0.000000E+00
     8194                   5             0.000000E+00   1.000000E+00   0.000000E+00        0.000000E+00
     8194                   6             0.000000E+00   0.000000E+00   1.000000E+00        0.000000E+00
     8195                   4             1.000000E+00   0.000000E+00   0.000000E+00        0.000000E+00
     8195                   5             0.000000E+00   1.000000E+00   0.000000E+00        0.000000E+00
     8195                   6             0.000000E+00   0.000000E+00   1.000000E+00        0.000000E+00
     8196                   4             1.000000E+00   0.000000E+00   0.000000E+00        0.000000E+00
     8196                   5             0.000000E+00   1.000000E+00   0.000000E+00        0.000000E+00
     8196                   6             0.000000E+00   0.000000E+00   1.000000E+00        0.000000E+00
     8197                   4             1.000000E+00   0.000000E+00   0.000000E+00        0.000000E+00
     8197                   5             0.000000E+00   1.000000E+00   0.000000E+00        0.000000E+00
     8197                   6             0.000000E+00   0.000000E+00   1.000000E+00        0.000000E+00
     8244                   4             1.000000E+00   0.000000E+00   0.000000E+00        0.000000E+00
     8244                   5             0.000000E+00   1.000000E+00   0.000000E+00        0.000000E+00
     8244                   6             0.000000E+00   0.000000E+00   1.000000E+00        0.000000E+00
     8256                   4             1.000000E+00   0.000000E+00   0.000000E+00        0.000000E+00
     8256                   5             0.000000E+00   1.000000E+00   0.000000E+00        0.000000E+00
     8256                   6             0.000000E+00   0.000000E+00   1.000000E+00        0.000000E+00
     8257                   4             1.000000E+00   0.000000E+00   0.000000E+00        0.000000E+00
     8257                   5             0.000000E+00   1.000000E+00   0.000000E+00        0.000000E+00
     8257                   6             0.000000E+00   0.000000E+00   1.000000E+00        0.000000E+00
     8258                   4             1.000000E+00   0.000000E+00   0.000000E+00        0.000000E+00
     8258                   5             0.000000E+00   1.000000E+00   0.000000E+00        0.000000E+00
     8258                   6             0.000000E+00   0.000000E+00   1.000000E+00        0.000000E+00
     8259                   4             1.000000E+00   0.000000E+00   0.000000E+00        0.000000E+00
     8259                   5             0.000000E+00   1.000000E+00   0.000000E+00        0.000000E+00
     8259                   6             0.000000E+00   0.000000E+00   1.000000E+00        0.000000E+00
     8306                   4             1.000000E+00   0.000000E+00   0.000000E+00        0.000000E+00
     8306                   5             0.000000E+00   1.000000E+00   0.000000E+00        0.000000E+00
     8306                   6             0.000000E+00   0.000000E+00   1.000000E+00        0.000000E+00
     8307                   4             1.000000E+00   0.000000E+00   0.000000E+00        0.000000E+00
     8307                   5             0.000000E+00   1.000000E+00   0.000000E+00        0.000000E+00
     8307                   6             0.000000E+00   0.000000E+00   1.000000E+00        0.000000E+00
     8310                   4             1.000000E+00   0.000000E+00   0.000000E+00        0.000000E+00
     8310                   5             0.000000E+00   1.000000E+00   0.000000E+00        0.000000E+00
     8310                   6             0.000000E+00   0.000000E+00   1.000000E+00        0.000000E+00
     8312                   4             1.000000E+00   0.000000E+00   0.000000E+00        0.000000E+00
     8312                   5             0.000000E+00   1.000000E+00   0.000000E+00        0.000000E+00
     8312                   6             0.000000E+00   0.000000E+00   1.000000E+00        0.000000E+00
    14810                   4             1.000000E+00   0.000000E+00   0.000000E+00        0.000000E+00
    14810                   5             0.000000E+00   1.000000E+00   0.000000E+00        0.000000E+00
    14810                   6             0.000000E+00   0.000000E+00   1.000000E+00        0.000000E+00
    14817                   4             1.000000E+00   0.000000E+00   0.000000E+00        0.000000E+00
    14817                   5             0.000000E+00   1.000000E+00   0.000000E+00        0.000000E+00
    14817                   6             0.000000E+00   0.000000E+00   1.000000E+00        0.000000E+00
    14827                   4             1.000000E+00   0.000000E+00   0.000000E+00        0.000000E+00
    14827                   5             0.000000E+00   1.000000E+00   0.000000E+00        0.000000E+00
    14827                   6             0.000000E+00   0.000000E+00   1.000000E+00        0.000000E+00
    14837                   4             1.000000E+00   0.000000E+00   0.000000E+00        0.000000E+00
    14837                   5             0.000000E+00   1.000000E+00   0.000000E+00        0.000000E+00
    14837                   6             0.000000E+00   0.000000E+00   1.000000E+00        0.000000E+00
    14858                   4             1.000000E+00   0.000000E+00   0.000000E+00        0.000000E+00
    14858                   5             0.000000E+00   1.000000E+00   0.000000E+00        0.000000E+00
    14858                   6             0.000000E+00   0.000000E+00   1.000000E+00        0.000000E+00
 
 
 
 
 
 
                                                                        02/28/26  22:26  ADS NASTRAN VERSION 20.2.0.23   PAGE     73
 
 
 SUBCASE 1                                                           SUBCASE 1
 
                                      G R I D   P O I N T   S I N G U L A R I T Y   T A B L E
 
     GRID               STRONGEST                  DIRECTION OF SINGULARITY                  STIFFNESS
      ID                COMPONENT            T1/R1          T2/R2          T3/R3               RATIO
    14859                   4             1.000000E+00   0.000000E+00   0.000000E+00        0.000000E+00
    14859                   5             0.000000E+00   1.000000E+00   0.000000E+00        0.000000E+00
    14859                   6             0.000000E+00   0.000000E+00   1.000000E+00        0.000000E+00
    14868                   4             1.000000E+00   0.000000E+00   0.000000E+00        0.000000E+00
    14868                   5             0.000000E+00   1.000000E+00   0.000000E+00        0.000000E+00
    14868                   6             0.000000E+00   0.000000E+00   1.000000E+00        0.000000E+00
    14892                   4             1.000000E+00   0.000000E+00   0.000000E+00        0.000000E+00
    14892                   5             0.000000E+00   1.000000E+00   0.000000E+00        0.000000E+00
    14892                   6             0.000000E+00   0.000000E+00   1.000000E+00        0.000000E+00
    14897                   4             1.000000E+00   0.000000E+00   0.000000E+00        0.000000E+00
    14897                   5             0.000000E+00   1.000000E+00   0.000000E+00        0.000000E+00
    14897                   6             0.000000E+00   0.000000E+00   1.000000E+00        0.000000E+00
    14913                   4             1.000000E+00   0.000000E+00   0.000000E+00        0.000000E+00
    14913                   5             0.000000E+00   1.000000E+00   0.000000E+00        0.000000E+00
    14913                   6             0.000000E+00   0.000000E+00   1.000000E+00        0.000000E+00
    14916                   4             1.000000E+00   0.000000E+00   0.000000E+00        0.000000E+00
    14916                   5             0.000000E+00   1.000000E+00   0.000000E+00        0.000000E+00
    14916                   6             0.000000E+00   0.000000E+00   1.000000E+00        0.000000E+00
    14920                   4             1.000000E+00   0.000000E+00   0.000000E+00        0.000000E+00
    14920                   5             0.000000E+00   1.000000E+00   0.000000E+00        0.000000E+00
    14920                   6             0.000000E+00   0.000000E+00   1.000000E+00        0.000000E+00
    14944                   4             1.000000E+00   0.000000E+00   0.000000E+00        0.000000E+00
    14944                   5             0.000000E+00   1.000000E+00   0.000000E+00        0.000000E+00
    14944                   6             0.000000E+00   0.000000E+00   1.000000E+00        0.000000E+00
    14945                   4             1.000000E+00   0.000000E+00   0.000000E+00        0.000000E+00
    14945                   5             0.000000E+00   1.000000E+00   0.000000E+00        0.000000E+00
    14945                   6             0.000000E+00   0.000000E+00   1.000000E+00        0.000000E+00
    14960                   4             1.000000E+00   0.000000E+00   0.000000E+00        0.000000E+00
    14960                   5             0.000000E+00   1.000000E+00   0.000000E+00        0.000000E+00
    14960                   6             0.000000E+00   0.000000E+00   1.000000E+00        0.000000E+00
    15029                   4             1.000000E+00   0.000000E+00   0.000000E+00        0.000000E+00
    15029                   5             0.000000E+00   1.000000E+00   0.000000E+00        0.000000E+00
    15029                   6             0.000000E+00   0.000000E+00   1.000000E+00        0.000000E+00
    15032                   4             1.000000E+00   0.000000E+00   0.000000E+00        0.000000E+00
    15032                   5             0.000000E+00   1.000000E+00   0.000000E+00        0.000000E+00
    15032                   6             0.000000E+00   0.000000E+00   1.000000E+00        0.000000E+00
    15040                   4             1.000000E+00   0.000000E+00   0.000000E+00        0.000000E+00
    15040                   5             0.000000E+00   1.000000E+00   0.000000E+00        0.000000E+00
    15040                   6             0.000000E+00   0.000000E+00   1.000000E+00        0.000000E+00
    15041                   4             1.000000E+00   0.000000E+00   0.000000E+00        0.000000E+00
    15041                   5             0.000000E+00   1.000000E+00   0.000000E+00        0.000000E+00
    15041                   6             0.000000E+00   0.000000E+00   1.000000E+00        0.000000E+00
    15045                   4             1.000000E+00   0.000000E+00   0.000000E+00        0.000000E+00
    15045                   5             0.000000E+00   1.000000E+00   0.000000E+00        0.000000E+00
    15045                   6             0.000000E+00   0.000000E+00   1.000000E+00        0.000000E+00
    15054                   4             1.000000E+00   0.000000E+00   0.000000E+00        0.000000E+00
    15054                   5             0.000000E+00   1.000000E+00   0.000000E+00        0.000000E+00
    15054                   6             0.000000E+00   0.000000E+00   1.000000E+00        0.000000E+00
    15056                   4             1.000000E+00   0.000000E+00   0.000000E+00        0.000000E+00
    15056                   5             0.000000E+00   1.000000E+00   0.000000E+00        0.000000E+00
    15056                   6             0.000000E+00   0.000000E+00   1.000000E+00        0.000000E+00
    15062                   4             1.000000E+00   0.000000E+00   0.000000E+00        0.000000E+00
    15062                   5             0.000000E+00   1.000000E+00   0.000000E+00        0.000000E+00
    15062                   6             0.000000E+00   0.000000E+00   1.000000E+00        0.000000E+00
    15068                   4             1.000000E+00   0.000000E+00   0.000000E+00        0.000000E+00
    15068                   5             0.000000E+00   1.000000E+00   0.000000E+00        0.000000E+00
    15068                   6             0.000000E+00   0.000000E+00   1.000000E+00        0.000000E+00
    15075                   4             1.000000E+00   0.000000E+00   0.000000E+00        0.000000E+00
    15075                   5             0.000000E+00   1.000000E+00   0.000000E+00        0.000000E+00
    15075                   6             0.000000E+00   0.000000E+00   1.000000E+00        0.000000E+00
 
 
 
 
 
 
                                                                        02/28/26  22:26  ADS NASTRAN VERSION 20.2.0.23   PAGE     74
 
 
 SUBCASE 1                                                           SUBCASE 1
 
                                      G R I D   P O I N T   S I N G U L A R I T Y   T A B L E
 
     GRID               STRONGEST                  DIRECTION OF SINGULARITY                  STIFFNESS
      ID                COMPONENT            T1/R1          T2/R2          T3/R3               RATIO
    15077                   4             1.000000E+00   0.000000E+00   0.000000E+00        0.000000E+00
    15077                   5             0.000000E+00   1.000000E+00   0.000000E+00        0.000000E+00
    15077                   6             0.000000E+00   0.000000E+00   1.000000E+00        0.000000E+00
    15086                   4             1.000000E+00   0.000000E+00   0.000000E+00        0.000000E+00
    15086                   5             0.000000E+00   1.000000E+00   0.000000E+00        0.000000E+00
    15086                   6             0.000000E+00   0.000000E+00   1.000000E+00        0.000000E+00
    15087                   4             1.000000E+00   0.000000E+00   0.000000E+00        0.000000E+00
    15087                   5             0.000000E+00   1.000000E+00   0.000000E+00        0.000000E+00
    15087                   6             0.000000E+00   0.000000E+00   1.000000E+00        0.000000E+00
    15122                   4             1.000000E+00   0.000000E+00   0.000000E+00        0.000000E+00
    15122                   5             0.000000E+00   1.000000E+00   0.000000E+00        0.000000E+00
    15122                   6             0.000000E+00   0.000000E+00   1.000000E+00        0.000000E+00
    15125                   4             1.000000E+00   0.000000E+00   0.000000E+00        0.000000E+00
    15125                   5             0.000000E+00   1.000000E+00   0.000000E+00        0.000000E+00
    15125                   6             0.000000E+00   0.000000E+00   1.000000E+00        0.000000E+00
    15128                   4             1.000000E+00   0.000000E+00   0.000000E+00        0.000000E+00
    15128                   5             0.000000E+00   1.000000E+00   0.000000E+00        0.000000E+00
    15128                   6             0.000000E+00   0.000000E+00   1.000000E+00        0.000000E+00
    15129                   4             1.000000E+00   0.000000E+00   0.000000E+00        0.000000E+00
    15129                   5             0.000000E+00   1.000000E+00   0.000000E+00        0.000000E+00
    15129                   6             0.000000E+00   0.000000E+00   1.000000E+00        0.000000E+00
    15132                   4             1.000000E+00   0.000000E+00   0.000000E+00        0.000000E+00
    15132                   5             0.000000E+00   1.000000E+00   0.000000E+00        0.000000E+00
    15132                   6             0.000000E+00   0.000000E+00   1.000000E+00        0.000000E+00
    15133                   4             1.000000E+00   0.000000E+00   0.000000E+00        0.000000E+00
    15133                   5             0.000000E+00   1.000000E+00   0.000000E+00        0.000000E+00
    15133                   6             0.000000E+00   0.000000E+00   1.000000E+00        0.000000E+00
    15134                   4             1.000000E+00   0.000000E+00   0.000000E+00        0.000000E+00
    15134                   5             0.000000E+00   1.000000E+00   0.000000E+00        0.000000E+00
    15134                   6             0.000000E+00   0.000000E+00   1.000000E+00        0.000000E+00
    15153                   4             1.000000E+00   0.000000E+00   0.000000E+00        0.000000E+00
    15153                   5             0.000000E+00   1.000000E+00   0.000000E+00        0.000000E+00
    15153                   6             0.000000E+00   0.000000E+00   1.000000E+00        0.000000E+00
    15168                   4             1.000000E+00   0.000000E+00   0.000000E+00        0.000000E+00
    15168                   5             0.000000E+00   1.000000E+00   0.000000E+00        0.000000E+00
    15168                   6             0.000000E+00   0.000000E+00   1.000000E+00        0.000000E+00
    15190                   4             1.000000E+00   0.000000E+00   0.000000E+00        0.000000E+00
    15190                   5             0.000000E+00   1.000000E+00   0.000000E+00        0.000000E+00
    15190                   6             0.000000E+00   0.000000E+00   1.000000E+00        0.000000E+00
    15227                   4             1.000000E+00   0.000000E+00   0.000000E+00        0.000000E+00
    15227                   5             0.000000E+00   1.000000E+00   0.000000E+00        0.000000E+00
    15227                   6             0.000000E+00   0.000000E+00   1.000000E+00        0.000000E+00
    15230                   4             1.000000E+00   0.000000E+00   0.000000E+00        0.000000E+00
    15230                   5             0.000000E+00   1.000000E+00   0.000000E+00        0.000000E+00
    15230                   6             0.000000E+00   0.000000E+00   1.000000E+00        0.000000E+00
    15233                   4             1.000000E+00   0.000000E+00   0.000000E+00        0.000000E+00
    15233                   5             0.000000E+00   1.000000E+00   0.000000E+00        0.000000E+00
    15233                   6             0.000000E+00   0.000000E+00   1.000000E+00        0.000000E+00
    15247                   4             1.000000E+00   0.000000E+00   0.000000E+00        0.000000E+00
    15247                   5             0.000000E+00   1.000000E+00   0.000000E+00        0.000000E+00
    15247                   6             0.000000E+00   0.000000E+00   1.000000E+00        0.000000E+00
    15249                   4             1.000000E+00   0.000000E+00   0.000000E+00        0.000000E+00
    15249                   5             0.000000E+00   1.000000E+00   0.000000E+00        0.000000E+00
    15249                   6             0.000000E+00   0.000000E+00   1.000000E+00        0.000000E+00
    15355                   4             1.000000E+00   0.000000E+00   0.000000E+00        0.000000E+00
    15355                   5             0.000000E+00   1.000000E+00   0.000000E+00        0.000000E+00
    15355                   6             0.000000E+00   0.000000E+00   1.000000E+00        0.000000E+00
    15362                   4             1.000000E+00   0.000000E+00   0.000000E+00        0.000000E+00
    15362                   5             0.000000E+00   1.000000E+00   0.000000E+00        0.000000E+00
    15362                   6             0.000000E+00   0.000000E+00   1.000000E+00        0.000000E+00
 
 
 
 
 
 
                                                                        02/28/26  22:26  ADS NASTRAN VERSION 20.2.0.23   PAGE     75
 
 
 SUBCASE 1                                                           SUBCASE 1
 
                                      G R I D   P O I N T   S I N G U L A R I T Y   T A B L E
 
     GRID               STRONGEST                  DIRECTION OF SINGULARITY                  STIFFNESS
      ID                COMPONENT            T1/R1          T2/R2          T3/R3               RATIO
    15380                   4             1.000000E+00   0.000000E+00   0.000000E+00        0.000000E+00
    15380                   5             0.000000E+00   1.000000E+00   0.000000E+00        0.000000E+00
    15380                   6             0.000000E+00   0.000000E+00   1.000000E+00        0.000000E+00
    15415                   4             1.000000E+00   0.000000E+00   0.000000E+00        0.000000E+00
    15415                   5             0.000000E+00   1.000000E+00   0.000000E+00        0.000000E+00
    15415                   6             0.000000E+00   0.000000E+00   1.000000E+00        0.000000E+00
    15419                   4             1.000000E+00   0.000000E+00   0.000000E+00        0.000000E+00
    15419                   5             0.000000E+00   1.000000E+00   0.000000E+00        0.000000E+00
    15419                   6             0.000000E+00   0.000000E+00   1.000000E+00        0.000000E+00
    15431                   4             1.000000E+00   0.000000E+00   0.000000E+00        0.000000E+00
    15431                   5             0.000000E+00   1.000000E+00   0.000000E+00        0.000000E+00
    15431                   6             0.000000E+00   0.000000E+00   1.000000E+00        0.000000E+00
    15434                   4             1.000000E+00   0.000000E+00   0.000000E+00        0.000000E+00
    15434                   5             0.000000E+00   1.000000E+00   0.000000E+00        0.000000E+00
    15434                   6             0.000000E+00   0.000000E+00   1.000000E+00        0.000000E+00
    15442                   4             1.000000E+00   0.000000E+00   0.000000E+00        0.000000E+00
    15442                   5             0.000000E+00   1.000000E+00   0.000000E+00        0.000000E+00
    15442                   6             0.000000E+00   0.000000E+00   1.000000E+00        0.000000E+00
    15466                   4             1.000000E+00   0.000000E+00   0.000000E+00        0.000000E+00
    15466                   5             0.000000E+00   1.000000E+00   0.000000E+00        0.000000E+00
    15466                   6             0.000000E+00   0.000000E+00   1.000000E+00        0.000000E+00
    15468                   4             1.000000E+00   0.000000E+00   0.000000E+00        0.000000E+00
    15468                   5             0.000000E+00   1.000000E+00   0.000000E+00        0.000000E+00
    15468                   6             0.000000E+00   0.000000E+00   1.000000E+00        0.000000E+00
    15499                   4             1.000000E+00   0.000000E+00   0.000000E+00        0.000000E+00
    15499                   5             0.000000E+00   1.000000E+00   0.000000E+00        0.000000E+00
    15499                   6             0.000000E+00   0.000000E+00   1.000000E+00        0.000000E+00
    15513                   4             1.000000E+00   0.000000E+00   0.000000E+00        0.000000E+00
    15513                   5             0.000000E+00   1.000000E+00   0.000000E+00        0.000000E+00
    15513                   6             0.000000E+00   0.000000E+00   1.000000E+00        0.000000E+00
    15934                   4             1.000000E+00   0.000000E+00   0.000000E+00        0.000000E+00
    15934                   5             0.000000E+00   1.000000E+00   0.000000E+00        0.000000E+00
    15934                   6             0.000000E+00   0.000000E+00   1.000000E+00        0.000000E+00
    15935                   4             1.000000E+00   0.000000E+00   0.000000E+00        0.000000E+00
    15935                   5             0.000000E+00   1.000000E+00   0.000000E+00        0.000000E+00
    15935                   6             0.000000E+00   0.000000E+00   1.000000E+00        0.000000E+00
    15938                   4             1.000000E+00   0.000000E+00   0.000000E+00        0.000000E+00
    15938                   5             0.000000E+00   1.000000E+00   0.000000E+00        0.000000E+00
    15938                   6             0.000000E+00   0.000000E+00   1.000000E+00        0.000000E+00
    15941                   4             1.000000E+00   0.000000E+00   0.000000E+00        0.000000E+00
    15941                   5             0.000000E+00   1.000000E+00   0.000000E+00        0.000000E+00
    15941                   6             0.000000E+00   0.000000E+00   1.000000E+00        0.000000E+00
    15945                   4             1.000000E+00   0.000000E+00   0.000000E+00        0.000000E+00
    15945                   5             0.000000E+00   1.000000E+00   0.000000E+00        0.000000E+00
    15945                   6             0.000000E+00   0.000000E+00   1.000000E+00        0.000000E+00
    15948                   4             1.000000E+00   0.000000E+00   0.000000E+00        0.000000E+00
    15948                   5             0.000000E+00   1.000000E+00   0.000000E+00        0.000000E+00
    15948                   6             0.000000E+00   0.000000E+00   1.000000E+00        0.000000E+00
    15949                   4             1.000000E+00   0.000000E+00   0.000000E+00        0.000000E+00
    15949                   5             0.000000E+00   1.000000E+00   0.000000E+00        0.000000E+00
    15949                   6             0.000000E+00   0.000000E+00   1.000000E+00        0.000000E+00
    15950                   4             1.000000E+00   0.000000E+00   0.000000E+00        0.000000E+00
    15950                   5             0.000000E+00   1.000000E+00   0.000000E+00        0.000000E+00
    15950                   6             0.000000E+00   0.000000E+00   1.000000E+00        0.000000E+00
    15951                   4             1.000000E+00   0.000000E+00   0.000000E+00        0.000000E+00
    15951                   5             0.000000E+00   1.000000E+00   0.000000E+00        0.000000E+00
    15951                   6             0.000000E+00   0.000000E+00   1.000000E+00        0.000000E+00
    15954                   4             1.000000E+00   0.000000E+00   0.000000E+00        0.000000E+00
    15954                   5             0.000000E+00   1.000000E+00   0.000000E+00        0.000000E+00
    15954                   6             0.000000E+00   0.000000E+00   1.000000E+00        0.000000E+00
 
 
 
 
 
 
                                                                        02/28/26  22:26  ADS NASTRAN VERSION 20.2.0.23   PAGE     76
 
 
 SUBCASE 1                                                           SUBCASE 1
 
                                      G R I D   P O I N T   S I N G U L A R I T Y   T A B L E
 
     GRID               STRONGEST                  DIRECTION OF SINGULARITY                  STIFFNESS
      ID                COMPONENT            T1/R1          T2/R2          T3/R3               RATIO
    15955                   4             1.000000E+00   0.000000E+00   0.000000E+00        0.000000E+00
    15955                   5             0.000000E+00   1.000000E+00   0.000000E+00        0.000000E+00
    15955                   6             0.000000E+00   0.000000E+00   1.000000E+00        0.000000E+00
    15956                   4             1.000000E+00   0.000000E+00   0.000000E+00        0.000000E+00
    15956                   5             0.000000E+00   1.000000E+00   0.000000E+00        0.000000E+00
    15956                   6             0.000000E+00   0.000000E+00   1.000000E+00        0.000000E+00
    15957                   4             1.000000E+00   0.000000E+00   0.000000E+00        0.000000E+00
    15957                   5             0.000000E+00   1.000000E+00   0.000000E+00        0.000000E+00
    15957                   6             0.000000E+00   0.000000E+00   1.000000E+00        0.000000E+00
    15958                   4             1.000000E+00   0.000000E+00   0.000000E+00        0.000000E+00
    15958                   5             0.000000E+00   1.000000E+00   0.000000E+00        0.000000E+00
    15958                   6             0.000000E+00   0.000000E+00   1.000000E+00        0.000000E+00
    15959                   4             1.000000E+00   0.000000E+00   0.000000E+00        0.000000E+00
    15959                   5             0.000000E+00   1.000000E+00   0.000000E+00        0.000000E+00
    15959                   6             0.000000E+00   0.000000E+00   1.000000E+00        0.000000E+00
    15960                   4             1.000000E+00   0.000000E+00   0.000000E+00        0.000000E+00
    15960                   5             0.000000E+00   1.000000E+00   0.000000E+00        0.000000E+00
    15960                   6             0.000000E+00   0.000000E+00   1.000000E+00        0.000000E+00
    15961                   4             1.000000E+00   0.000000E+00   0.000000E+00        0.000000E+00
    15961                   5             0.000000E+00   1.000000E+00   0.000000E+00        0.000000E+00
    15961                   6             0.000000E+00   0.000000E+00   1.000000E+00        0.000000E+00
    15962                   4             1.000000E+00   0.000000E+00   0.000000E+00        0.000000E+00
    15962                   5             0.000000E+00   1.000000E+00   0.000000E+00        0.000000E+00
    15962                   6             0.000000E+00   0.000000E+00   1.000000E+00        0.000000E+00
    15963                   4             1.000000E+00   0.000000E+00   0.000000E+00        0.000000E+00
    15963                   5             0.000000E+00   1.000000E+00   0.000000E+00        0.000000E+00
    15963                   6             0.000000E+00   0.000000E+00   1.000000E+00        0.000000E+00
    15964                   4             1.000000E+00   0.000000E+00   0.000000E+00        0.000000E+00
    15964                   5             0.000000E+00   1.000000E+00   0.000000E+00        0.000000E+00
    15964                   6             0.000000E+00   0.000000E+00   1.000000E+00        0.000000E+00
    15965                   4             1.000000E+00   0.000000E+00   0.000000E+00        0.000000E+00
    15965                   5             0.000000E+00   1.000000E+00   0.000000E+00        0.000000E+00
    15965                   6             0.000000E+00   0.000000E+00   1.000000E+00        0.000000E+00
    15966                   4             1.000000E+00   0.000000E+00   0.000000E+00        0.000000E+00
    15966                   5             0.000000E+00   1.000000E+00   0.000000E+00        0.000000E+00
    15966                   6             0.000000E+00   0.000000E+00   1.000000E+00        0.000000E+00
    15967                   4             1.000000E+00   0.000000E+00   0.000000E+00        0.000000E+00
    15967                   5             0.000000E+00   1.000000E+00   0.000000E+00        0.000000E+00
    15967                   6             0.000000E+00   0.000000E+00   1.000000E+00        0.000000E+00
    16037                   4             1.000000E+00   0.000000E+00   0.000000E+00        0.000000E+00
    16037                   5             0.000000E+00   1.000000E+00   0.000000E+00        0.000000E+00
    16037                   6             0.000000E+00   0.000000E+00   1.000000E+00        0.000000E+00
    16038                   4             1.000000E+00   0.000000E+00   0.000000E+00        0.000000E+00
    16038                   5             0.000000E+00   1.000000E+00   0.000000E+00        0.000000E+00
    16038                   6             0.000000E+00   0.000000E+00   1.000000E+00        0.000000E+00
    16039                   4             1.000000E+00   0.000000E+00   0.000000E+00        0.000000E+00
    16039                   5             0.000000E+00   1.000000E+00   0.000000E+00        0.000000E+00
    16039                   6             0.000000E+00   0.000000E+00   1.000000E+00        0.000000E+00
    16040                   4             1.000000E+00   0.000000E+00   0.000000E+00        0.000000E+00
    16040                   5             0.000000E+00   1.000000E+00   0.000000E+00        0.000000E+00
    16040                   6             0.000000E+00   0.000000E+00   1.000000E+00        0.000000E+00
    16041                   4             1.000000E+00   0.000000E+00   0.000000E+00        0.000000E+00
    16041                   5             0.000000E+00   1.000000E+00   0.000000E+00        0.000000E+00
    16041                   6             0.000000E+00   0.000000E+00   1.000000E+00        0.000000E+00
    16042                   4             1.000000E+00   0.000000E+00   0.000000E+00        0.000000E+00
    16042                   5             0.000000E+00   1.000000E+00   0.000000E+00        0.000000E+00
    16042                   6             0.000000E+00   0.000000E+00   1.000000E+00        0.000000E+00
    16043                   4             1.000000E+00   0.000000E+00   0.000000E+00        0.000000E+00
    16043                   5             0.000000E+00   1.000000E+00   0.000000E+00        0.000000E+00
    16043                   6             0.000000E+00   0.000000E+00   1.000000E+00        0.000000E+00
 
 
 
 
 
 
                                                                        02/28/26  22:26  ADS NASTRAN VERSION 20.2.0.23   PAGE     77
 
 
 SUBCASE 1                                                           SUBCASE 1
 
                                      G R I D   P O I N T   S I N G U L A R I T Y   T A B L E
 
     GRID               STRONGEST                  DIRECTION OF SINGULARITY                  STIFFNESS
      ID                COMPONENT            T1/R1          T2/R2          T3/R3               RATIO
    16044                   4             1.000000E+00   0.000000E+00   0.000000E+00        0.000000E+00
    16044                   5             0.000000E+00   1.000000E+00   0.000000E+00        0.000000E+00
    16044                   6             0.000000E+00   0.000000E+00   1.000000E+00        0.000000E+00
    16045                   4             1.000000E+00   0.000000E+00   0.000000E+00        0.000000E+00
    16045                   5             0.000000E+00   1.000000E+00   0.000000E+00        0.000000E+00
    16045                   6             0.000000E+00   0.000000E+00   1.000000E+00        0.000000E+00
    16046                   4             1.000000E+00   0.000000E+00   0.000000E+00        0.000000E+00
    16046                   5             0.000000E+00   1.000000E+00   0.000000E+00        0.000000E+00
    16046                   6             0.000000E+00   0.000000E+00   1.000000E+00        0.000000E+00
    16047                   4             1.000000E+00   0.000000E+00   0.000000E+00        0.000000E+00
    16047                   5             0.000000E+00   1.000000E+00   0.000000E+00        0.000000E+00
    16047                   6             0.000000E+00   0.000000E+00   1.000000E+00        0.000000E+00
    16117                   4             1.000000E+00   0.000000E+00   0.000000E+00        0.000000E+00
    16117                   5             0.000000E+00   1.000000E+00   0.000000E+00        0.000000E+00
    16117                   6             0.000000E+00   0.000000E+00   1.000000E+00        0.000000E+00
    16118                   4             1.000000E+00   0.000000E+00   0.000000E+00        0.000000E+00
    16118                   5             0.000000E+00   1.000000E+00   0.000000E+00        0.000000E+00
    16118                   6             0.000000E+00   0.000000E+00   1.000000E+00        0.000000E+00
    16119                   4             1.000000E+00   0.000000E+00   0.000000E+00        0.000000E+00
    16119                   5             0.000000E+00   1.000000E+00   0.000000E+00        0.000000E+00
    16119                   6             0.000000E+00   0.000000E+00   1.000000E+00        0.000000E+00
    16120                   4             1.000000E+00   0.000000E+00   0.000000E+00        0.000000E+00
    16120                   5             0.000000E+00   1.000000E+00   0.000000E+00        0.000000E+00
    16120                   6             0.000000E+00   0.000000E+00   1.000000E+00        0.000000E+00
    16121                   4             1.000000E+00   0.000000E+00   0.000000E+00        0.000000E+00
    16121                   5             0.000000E+00   1.000000E+00   0.000000E+00        0.000000E+00
    16121                   6             0.000000E+00   0.000000E+00   1.000000E+00        0.000000E+00
    16122                   4             1.000000E+00   0.000000E+00   0.000000E+00        0.000000E+00
    16122                   5             0.000000E+00   1.000000E+00   0.000000E+00        0.000000E+00
    16122                   6             0.000000E+00   0.000000E+00   1.000000E+00        0.000000E+00
    16123                   4             1.000000E+00   0.000000E+00   0.000000E+00        0.000000E+00
    16123                   5             0.000000E+00   1.000000E+00   0.000000E+00        0.000000E+00
    16123                   6             0.000000E+00   0.000000E+00   1.000000E+00        0.000000E+00
    16124                   4             1.000000E+00   0.000000E+00   0.000000E+00        0.000000E+00
    16124                   5             0.000000E+00   1.000000E+00   0.000000E+00        0.000000E+00
    16124                   6             0.000000E+00   0.000000E+00   1.000000E+00        0.000000E+00
    16125                   4             1.000000E+00   0.000000E+00   0.000000E+00        0.000000E+00
    16125                   5             0.000000E+00   1.000000E+00   0.000000E+00        0.000000E+00
    16125                   6             0.000000E+00   0.000000E+00   1.000000E+00        0.000000E+00
    16126                   4             1.000000E+00   0.000000E+00   0.000000E+00        0.000000E+00
    16126                   5             0.000000E+00   1.000000E+00   0.000000E+00        0.000000E+00
    16126                   6             0.000000E+00   0.000000E+00   1.000000E+00        0.000000E+00
    16127                   4             1.000000E+00   0.000000E+00   0.000000E+00        0.000000E+00
    16127                   5             0.000000E+00   1.000000E+00   0.000000E+00        0.000000E+00
    16127                   6             0.000000E+00   0.000000E+00   1.000000E+00        0.000000E+00
    16128                   4             1.000000E+00   0.000000E+00   0.000000E+00        0.000000E+00
    16128                   5             0.000000E+00   1.000000E+00   0.000000E+00        0.000000E+00
    16128                   6             0.000000E+00   0.000000E+00   1.000000E+00        0.000000E+00
    16129                   4             1.000000E+00   0.000000E+00   0.000000E+00        0.000000E+00
    16129                   5             0.000000E+00   1.000000E+00   0.000000E+00        0.000000E+00
    16129                   6             0.000000E+00   0.000000E+00   1.000000E+00        0.000000E+00
    16296                   4             1.000000E+00   0.000000E+00   0.000000E+00        0.000000E+00
    16296                   5             0.000000E+00   1.000000E+00   0.000000E+00        0.000000E+00
    16296                   6             0.000000E+00   0.000000E+00   1.000000E+00        0.000000E+00
    16299                   4             1.000000E+00   0.000000E+00   0.000000E+00        0.000000E+00
    16299                   5             0.000000E+00   1.000000E+00   0.000000E+00        0.000000E+00
    16299                   6             0.000000E+00   0.000000E+00   1.000000E+00        0.000000E+00
    16300                   4             1.000000E+00   0.000000E+00   0.000000E+00        0.000000E+00
    16300                   5             0.000000E+00   1.000000E+00   0.000000E+00        0.000000E+00
    16300                   6             0.000000E+00   0.000000E+00   1.000000E+00        0.000000E+00
 
 
 
 
 
 
                                                                        02/28/26  22:26  ADS NASTRAN VERSION 20.2.0.23   PAGE     78
 
 
 SUBCASE 1                                                           SUBCASE 1
 
                                      G R I D   P O I N T   S I N G U L A R I T Y   T A B L E
 
     GRID               STRONGEST                  DIRECTION OF SINGULARITY                  STIFFNESS
      ID                COMPONENT            T1/R1          T2/R2          T3/R3               RATIO
    16301                   4             1.000000E+00   0.000000E+00   0.000000E+00        0.000000E+00
    16301                   5             0.000000E+00   1.000000E+00   0.000000E+00        0.000000E+00
    16301                   6             0.000000E+00   0.000000E+00   1.000000E+00        0.000000E+00
    16302                   4             1.000000E+00   0.000000E+00   0.000000E+00        0.000000E+00
    16302                   5             0.000000E+00   1.000000E+00   0.000000E+00        0.000000E+00
    16302                   6             0.000000E+00   0.000000E+00   1.000000E+00        0.000000E+00
    16303                   4             1.000000E+00   0.000000E+00   0.000000E+00        0.000000E+00
    16303                   5             0.000000E+00   1.000000E+00   0.000000E+00        0.000000E+00
    16303                   6             0.000000E+00   0.000000E+00   1.000000E+00        0.000000E+00
    16304                   4             1.000000E+00   0.000000E+00   0.000000E+00        0.000000E+00
    16304                   5             0.000000E+00   1.000000E+00   0.000000E+00        0.000000E+00
    16304                   6             0.000000E+00   0.000000E+00   1.000000E+00        0.000000E+00
    16305                   4             1.000000E+00   0.000000E+00   0.000000E+00        0.000000E+00
    16305                   5             0.000000E+00   1.000000E+00   0.000000E+00        0.000000E+00
    16305                   6             0.000000E+00   0.000000E+00   1.000000E+00        0.000000E+00
    16326                   4             1.000000E+00   0.000000E+00   0.000000E+00        0.000000E+00
    16326                   5             0.000000E+00   1.000000E+00   0.000000E+00        0.000000E+00
    16326                   6             0.000000E+00   0.000000E+00   1.000000E+00        0.000000E+00
    16328                   4             1.000000E+00   0.000000E+00   0.000000E+00        0.000000E+00
    16328                   5             0.000000E+00   1.000000E+00   0.000000E+00        0.000000E+00
    16328                   6             0.000000E+00   0.000000E+00   1.000000E+00        0.000000E+00
    16334                   4             1.000000E+00   0.000000E+00   0.000000E+00        0.000000E+00
    16334                   5             0.000000E+00   1.000000E+00   0.000000E+00        0.000000E+00
    16334                   6             0.000000E+00   0.000000E+00   1.000000E+00        0.000000E+00
    16346                   4             1.000000E+00   0.000000E+00   0.000000E+00        0.000000E+00
    16346                   5             0.000000E+00   1.000000E+00   0.000000E+00        0.000000E+00
    16346                   6             0.000000E+00   0.000000E+00   1.000000E+00        0.000000E+00
    16348                   4             1.000000E+00   0.000000E+00   0.000000E+00        0.000000E+00
    16348                   5             0.000000E+00   1.000000E+00   0.000000E+00        0.000000E+00
    16348                   6             0.000000E+00   0.000000E+00   1.000000E+00        0.000000E+00
    16360                   4             1.000000E+00   0.000000E+00   0.000000E+00        0.000000E+00
    16360                   5             0.000000E+00   1.000000E+00   0.000000E+00        0.000000E+00
    16360                   6             0.000000E+00   0.000000E+00   1.000000E+00        0.000000E+00
    16362                   4             1.000000E+00   0.000000E+00   0.000000E+00        0.000000E+00
    16362                   5             0.000000E+00   1.000000E+00   0.000000E+00        0.000000E+00
    16362                   6             0.000000E+00   0.000000E+00   1.000000E+00        0.000000E+00
    16364                   4             1.000000E+00   0.000000E+00   0.000000E+00        0.000000E+00
    16364                   5             0.000000E+00   1.000000E+00   0.000000E+00        0.000000E+00
    16364                   6             0.000000E+00   0.000000E+00   1.000000E+00        0.000000E+00
    16381                   4             1.000000E+00   0.000000E+00   0.000000E+00        0.000000E+00
    16381                   5             0.000000E+00   1.000000E+00   0.000000E+00        0.000000E+00
    16381                   6             0.000000E+00   0.000000E+00   1.000000E+00        0.000000E+00
    16386                   4             1.000000E+00   0.000000E+00   0.000000E+00        0.000000E+00
    16386                   5             0.000000E+00   1.000000E+00   0.000000E+00        0.000000E+00
    16386                   6             0.000000E+00   0.000000E+00   1.000000E+00        0.000000E+00
    16387                   4             1.000000E+00   0.000000E+00   0.000000E+00        0.000000E+00
    16387                   5             0.000000E+00   1.000000E+00   0.000000E+00        0.000000E+00
    16387                   6             0.000000E+00   0.000000E+00   1.000000E+00        0.000000E+00
    16389                   4             1.000000E+00   0.000000E+00   0.000000E+00        0.000000E+00
    16389                   5             0.000000E+00   1.000000E+00   0.000000E+00        0.000000E+00
    16389                   6             0.000000E+00   0.000000E+00   1.000000E+00        0.000000E+00
    16438                   4             1.000000E+00   0.000000E+00   0.000000E+00        0.000000E+00
    16438                   5             0.000000E+00   1.000000E+00   0.000000E+00        0.000000E+00
    16438                   6             0.000000E+00   0.000000E+00   1.000000E+00        0.000000E+00
    16444                   4             1.000000E+00   0.000000E+00   0.000000E+00        0.000000E+00
    16444                   5             0.000000E+00   1.000000E+00   0.000000E+00        0.000000E+00
    16444                   6             0.000000E+00   0.000000E+00   1.000000E+00        0.000000E+00
    16479                   4             1.000000E+00   0.000000E+00   0.000000E+00        0.000000E+00
    16479                   5             0.000000E+00   1.000000E+00   0.000000E+00        0.000000E+00
    16479                   6             0.000000E+00   0.000000E+00   1.000000E+00        0.000000E+00
 
 
 
 
 
 
                                                                        02/28/26  22:26  ADS NASTRAN VERSION 20.2.0.23   PAGE     79
 
 
 SUBCASE 1                                                           SUBCASE 1
 
                                      G R I D   P O I N T   S I N G U L A R I T Y   T A B L E
 
     GRID               STRONGEST                  DIRECTION OF SINGULARITY                  STIFFNESS
      ID                COMPONENT            T1/R1          T2/R2          T3/R3               RATIO
    16482                   4             1.000000E+00   0.000000E+00   0.000000E+00        0.000000E+00
    16482                   5             0.000000E+00   1.000000E+00   0.000000E+00        0.000000E+00
    16482                   6             0.000000E+00   0.000000E+00   1.000000E+00        0.000000E+00
    16483                   4             1.000000E+00   0.000000E+00   0.000000E+00        0.000000E+00
    16483                   5             0.000000E+00   1.000000E+00   0.000000E+00        0.000000E+00
    16483                   6             0.000000E+00   0.000000E+00   1.000000E+00        0.000000E+00
    16489                   4             1.000000E+00   0.000000E+00   0.000000E+00        0.000000E+00
    16489                   5             0.000000E+00   1.000000E+00   0.000000E+00        0.000000E+00
    16489                   6             0.000000E+00   0.000000E+00   1.000000E+00        0.000000E+00
    16493                   4             1.000000E+00   0.000000E+00   0.000000E+00        0.000000E+00
    16493                   5             0.000000E+00   1.000000E+00   0.000000E+00        0.000000E+00
    16493                   6             0.000000E+00   0.000000E+00   1.000000E+00        0.000000E+00
    16508                   4             1.000000E+00   0.000000E+00   0.000000E+00        0.000000E+00
    16508                   5             0.000000E+00   1.000000E+00   0.000000E+00        0.000000E+00
    16508                   6             0.000000E+00   0.000000E+00   1.000000E+00        0.000000E+00
    16509                   4             1.000000E+00   0.000000E+00   0.000000E+00        0.000000E+00
    16509                   5             0.000000E+00   1.000000E+00   0.000000E+00        0.000000E+00
    16509                   6             0.000000E+00   0.000000E+00   1.000000E+00        0.000000E+00
    16536                   4             1.000000E+00   0.000000E+00   0.000000E+00        0.000000E+00
    16536                   5             0.000000E+00   1.000000E+00   0.000000E+00        0.000000E+00
    16536                   6             0.000000E+00   0.000000E+00   1.000000E+00        0.000000E+00
    16537                   4             1.000000E+00   0.000000E+00   0.000000E+00        0.000000E+00
    16537                   5             0.000000E+00   1.000000E+00   0.000000E+00        0.000000E+00
    16537                   6             0.000000E+00   0.000000E+00   1.000000E+00        0.000000E+00
    16553                   4             1.000000E+00   0.000000E+00   0.000000E+00        0.000000E+00
    16553                   5             0.000000E+00   1.000000E+00   0.000000E+00        0.000000E+00
    16553                   6             0.000000E+00   0.000000E+00   1.000000E+00        0.000000E+00
    16687                   4             1.000000E+00   0.000000E+00   0.000000E+00        0.000000E+00
    16687                   5             0.000000E+00   1.000000E+00   0.000000E+00        0.000000E+00
    16687                   6             0.000000E+00   0.000000E+00   1.000000E+00        0.000000E+00
    16688                   4             1.000000E+00   0.000000E+00   0.000000E+00        0.000000E+00
    16688                   5             0.000000E+00   1.000000E+00   0.000000E+00        0.000000E+00
    16688                   6             0.000000E+00   0.000000E+00   1.000000E+00        0.000000E+00
    16689                   4             1.000000E+00   0.000000E+00   0.000000E+00        0.000000E+00
    16689                   5             0.000000E+00   1.000000E+00   0.000000E+00        0.000000E+00
    16689                   6             0.000000E+00   0.000000E+00   1.000000E+00        0.000000E+00
    16690                   4             1.000000E+00   0.000000E+00   0.000000E+00        0.000000E+00
    16690                   5             0.000000E+00   1.000000E+00   0.000000E+00        0.000000E+00
    16690                   6             0.000000E+00   0.000000E+00   1.000000E+00        0.000000E+00
    16696                   4             1.000000E+00   0.000000E+00   0.000000E+00        0.000000E+00
    16696                   5             0.000000E+00   1.000000E+00   0.000000E+00        0.000000E+00
    16696                   6             0.000000E+00   0.000000E+00   1.000000E+00        0.000000E+00
    16697                   4             1.000000E+00   0.000000E+00   0.000000E+00        0.000000E+00
    16697                   5             0.000000E+00   1.000000E+00   0.000000E+00        0.000000E+00
    16697                   6             0.000000E+00   0.000000E+00   1.000000E+00        0.000000E+00
    16700                   4             1.000000E+00   0.000000E+00   0.000000E+00        0.000000E+00
    16700                   5             0.000000E+00   1.000000E+00   0.000000E+00        0.000000E+00
    16700                   6             0.000000E+00   0.000000E+00   1.000000E+00        0.000000E+00
    16701                   4             1.000000E+00   0.000000E+00   0.000000E+00        0.000000E+00
    16701                   5             0.000000E+00   1.000000E+00   0.000000E+00        0.000000E+00
    16701                   6             0.000000E+00   0.000000E+00   1.000000E+00        0.000000E+00
    16704                   4             1.000000E+00   0.000000E+00   0.000000E+00        0.000000E+00
    16704                   5             0.000000E+00   1.000000E+00   0.000000E+00        0.000000E+00
    16704                   6             0.000000E+00   0.000000E+00   1.000000E+00        0.000000E+00
    16707                   4             1.000000E+00   0.000000E+00   0.000000E+00        0.000000E+00
    16707                   5             0.000000E+00   1.000000E+00   0.000000E+00        0.000000E+00
    16707                   6             0.000000E+00   0.000000E+00   1.000000E+00        0.000000E+00
    28876                   4             1.000000E+00   0.000000E+00   0.000000E+00        0.000000E+00
    28876                   5             0.000000E+00   1.000000E+00   0.000000E+00        0.000000E+00
    28876                   6             0.000000E+00   0.000000E+00   1.000000E+00        0.000000E+00
 
 
 
 
 
 
                                                                        02/28/26  22:26  ADS NASTRAN VERSION 20.2.0.23   PAGE     80
 
 
 SUBCASE 1                                                           SUBCASE 1
 
                                      G R I D   P O I N T   S I N G U L A R I T Y   T A B L E
 
     GRID               STRONGEST                  DIRECTION OF SINGULARITY                  STIFFNESS
      ID                COMPONENT            T1/R1          T2/R2          T3/R3               RATIO
    28877                   4             1.000000E+00   0.000000E+00   0.000000E+00        0.000000E+00
    28877                   5             0.000000E+00   1.000000E+00   0.000000E+00        0.000000E+00
    28877                   6             0.000000E+00   0.000000E+00   1.000000E+00        0.000000E+00
    28884                   4             1.000000E+00   0.000000E+00   0.000000E+00        0.000000E+00
    28884                   5             0.000000E+00   1.000000E+00   0.000000E+00        0.000000E+00
    28884                   6             0.000000E+00   0.000000E+00   1.000000E+00        0.000000E+00
    28900                   4             1.000000E+00   0.000000E+00   0.000000E+00        0.000000E+00
    28900                   5             0.000000E+00   1.000000E+00   0.000000E+00        0.000000E+00
    28900                   6             0.000000E+00   0.000000E+00   1.000000E+00        0.000000E+00
    28901                   4             1.000000E+00   0.000000E+00   0.000000E+00        0.000000E+00
    28901                   5             0.000000E+00   1.000000E+00   0.000000E+00        0.000000E+00
    28901                   6             0.000000E+00   0.000000E+00   1.000000E+00        0.000000E+00
    28909                   4             1.000000E+00   0.000000E+00   0.000000E+00        0.000000E+00
    28909                   5             0.000000E+00   1.000000E+00   0.000000E+00        0.000000E+00
    28909                   6             0.000000E+00   0.000000E+00   1.000000E+00        0.000000E+00
    28926                   4             1.000000E+00   0.000000E+00   0.000000E+00        0.000000E+00
    28926                   5             0.000000E+00   1.000000E+00   0.000000E+00        0.000000E+00
    28926                   6             0.000000E+00   0.000000E+00   1.000000E+00        0.000000E+00
    28940                   4             1.000000E+00   0.000000E+00   0.000000E+00        0.000000E+00
    28940                   5             0.000000E+00   1.000000E+00   0.000000E+00        0.000000E+00
    28940                   6             0.000000E+00   0.000000E+00   1.000000E+00        0.000000E+00
    28961                   4             1.000000E+00   0.000000E+00   0.000000E+00        0.000000E+00
    28961                   5             0.000000E+00   1.000000E+00   0.000000E+00        0.000000E+00
    28961                   6             0.000000E+00   0.000000E+00   1.000000E+00        0.000000E+00
    28965                   4             1.000000E+00   0.000000E+00   0.000000E+00        0.000000E+00
    28965                   5             0.000000E+00   1.000000E+00   0.000000E+00        0.000000E+00
    28965                   6             0.000000E+00   0.000000E+00   1.000000E+00        0.000000E+00
    28968                   4             1.000000E+00   0.000000E+00   0.000000E+00        0.000000E+00
    28968                   5             0.000000E+00   1.000000E+00   0.000000E+00        0.000000E+00
    28968                   6             0.000000E+00   0.000000E+00   1.000000E+00        0.000000E+00
    28992                   4             1.000000E+00   0.000000E+00   0.000000E+00        0.000000E+00
    28992                   5             0.000000E+00   1.000000E+00   0.000000E+00        0.000000E+00
    28992                   6             0.000000E+00   0.000000E+00   1.000000E+00        0.000000E+00
    29023                   4             1.000000E+00   0.000000E+00   0.000000E+00        0.000000E+00
    29023                   5             0.000000E+00   1.000000E+00   0.000000E+00        0.000000E+00
    29023                   6             0.000000E+00   0.000000E+00   1.000000E+00        0.000000E+00
    29034                   4             1.000000E+00   0.000000E+00   0.000000E+00        0.000000E+00
    29034                   5             0.000000E+00   1.000000E+00   0.000000E+00        0.000000E+00
    29034                   6             0.000000E+00   0.000000E+00   1.000000E+00        0.000000E+00
    29038                   4             1.000000E+00   0.000000E+00   0.000000E+00        0.000000E+00
    29038                   5             0.000000E+00   1.000000E+00   0.000000E+00        0.000000E+00
    29038                   6             0.000000E+00   0.000000E+00   1.000000E+00        0.000000E+00
    29089                   4             1.000000E+00   0.000000E+00   0.000000E+00        0.000000E+00
    29089                   5             0.000000E+00   1.000000E+00   0.000000E+00        0.000000E+00
    29089                   6             0.000000E+00   0.000000E+00   1.000000E+00        0.000000E+00
    29095                   4             1.000000E+00   0.000000E+00   0.000000E+00        0.000000E+00
    29095                   5             0.000000E+00   1.000000E+00   0.000000E+00        0.000000E+00
    29095                   6             0.000000E+00   0.000000E+00   1.000000E+00        0.000000E+00
    29100                   4             1.000000E+00   0.000000E+00   0.000000E+00        0.000000E+00
    29100                   5             0.000000E+00   1.000000E+00   0.000000E+00        0.000000E+00
    29100                   6             0.000000E+00   0.000000E+00   1.000000E+00        0.000000E+00
    29106                   4             1.000000E+00   0.000000E+00   0.000000E+00        0.000000E+00
    29106                   5             0.000000E+00   1.000000E+00   0.000000E+00        0.000000E+00
    29106                   6             0.000000E+00   0.000000E+00   1.000000E+00        0.000000E+00
    29107                   4             1.000000E+00   0.000000E+00   0.000000E+00        0.000000E+00
    29107                   5             0.000000E+00   1.000000E+00   0.000000E+00        0.000000E+00
    29107                   6             0.000000E+00   0.000000E+00   1.000000E+00        0.000000E+00
    29110                   4             1.000000E+00   0.000000E+00   0.000000E+00        0.000000E+00
    29110                   5             0.000000E+00   1.000000E+00   0.000000E+00        0.000000E+00
    29110                   6             0.000000E+00   0.000000E+00   1.000000E+00        0.000000E+00
 
 
 
 
 
 
                                                                        02/28/26  22:26  ADS NASTRAN VERSION 20.2.0.23   PAGE     81
 
 
 SUBCASE 1                                                           SUBCASE 1
 
                                      G R I D   P O I N T   S I N G U L A R I T Y   T A B L E
 
     GRID               STRONGEST                  DIRECTION OF SINGULARITY                  STIFFNESS
      ID                COMPONENT            T1/R1          T2/R2          T3/R3               RATIO
    29114                   4             1.000000E+00   0.000000E+00   0.000000E+00        0.000000E+00
    29114                   5             0.000000E+00   1.000000E+00   0.000000E+00        0.000000E+00
    29114                   6             0.000000E+00   0.000000E+00   1.000000E+00        0.000000E+00
    29120                   4             1.000000E+00   0.000000E+00   0.000000E+00        0.000000E+00
    29120                   5             0.000000E+00   1.000000E+00   0.000000E+00        0.000000E+00
    29120                   6             0.000000E+00   0.000000E+00   1.000000E+00        0.000000E+00
    29122                   4             1.000000E+00   0.000000E+00   0.000000E+00        0.000000E+00
    29122                   5             0.000000E+00   1.000000E+00   0.000000E+00        0.000000E+00
    29122                   6             0.000000E+00   0.000000E+00   1.000000E+00        0.000000E+00
    29123                   4             1.000000E+00   0.000000E+00   0.000000E+00        0.000000E+00
    29123                   5             0.000000E+00   1.000000E+00   0.000000E+00        0.000000E+00
    29123                   6             0.000000E+00   0.000000E+00   1.000000E+00        0.000000E+00
    29135                   4             1.000000E+00   0.000000E+00   0.000000E+00        0.000000E+00
    29135                   5             0.000000E+00   1.000000E+00   0.000000E+00        0.000000E+00
    29135                   6             0.000000E+00   0.000000E+00   1.000000E+00        0.000000E+00
    29142                   4             1.000000E+00   0.000000E+00   0.000000E+00        0.000000E+00
    29142                   5             0.000000E+00   1.000000E+00   0.000000E+00        0.000000E+00
    29142                   6             0.000000E+00   0.000000E+00   1.000000E+00        0.000000E+00
    29145                   4             1.000000E+00   0.000000E+00   0.000000E+00        0.000000E+00
    29145                   5             0.000000E+00   1.000000E+00   0.000000E+00        0.000000E+00
    29145                   6             0.000000E+00   0.000000E+00   1.000000E+00        0.000000E+00
    29153                   4             1.000000E+00   0.000000E+00   0.000000E+00        0.000000E+00
    29153                   5             0.000000E+00   1.000000E+00   0.000000E+00        0.000000E+00
    29153                   6             0.000000E+00   0.000000E+00   1.000000E+00        0.000000E+00
    29154                   4             1.000000E+00   0.000000E+00   0.000000E+00        0.000000E+00
    29154                   5             0.000000E+00   1.000000E+00   0.000000E+00        0.000000E+00
    29154                   6             0.000000E+00   0.000000E+00   1.000000E+00        0.000000E+00
    29181                   4             1.000000E+00   0.000000E+00   0.000000E+00        0.000000E+00
    29181                   5             0.000000E+00   1.000000E+00   0.000000E+00        0.000000E+00
    29181                   6             0.000000E+00   0.000000E+00   1.000000E+00        0.000000E+00
    29186                   4             1.000000E+00   0.000000E+00   0.000000E+00        0.000000E+00
    29186                   5             0.000000E+00   1.000000E+00   0.000000E+00        0.000000E+00
    29186                   6             0.000000E+00   0.000000E+00   1.000000E+00        0.000000E+00
    29189                   4             1.000000E+00   0.000000E+00   0.000000E+00        0.000000E+00
    29189                   5             0.000000E+00   1.000000E+00   0.000000E+00        0.000000E+00
    29189                   6             0.000000E+00   0.000000E+00   1.000000E+00        0.000000E+00
    29190                   4             1.000000E+00   0.000000E+00   0.000000E+00        0.000000E+00
    29190                   5             0.000000E+00   1.000000E+00   0.000000E+00        0.000000E+00
    29190                   6             0.000000E+00   0.000000E+00   1.000000E+00        0.000000E+00
    29195                   4             1.000000E+00   0.000000E+00   0.000000E+00        0.000000E+00
    29195                   5             0.000000E+00   1.000000E+00   0.000000E+00        0.000000E+00
    29195                   6             0.000000E+00   0.000000E+00   1.000000E+00        0.000000E+00
    29196                   4             1.000000E+00   0.000000E+00   0.000000E+00        0.000000E+00
    29196                   5             0.000000E+00   1.000000E+00   0.000000E+00        0.000000E+00
    29196                   6             0.000000E+00   0.000000E+00   1.000000E+00        0.000000E+00
    29197                   4             1.000000E+00   0.000000E+00   0.000000E+00        0.000000E+00
    29197                   5             0.000000E+00   1.000000E+00   0.000000E+00        0.000000E+00
    29197                   6             0.000000E+00   0.000000E+00   1.000000E+00        0.000000E+00
    29208                   4             1.000000E+00   0.000000E+00   0.000000E+00        0.000000E+00
    29208                   5             0.000000E+00   1.000000E+00   0.000000E+00        0.000000E+00
    29208                   6             0.000000E+00   0.000000E+00   1.000000E+00        0.000000E+00
    29212                   4             1.000000E+00   0.000000E+00   0.000000E+00        0.000000E+00
    29212                   5             0.000000E+00   1.000000E+00   0.000000E+00        0.000000E+00
    29212                   6             0.000000E+00   0.000000E+00   1.000000E+00        0.000000E+00
    29227                   4             1.000000E+00   0.000000E+00   0.000000E+00        0.000000E+00
    29227                   5             0.000000E+00   1.000000E+00   0.000000E+00        0.000000E+00
    29227                   6             0.000000E+00   0.000000E+00   1.000000E+00        0.000000E+00
    29244                   4             1.000000E+00   0.000000E+00   0.000000E+00        0.000000E+00
    29244                   5             0.000000E+00   1.000000E+00   0.000000E+00        0.000000E+00
    29244                   6             0.000000E+00   0.000000E+00   1.000000E+00        0.000000E+00
 
 
 
 
 
 
                                                                        02/28/26  22:26  ADS NASTRAN VERSION 20.2.0.23   PAGE     82
 
 
 SUBCASE 1                                                           SUBCASE 1
 
                                      G R I D   P O I N T   S I N G U L A R I T Y   T A B L E
 
     GRID               STRONGEST                  DIRECTION OF SINGULARITY                  STIFFNESS
      ID                COMPONENT            T1/R1          T2/R2          T3/R3               RATIO
    29249                   4             1.000000E+00   0.000000E+00   0.000000E+00        0.000000E+00
    29249                   5             0.000000E+00   1.000000E+00   0.000000E+00        0.000000E+00
    29249                   6             0.000000E+00   0.000000E+00   1.000000E+00        0.000000E+00
    29257                   4             1.000000E+00   0.000000E+00   0.000000E+00        0.000000E+00
    29257                   5             0.000000E+00   1.000000E+00   0.000000E+00        0.000000E+00
    29257                   6             0.000000E+00   0.000000E+00   1.000000E+00        0.000000E+00
    29292                   4             1.000000E+00   0.000000E+00   0.000000E+00        0.000000E+00
    29292                   5             0.000000E+00   1.000000E+00   0.000000E+00        0.000000E+00
    29292                   6             0.000000E+00   0.000000E+00   1.000000E+00        0.000000E+00
    29294                   4             1.000000E+00   0.000000E+00   0.000000E+00        0.000000E+00
    29294                   5             0.000000E+00   1.000000E+00   0.000000E+00        0.000000E+00
    29294                   6             0.000000E+00   0.000000E+00   1.000000E+00        0.000000E+00
    29298                   4             1.000000E+00   0.000000E+00   0.000000E+00        0.000000E+00
    29298                   5             0.000000E+00   1.000000E+00   0.000000E+00        0.000000E+00
    29298                   6             0.000000E+00   0.000000E+00   1.000000E+00        0.000000E+00
    29309                   4             1.000000E+00   0.000000E+00   0.000000E+00        0.000000E+00
    29309                   5             0.000000E+00   1.000000E+00   0.000000E+00        0.000000E+00
    29309                   6             0.000000E+00   0.000000E+00   1.000000E+00        0.000000E+00
    29311                   4             1.000000E+00   0.000000E+00   0.000000E+00        0.000000E+00
    29311                   5             0.000000E+00   1.000000E+00   0.000000E+00        0.000000E+00
    29311                   6             0.000000E+00   0.000000E+00   1.000000E+00        0.000000E+00
    29323                   4             1.000000E+00   0.000000E+00   0.000000E+00        0.000000E+00
    29323                   5             0.000000E+00   1.000000E+00   0.000000E+00        0.000000E+00
    29323                   6             0.000000E+00   0.000000E+00   1.000000E+00        0.000000E+00
    29416                   4             1.000000E+00   0.000000E+00   0.000000E+00        0.000000E+00
    29416                   5             0.000000E+00   1.000000E+00   0.000000E+00        0.000000E+00
    29416                   6             0.000000E+00   0.000000E+00   1.000000E+00        0.000000E+00
    29425                   4             1.000000E+00   0.000000E+00   0.000000E+00        0.000000E+00
    29425                   5             0.000000E+00   1.000000E+00   0.000000E+00        0.000000E+00
    29425                   6             0.000000E+00   0.000000E+00   1.000000E+00        0.000000E+00
    29427                   4             1.000000E+00   0.000000E+00   0.000000E+00        0.000000E+00
    29427                   5             0.000000E+00   1.000000E+00   0.000000E+00        0.000000E+00
    29427                   6             0.000000E+00   0.000000E+00   1.000000E+00        0.000000E+00
    29441                   4             1.000000E+00   0.000000E+00   0.000000E+00        0.000000E+00
    29441                   5             0.000000E+00   1.000000E+00   0.000000E+00        0.000000E+00
    29441                   6             0.000000E+00   0.000000E+00   1.000000E+00        0.000000E+00
    29447                   4             1.000000E+00   0.000000E+00   0.000000E+00        0.000000E+00
    29447                   5             0.000000E+00   1.000000E+00   0.000000E+00        0.000000E+00
    29447                   6             0.000000E+00   0.000000E+00   1.000000E+00        0.000000E+00
    29453                   4             1.000000E+00   0.000000E+00   0.000000E+00        0.000000E+00
    29453                   5             0.000000E+00   1.000000E+00   0.000000E+00        0.000000E+00
    29453                   6             0.000000E+00   0.000000E+00   1.000000E+00        0.000000E+00
    29459                   4             1.000000E+00   0.000000E+00   0.000000E+00        0.000000E+00
    29459                   5             0.000000E+00   1.000000E+00   0.000000E+00        0.000000E+00
    29459                   6             0.000000E+00   0.000000E+00   1.000000E+00        0.000000E+00
    29465                   4             1.000000E+00   0.000000E+00   0.000000E+00        0.000000E+00
    29465                   5             0.000000E+00   1.000000E+00   0.000000E+00        0.000000E+00
    29465                   6             0.000000E+00   0.000000E+00   1.000000E+00        0.000000E+00
    29502                   4             1.000000E+00   0.000000E+00   0.000000E+00        0.000000E+00
    29502                   5             0.000000E+00   1.000000E+00   0.000000E+00        0.000000E+00
    29502                   6             0.000000E+00   0.000000E+00   1.000000E+00        0.000000E+00
    29505                   4             1.000000E+00   0.000000E+00   0.000000E+00        0.000000E+00
    29505                   5             0.000000E+00   1.000000E+00   0.000000E+00        0.000000E+00
    29505                   6             0.000000E+00   0.000000E+00   1.000000E+00        0.000000E+00
    29519                   4             1.000000E+00   0.000000E+00   0.000000E+00        0.000000E+00
    29519                   5             0.000000E+00   1.000000E+00   0.000000E+00        0.000000E+00
    29519                   6             0.000000E+00   0.000000E+00   1.000000E+00        0.000000E+00
    29526                   4             1.000000E+00   0.000000E+00   0.000000E+00        0.000000E+00
    29526                   5             0.000000E+00   1.000000E+00   0.000000E+00        0.000000E+00
    29526                   6             0.000000E+00   0.000000E+00   1.000000E+00        0.000000E+00
 
 
 
 
 
 
                                                                        02/28/26  22:26  ADS NASTRAN VERSION 20.2.0.23   PAGE     83
 
 
 SUBCASE 1                                                           SUBCASE 1
 
                                      G R I D   P O I N T   S I N G U L A R I T Y   T A B L E
 
     GRID               STRONGEST                  DIRECTION OF SINGULARITY                  STIFFNESS
      ID                COMPONENT            T1/R1          T2/R2          T3/R3               RATIO
    29529                   4             1.000000E+00   0.000000E+00   0.000000E+00        0.000000E+00
    29529                   5             0.000000E+00   1.000000E+00   0.000000E+00        0.000000E+00
    29529                   6             0.000000E+00   0.000000E+00   1.000000E+00        0.000000E+00
    29533                   4             1.000000E+00   0.000000E+00   0.000000E+00        0.000000E+00
    29533                   5             0.000000E+00   1.000000E+00   0.000000E+00        0.000000E+00
    29533                   6             0.000000E+00   0.000000E+00   1.000000E+00        0.000000E+00
    29560                   4             1.000000E+00   0.000000E+00   0.000000E+00        0.000000E+00
    29560                   5             0.000000E+00   1.000000E+00   0.000000E+00        0.000000E+00
    29560                   6             0.000000E+00   0.000000E+00   1.000000E+00        0.000000E+00
    29593                   4             1.000000E+00   0.000000E+00   0.000000E+00        0.000000E+00
    29593                   5             0.000000E+00   1.000000E+00   0.000000E+00        0.000000E+00
    29593                   6             0.000000E+00   0.000000E+00   1.000000E+00        0.000000E+00
    29607                   4             1.000000E+00   0.000000E+00   0.000000E+00        0.000000E+00
    29607                   5             0.000000E+00   1.000000E+00   0.000000E+00        0.000000E+00
    29607                   6             0.000000E+00   0.000000E+00   1.000000E+00        0.000000E+00
    30020                   4             1.000000E+00   0.000000E+00   0.000000E+00        0.000000E+00
    30020                   5             0.000000E+00   1.000000E+00   0.000000E+00        0.000000E+00
    30020                   6             0.000000E+00   0.000000E+00   1.000000E+00        0.000000E+00
    30021                   4             1.000000E+00   0.000000E+00   0.000000E+00        0.000000E+00
    30021                   5             0.000000E+00   1.000000E+00   0.000000E+00        0.000000E+00
    30021                   6             0.000000E+00   0.000000E+00   1.000000E+00        0.000000E+00
    30024                   4             1.000000E+00   0.000000E+00   0.000000E+00        0.000000E+00
    30024                   5             0.000000E+00   1.000000E+00   0.000000E+00        0.000000E+00
    30024                   6             0.000000E+00   0.000000E+00   1.000000E+00        0.000000E+00
    30027                   4             1.000000E+00   0.000000E+00   0.000000E+00        0.000000E+00
    30027                   5             0.000000E+00   1.000000E+00   0.000000E+00        0.000000E+00
    30027                   6             0.000000E+00   0.000000E+00   1.000000E+00        0.000000E+00
    30031                   4             1.000000E+00   0.000000E+00   0.000000E+00        0.000000E+00
    30031                   5             0.000000E+00   1.000000E+00   0.000000E+00        0.000000E+00
    30031                   6             0.000000E+00   0.000000E+00   1.000000E+00        0.000000E+00
    30034                   4             1.000000E+00   0.000000E+00   0.000000E+00        0.000000E+00
    30034                   5             0.000000E+00   1.000000E+00   0.000000E+00        0.000000E+00
    30034                   6             0.000000E+00   0.000000E+00   1.000000E+00        0.000000E+00
    30035                   4             1.000000E+00   0.000000E+00   0.000000E+00        0.000000E+00
    30035                   5             0.000000E+00   1.000000E+00   0.000000E+00        0.000000E+00
    30035                   6             0.000000E+00   0.000000E+00   1.000000E+00        0.000000E+00
    30036                   4             1.000000E+00   0.000000E+00   0.000000E+00        0.000000E+00
    30036                   5             0.000000E+00   1.000000E+00   0.000000E+00        0.000000E+00
    30036                   6             0.000000E+00   0.000000E+00   1.000000E+00        0.000000E+00
    30037                   4             1.000000E+00   0.000000E+00   0.000000E+00        0.000000E+00
    30037                   5             0.000000E+00   1.000000E+00   0.000000E+00        0.000000E+00
    30037                   6             0.000000E+00   0.000000E+00   1.000000E+00        0.000000E+00
    30040                   4             1.000000E+00   0.000000E+00   0.000000E+00        0.000000E+00
    30040                   5             0.000000E+00   1.000000E+00   0.000000E+00        0.000000E+00
    30040                   6             0.000000E+00   0.000000E+00   1.000000E+00        0.000000E+00
    30041                   4             1.000000E+00   0.000000E+00   0.000000E+00        0.000000E+00
    30041                   5             0.000000E+00   1.000000E+00   0.000000E+00        0.000000E+00
    30041                   6             0.000000E+00   0.000000E+00   1.000000E+00        0.000000E+00
    30042                   4             1.000000E+00   0.000000E+00   0.000000E+00        0.000000E+00
    30042                   5             0.000000E+00   1.000000E+00   0.000000E+00        0.000000E+00
    30042                   6             0.000000E+00   0.000000E+00   1.000000E+00        0.000000E+00
    30043                   4             1.000000E+00   0.000000E+00   0.000000E+00        0.000000E+00
    30043                   5             0.000000E+00   1.000000E+00   0.000000E+00        0.000000E+00
    30043                   6             0.000000E+00   0.000000E+00   1.000000E+00        0.000000E+00
    30044                   4             1.000000E+00   0.000000E+00   0.000000E+00        0.000000E+00
    30044                   5             0.000000E+00   1.000000E+00   0.000000E+00        0.000000E+00
    30044                   6             0.000000E+00   0.000000E+00   1.000000E+00        0.000000E+00
    30045                   4             1.000000E+00   0.000000E+00   0.000000E+00        0.000000E+00
    30045                   5             0.000000E+00   1.000000E+00   0.000000E+00        0.000000E+00
    30045                   6             0.000000E+00   0.000000E+00   1.000000E+00        0.000000E+00
 
 
 
 
 
 
                                                                        02/28/26  22:26  ADS NASTRAN VERSION 20.2.0.23   PAGE     84
 
 
 SUBCASE 1                                                           SUBCASE 1
 
                                      G R I D   P O I N T   S I N G U L A R I T Y   T A B L E
 
     GRID               STRONGEST                  DIRECTION OF SINGULARITY                  STIFFNESS
      ID                COMPONENT            T1/R1          T2/R2          T3/R3               RATIO
    30046                   4             1.000000E+00   0.000000E+00   0.000000E+00        0.000000E+00
    30046                   5             0.000000E+00   1.000000E+00   0.000000E+00        0.000000E+00
    30046                   6             0.000000E+00   0.000000E+00   1.000000E+00        0.000000E+00
    30047                   4             1.000000E+00   0.000000E+00   0.000000E+00        0.000000E+00
    30047                   5             0.000000E+00   1.000000E+00   0.000000E+00        0.000000E+00
    30047                   6             0.000000E+00   0.000000E+00   1.000000E+00        0.000000E+00
    30048                   4             1.000000E+00   0.000000E+00   0.000000E+00        0.000000E+00
    30048                   5             0.000000E+00   1.000000E+00   0.000000E+00        0.000000E+00
    30048                   6             0.000000E+00   0.000000E+00   1.000000E+00        0.000000E+00
    30049                   4             1.000000E+00   0.000000E+00   0.000000E+00        0.000000E+00
    30049                   5             0.000000E+00   1.000000E+00   0.000000E+00        0.000000E+00
    30049                   6             0.000000E+00   0.000000E+00   1.000000E+00        0.000000E+00
    30050                   4             1.000000E+00   0.000000E+00   0.000000E+00        0.000000E+00
    30050                   5             0.000000E+00   1.000000E+00   0.000000E+00        0.000000E+00
    30050                   6             0.000000E+00   0.000000E+00   1.000000E+00        0.000000E+00
    30051                   4             1.000000E+00   0.000000E+00   0.000000E+00        0.000000E+00
    30051                   5             0.000000E+00   1.000000E+00   0.000000E+00        0.000000E+00
    30051                   6             0.000000E+00   0.000000E+00   1.000000E+00        0.000000E+00
    30052                   4             1.000000E+00   0.000000E+00   0.000000E+00        0.000000E+00
    30052                   5             0.000000E+00   1.000000E+00   0.000000E+00        0.000000E+00
    30052                   6             0.000000E+00   0.000000E+00   1.000000E+00        0.000000E+00
    30053                   4             1.000000E+00   0.000000E+00   0.000000E+00        0.000000E+00
    30053                   5             0.000000E+00   1.000000E+00   0.000000E+00        0.000000E+00
    30053                   6             0.000000E+00   0.000000E+00   1.000000E+00        0.000000E+00
    30122                   4             1.000000E+00   0.000000E+00   0.000000E+00        0.000000E+00
    30122                   5             0.000000E+00   1.000000E+00   0.000000E+00        0.000000E+00
    30122                   6             0.000000E+00   0.000000E+00   1.000000E+00        0.000000E+00
    30123                   4             1.000000E+00   0.000000E+00   0.000000E+00        0.000000E+00
    30123                   5             0.000000E+00   1.000000E+00   0.000000E+00        0.000000E+00
    30123                   6             0.000000E+00   0.000000E+00   1.000000E+00        0.000000E+00
    30124                   4             1.000000E+00   0.000000E+00   0.000000E+00        0.000000E+00
    30124                   5             0.000000E+00   1.000000E+00   0.000000E+00        0.000000E+00
    30124                   6             0.000000E+00   0.000000E+00   1.000000E+00        0.000000E+00
    30125                   4             1.000000E+00   0.000000E+00   0.000000E+00        0.000000E+00
    30125                   5             0.000000E+00   1.000000E+00   0.000000E+00        0.000000E+00
    30125                   6             0.000000E+00   0.000000E+00   1.000000E+00        0.000000E+00
    30126                   4             1.000000E+00   0.000000E+00   0.000000E+00        0.000000E+00
    30126                   5             0.000000E+00   1.000000E+00   0.000000E+00        0.000000E+00
    30126                   6             0.000000E+00   0.000000E+00   1.000000E+00        0.000000E+00
    30127                   4             1.000000E+00   0.000000E+00   0.000000E+00        0.000000E+00
    30127                   5             0.000000E+00   1.000000E+00   0.000000E+00        0.000000E+00
    30127                   6             0.000000E+00   0.000000E+00   1.000000E+00        0.000000E+00
    30128                   4             1.000000E+00   0.000000E+00   0.000000E+00        0.000000E+00
    30128                   5             0.000000E+00   1.000000E+00   0.000000E+00        0.000000E+00
    30128                   6             0.000000E+00   0.000000E+00   1.000000E+00        0.000000E+00
    30129                   4             1.000000E+00   0.000000E+00   0.000000E+00        0.000000E+00
    30129                   5             0.000000E+00   1.000000E+00   0.000000E+00        0.000000E+00
    30129                   6             0.000000E+00   0.000000E+00   1.000000E+00        0.000000E+00
    30130                   4             1.000000E+00   0.000000E+00   0.000000E+00        0.000000E+00
    30130                   5             0.000000E+00   1.000000E+00   0.000000E+00        0.000000E+00
    30130                   6             0.000000E+00   0.000000E+00   1.000000E+00        0.000000E+00
    30131                   4             1.000000E+00   0.000000E+00   0.000000E+00        0.000000E+00
    30131                   5             0.000000E+00   1.000000E+00   0.000000E+00        0.000000E+00
    30131                   6             0.000000E+00   0.000000E+00   1.000000E+00        0.000000E+00
    30132                   4             1.000000E+00   0.000000E+00   0.000000E+00        0.000000E+00
    30132                   5             0.000000E+00   1.000000E+00   0.000000E+00        0.000000E+00
    30132                   6             0.000000E+00   0.000000E+00   1.000000E+00        0.000000E+00
    30133                   4             1.000000E+00   0.000000E+00   0.000000E+00        0.000000E+00
    30133                   5             0.000000E+00   1.000000E+00   0.000000E+00        0.000000E+00
    30133                   6             0.000000E+00   0.000000E+00   1.000000E+00        0.000000E+00
 
 
 
 
 
 
                                                                        02/28/26  22:26  ADS NASTRAN VERSION 20.2.0.23   PAGE     85
 
 
 SUBCASE 1                                                           SUBCASE 1
 
                                      G R I D   P O I N T   S I N G U L A R I T Y   T A B L E
 
     GRID               STRONGEST                  DIRECTION OF SINGULARITY                  STIFFNESS
      ID                COMPONENT            T1/R1          T2/R2          T3/R3               RATIO
    30203                   4             1.000000E+00   0.000000E+00   0.000000E+00        0.000000E+00
    30203                   5             0.000000E+00   1.000000E+00   0.000000E+00        0.000000E+00
    30203                   6             0.000000E+00   0.000000E+00   1.000000E+00        0.000000E+00
    30204                   4             1.000000E+00   0.000000E+00   0.000000E+00        0.000000E+00
    30204                   5             0.000000E+00   1.000000E+00   0.000000E+00        0.000000E+00
    30204                   6             0.000000E+00   0.000000E+00   1.000000E+00        0.000000E+00
    30205                   4             1.000000E+00   0.000000E+00   0.000000E+00        0.000000E+00
    30205                   5             0.000000E+00   1.000000E+00   0.000000E+00        0.000000E+00
    30205                   6             0.000000E+00   0.000000E+00   1.000000E+00        0.000000E+00
    30206                   4             1.000000E+00   0.000000E+00   0.000000E+00        0.000000E+00
    30206                   5             0.000000E+00   1.000000E+00   0.000000E+00        0.000000E+00
    30206                   6             0.000000E+00   0.000000E+00   1.000000E+00        0.000000E+00
    30207                   4             1.000000E+00   0.000000E+00   0.000000E+00        0.000000E+00
    30207                   5             0.000000E+00   1.000000E+00   0.000000E+00        0.000000E+00
    30207                   6             0.000000E+00   0.000000E+00   1.000000E+00        0.000000E+00
    30208                   4             1.000000E+00   0.000000E+00   0.000000E+00        0.000000E+00
    30208                   5             0.000000E+00   1.000000E+00   0.000000E+00        0.000000E+00
    30208                   6             0.000000E+00   0.000000E+00   1.000000E+00        0.000000E+00
    30209                   4             1.000000E+00   0.000000E+00   0.000000E+00        0.000000E+00
    30209                   5             0.000000E+00   1.000000E+00   0.000000E+00        0.000000E+00
    30209                   6             0.000000E+00   0.000000E+00   1.000000E+00        0.000000E+00
    30210                   4             1.000000E+00   0.000000E+00   0.000000E+00        0.000000E+00
    30210                   5             0.000000E+00   1.000000E+00   0.000000E+00        0.000000E+00
    30210                   6             0.000000E+00   0.000000E+00   1.000000E+00        0.000000E+00
    30211                   4             1.000000E+00   0.000000E+00   0.000000E+00        0.000000E+00
    30211                   5             0.000000E+00   1.000000E+00   0.000000E+00        0.000000E+00
    30211                   6             0.000000E+00   0.000000E+00   1.000000E+00        0.000000E+00
    30212                   4             1.000000E+00   0.000000E+00   0.000000E+00        0.000000E+00
    30212                   5             0.000000E+00   1.000000E+00   0.000000E+00        0.000000E+00
    30212                   6             0.000000E+00   0.000000E+00   1.000000E+00        0.000000E+00
    30213                   4             1.000000E+00   0.000000E+00   0.000000E+00        0.000000E+00
    30213                   5             0.000000E+00   1.000000E+00   0.000000E+00        0.000000E+00
    30213                   6             0.000000E+00   0.000000E+00   1.000000E+00        0.000000E+00
    30214                   4             1.000000E+00   0.000000E+00   0.000000E+00        0.000000E+00
    30214                   5             0.000000E+00   1.000000E+00   0.000000E+00        0.000000E+00
    30214                   6             0.000000E+00   0.000000E+00   1.000000E+00        0.000000E+00
    30215                   4             1.000000E+00   0.000000E+00   0.000000E+00        0.000000E+00
    30215                   5             0.000000E+00   1.000000E+00   0.000000E+00        0.000000E+00
    30215                   6             0.000000E+00   0.000000E+00   1.000000E+00        0.000000E+00
    30382                   4             1.000000E+00   0.000000E+00   0.000000E+00        0.000000E+00
    30382                   5             0.000000E+00   1.000000E+00   0.000000E+00        0.000000E+00
    30382                   6             0.000000E+00   0.000000E+00   1.000000E+00        0.000000E+00
    30385                   4             1.000000E+00   0.000000E+00   0.000000E+00        0.000000E+00
    30385                   5             0.000000E+00   1.000000E+00   0.000000E+00        0.000000E+00
    30385                   6             0.000000E+00   0.000000E+00   1.000000E+00        0.000000E+00
    30386                   4             1.000000E+00   0.000000E+00   0.000000E+00        0.000000E+00
    30386                   5             0.000000E+00   1.000000E+00   0.000000E+00        0.000000E+00
    30386                   6             0.000000E+00   0.000000E+00   1.000000E+00        0.000000E+00
    30387                   4             1.000000E+00   0.000000E+00   0.000000E+00        0.000000E+00
    30387                   5             0.000000E+00   1.000000E+00   0.000000E+00        0.000000E+00
    30387                   6             0.000000E+00   0.000000E+00   1.000000E+00        0.000000E+00
    30388                   4             1.000000E+00   0.000000E+00   0.000000E+00        0.000000E+00
    30388                   5             0.000000E+00   1.000000E+00   0.000000E+00        0.000000E+00
    30388                   6             0.000000E+00   0.000000E+00   1.000000E+00        0.000000E+00
    30389                   4             1.000000E+00   0.000000E+00   0.000000E+00        0.000000E+00
    30389                   5             0.000000E+00   1.000000E+00   0.000000E+00        0.000000E+00
    30389                   6             0.000000E+00   0.000000E+00   1.000000E+00        0.000000E+00
    30390                   4             1.000000E+00   0.000000E+00   0.000000E+00        0.000000E+00
    30390                   5             0.000000E+00   1.000000E+00   0.000000E+00        0.000000E+00
    30390                   6             0.000000E+00   0.000000E+00   1.000000E+00        0.000000E+00
 
 
 
 
 
 
                                                                        02/28/26  22:26  ADS NASTRAN VERSION 20.2.0.23   PAGE     86
 
 
 SUBCASE 1                                                           SUBCASE 1
 
                                      G R I D   P O I N T   S I N G U L A R I T Y   T A B L E
 
     GRID               STRONGEST                  DIRECTION OF SINGULARITY                  STIFFNESS
      ID                COMPONENT            T1/R1          T2/R2          T3/R3               RATIO
    30391                   4             1.000000E+00   0.000000E+00   0.000000E+00        0.000000E+00
    30391                   5             0.000000E+00   1.000000E+00   0.000000E+00        0.000000E+00
    30391                   6             0.000000E+00   0.000000E+00   1.000000E+00        0.000000E+00
    30415                   4             1.000000E+00   0.000000E+00   0.000000E+00        0.000000E+00
    30415                   5             0.000000E+00   1.000000E+00   0.000000E+00        0.000000E+00
    30415                   6             0.000000E+00   0.000000E+00   1.000000E+00        0.000000E+00
    30417                   4             1.000000E+00   0.000000E+00   0.000000E+00        0.000000E+00
    30417                   5             0.000000E+00   1.000000E+00   0.000000E+00        0.000000E+00
    30417                   6             0.000000E+00   0.000000E+00   1.000000E+00        0.000000E+00
    30422                   4             1.000000E+00   0.000000E+00   0.000000E+00        0.000000E+00
    30422                   5             0.000000E+00   1.000000E+00   0.000000E+00        0.000000E+00
    30422                   6             0.000000E+00   0.000000E+00   1.000000E+00        0.000000E+00
    30435                   4             1.000000E+00   0.000000E+00   0.000000E+00        0.000000E+00
    30435                   5             0.000000E+00   1.000000E+00   0.000000E+00        0.000000E+00
    30435                   6             0.000000E+00   0.000000E+00   1.000000E+00        0.000000E+00
    30438                   4             1.000000E+00   0.000000E+00   0.000000E+00        0.000000E+00
    30438                   5             0.000000E+00   1.000000E+00   0.000000E+00        0.000000E+00
    30438                   6             0.000000E+00   0.000000E+00   1.000000E+00        0.000000E+00
    30448                   4             1.000000E+00   0.000000E+00   0.000000E+00        0.000000E+00
    30448                   5             0.000000E+00   1.000000E+00   0.000000E+00        0.000000E+00
    30448                   6             0.000000E+00   0.000000E+00   1.000000E+00        0.000000E+00
    30450                   4             1.000000E+00   0.000000E+00   0.000000E+00        0.000000E+00
    30450                   5             0.000000E+00   1.000000E+00   0.000000E+00        0.000000E+00
    30450                   6             0.000000E+00   0.000000E+00   1.000000E+00        0.000000E+00
    30453                   4             1.000000E+00   0.000000E+00   0.000000E+00        0.000000E+00
    30453                   5             0.000000E+00   1.000000E+00   0.000000E+00        0.000000E+00
    30453                   6             0.000000E+00   0.000000E+00   1.000000E+00        0.000000E+00
    30474                   4             1.000000E+00   0.000000E+00   0.000000E+00        0.000000E+00
    30474                   5             0.000000E+00   1.000000E+00   0.000000E+00        0.000000E+00
    30474                   6             0.000000E+00   0.000000E+00   1.000000E+00        0.000000E+00
    30479                   4             1.000000E+00   0.000000E+00   0.000000E+00        0.000000E+00
    30479                   5             0.000000E+00   1.000000E+00   0.000000E+00        0.000000E+00
    30479                   6             0.000000E+00   0.000000E+00   1.000000E+00        0.000000E+00
    30481                   4             1.000000E+00   0.000000E+00   0.000000E+00        0.000000E+00
    30481                   5             0.000000E+00   1.000000E+00   0.000000E+00        0.000000E+00
    30481                   6             0.000000E+00   0.000000E+00   1.000000E+00        0.000000E+00
    30489                   4             1.000000E+00   0.000000E+00   0.000000E+00        0.000000E+00
    30489                   5             0.000000E+00   1.000000E+00   0.000000E+00        0.000000E+00
    30489                   6             0.000000E+00   0.000000E+00   1.000000E+00        0.000000E+00
    30533                   4             1.000000E+00   0.000000E+00   0.000000E+00        0.000000E+00
    30533                   5             0.000000E+00   1.000000E+00   0.000000E+00        0.000000E+00
    30533                   6             0.000000E+00   0.000000E+00   1.000000E+00        0.000000E+00
    30540                   4             1.000000E+00   0.000000E+00   0.000000E+00        0.000000E+00
    30540                   5             0.000000E+00   1.000000E+00   0.000000E+00        0.000000E+00
    30540                   6             0.000000E+00   0.000000E+00   1.000000E+00        0.000000E+00
    30576                   4             1.000000E+00   0.000000E+00   0.000000E+00        0.000000E+00
    30576                   5             0.000000E+00   1.000000E+00   0.000000E+00        0.000000E+00
    30576                   6             0.000000E+00   0.000000E+00   1.000000E+00        0.000000E+00
    30577                   4             1.000000E+00   0.000000E+00   0.000000E+00        0.000000E+00
    30577                   5             0.000000E+00   1.000000E+00   0.000000E+00        0.000000E+00
    30577                   6             0.000000E+00   0.000000E+00   1.000000E+00        0.000000E+00
    30578                   4             1.000000E+00   0.000000E+00   0.000000E+00        0.000000E+00
    30578                   5             0.000000E+00   1.000000E+00   0.000000E+00        0.000000E+00
    30578                   6             0.000000E+00   0.000000E+00   1.000000E+00        0.000000E+00
    30586                   4             1.000000E+00   0.000000E+00   0.000000E+00        0.000000E+00
    30586                   5             0.000000E+00   1.000000E+00   0.000000E+00        0.000000E+00
    30586                   6             0.000000E+00   0.000000E+00   1.000000E+00        0.000000E+00
    30589                   4             1.000000E+00   0.000000E+00   0.000000E+00        0.000000E+00
    30589                   5             0.000000E+00   1.000000E+00   0.000000E+00        0.000000E+00
    30589                   6             0.000000E+00   0.000000E+00   1.000000E+00        0.000000E+00
 
 
 
 
 
 
                                                                        02/28/26  22:26  ADS NASTRAN VERSION 20.2.0.23   PAGE     87
 
 
 SUBCASE 1                                                           SUBCASE 1
 
                                      G R I D   P O I N T   S I N G U L A R I T Y   T A B L E
 
     GRID               STRONGEST                  DIRECTION OF SINGULARITY                  STIFFNESS
      ID                COMPONENT            T1/R1          T2/R2          T3/R3               RATIO
    30604                   4             1.000000E+00   0.000000E+00   0.000000E+00        0.000000E+00
    30604                   5             0.000000E+00   1.000000E+00   0.000000E+00        0.000000E+00
    30604                   6             0.000000E+00   0.000000E+00   1.000000E+00        0.000000E+00
    30605                   4             1.000000E+00   0.000000E+00   0.000000E+00        0.000000E+00
    30605                   5             0.000000E+00   1.000000E+00   0.000000E+00        0.000000E+00
    30605                   6             0.000000E+00   0.000000E+00   1.000000E+00        0.000000E+00
    30634                   4             1.000000E+00   0.000000E+00   0.000000E+00        0.000000E+00
    30634                   5             0.000000E+00   1.000000E+00   0.000000E+00        0.000000E+00
    30634                   6             0.000000E+00   0.000000E+00   1.000000E+00        0.000000E+00
    30635                   4             1.000000E+00   0.000000E+00   0.000000E+00        0.000000E+00
    30635                   5             0.000000E+00   1.000000E+00   0.000000E+00        0.000000E+00
    30635                   6             0.000000E+00   0.000000E+00   1.000000E+00        0.000000E+00
    30651                   4             1.000000E+00   0.000000E+00   0.000000E+00        0.000000E+00
    30651                   5             0.000000E+00   1.000000E+00   0.000000E+00        0.000000E+00
    30651                   6             0.000000E+00   0.000000E+00   1.000000E+00        0.000000E+00
    30745                   4             1.000000E+00   0.000000E+00   0.000000E+00        0.000000E+00
    30745                   5             0.000000E+00   1.000000E+00   0.000000E+00        0.000000E+00
    30745                   6             0.000000E+00   0.000000E+00   1.000000E+00        0.000000E+00
    30790                   4             1.000000E+00   0.000000E+00   0.000000E+00        0.000000E+00
    30790                   5             0.000000E+00   1.000000E+00   0.000000E+00        0.000000E+00
    30790                   6             0.000000E+00   0.000000E+00   1.000000E+00        0.000000E+00
    30791                   4             1.000000E+00   0.000000E+00   0.000000E+00        0.000000E+00
    30791                   5             0.000000E+00   1.000000E+00   0.000000E+00        0.000000E+00
    30791                   6             0.000000E+00   0.000000E+00   1.000000E+00        0.000000E+00
    30792                   4             1.000000E+00   0.000000E+00   0.000000E+00        0.000000E+00
    30792                   5             0.000000E+00   1.000000E+00   0.000000E+00        0.000000E+00
    30792                   6             0.000000E+00   0.000000E+00   1.000000E+00        0.000000E+00
    30793                   4             1.000000E+00   0.000000E+00   0.000000E+00        0.000000E+00
    30793                   5             0.000000E+00   1.000000E+00   0.000000E+00        0.000000E+00
    30793                   6             0.000000E+00   0.000000E+00   1.000000E+00        0.000000E+00
    30799                   4             1.000000E+00   0.000000E+00   0.000000E+00        0.000000E+00
    30799                   5             0.000000E+00   1.000000E+00   0.000000E+00        0.000000E+00
    30799                   6             0.000000E+00   0.000000E+00   1.000000E+00        0.000000E+00
    30800                   4             1.000000E+00   0.000000E+00   0.000000E+00        0.000000E+00
    30800                   5             0.000000E+00   1.000000E+00   0.000000E+00        0.000000E+00
    30800                   6             0.000000E+00   0.000000E+00   1.000000E+00        0.000000E+00
    30803                   4             1.000000E+00   0.000000E+00   0.000000E+00        0.000000E+00
    30803                   5             0.000000E+00   1.000000E+00   0.000000E+00        0.000000E+00
    30803                   6             0.000000E+00   0.000000E+00   1.000000E+00        0.000000E+00
    30804                   4             1.000000E+00   0.000000E+00   0.000000E+00        0.000000E+00
    30804                   5             0.000000E+00   1.000000E+00   0.000000E+00        0.000000E+00
    30804                   6             0.000000E+00   0.000000E+00   1.000000E+00        0.000000E+00
    30807                   4             1.000000E+00   0.000000E+00   0.000000E+00        0.000000E+00
    30807                   5             0.000000E+00   1.000000E+00   0.000000E+00        0.000000E+00
    30807                   6             0.000000E+00   0.000000E+00   1.000000E+00        0.000000E+00
    30810                   4             1.000000E+00   0.000000E+00   0.000000E+00        0.000000E+00
    30810                   5             0.000000E+00   1.000000E+00   0.000000E+00        0.000000E+00
    30810                   6             0.000000E+00   0.000000E+00   1.000000E+00        0.000000E+00
    42999                   4             1.000000E+00   0.000000E+00   0.000000E+00        0.000000E+00
    42999                   5             0.000000E+00   1.000000E+00   0.000000E+00        0.000000E+00
    42999                   6             0.000000E+00   0.000000E+00   1.000000E+00        0.000000E+00
    43003                   4             1.000000E+00   0.000000E+00   0.000000E+00        0.000000E+00
    43003                   5             0.000000E+00   1.000000E+00   0.000000E+00        0.000000E+00
    43003                   6             0.000000E+00   0.000000E+00   1.000000E+00        0.000000E+00
    43008                   4             1.000000E+00   0.000000E+00   0.000000E+00        0.000000E+00
    43008                   5             0.000000E+00   1.000000E+00   0.000000E+00        0.000000E+00
    43008                   6             0.000000E+00   0.000000E+00   1.000000E+00        0.000000E+00
    43010                   4             1.000000E+00   0.000000E+00   0.000000E+00        0.000000E+00
    43010                   5             0.000000E+00   1.000000E+00   0.000000E+00        0.000000E+00
    43010                   6             0.000000E+00   0.000000E+00   1.000000E+00        0.000000E+00
 
 
 
 
 
 
                                                                        02/28/26  22:26  ADS NASTRAN VERSION 20.2.0.23   PAGE     88
 
 
 SUBCASE 1                                                           SUBCASE 1
 
                                      G R I D   P O I N T   S I N G U L A R I T Y   T A B L E
 
     GRID               STRONGEST                  DIRECTION OF SINGULARITY                  STIFFNESS
      ID                COMPONENT            T1/R1          T2/R2          T3/R3               RATIO
    43015                   4             1.000000E+00   0.000000E+00   0.000000E+00        0.000000E+00
    43015                   5             0.000000E+00   1.000000E+00   0.000000E+00        0.000000E+00
    43015                   6             0.000000E+00   0.000000E+00   1.000000E+00        0.000000E+00
    43024                   4             1.000000E+00   0.000000E+00   0.000000E+00        0.000000E+00
    43024                   5             0.000000E+00   1.000000E+00   0.000000E+00        0.000000E+00
    43024                   6             0.000000E+00   0.000000E+00   1.000000E+00        0.000000E+00
    43028                   4             1.000000E+00   0.000000E+00   0.000000E+00        0.000000E+00
    43028                   5             0.000000E+00   1.000000E+00   0.000000E+00        0.000000E+00
    43028                   6             0.000000E+00   0.000000E+00   1.000000E+00        0.000000E+00
    43029                   4             1.000000E+00   0.000000E+00   0.000000E+00        0.000000E+00
    43029                   5             0.000000E+00   1.000000E+00   0.000000E+00        0.000000E+00
    43029                   6             0.000000E+00   0.000000E+00   1.000000E+00        0.000000E+00
    43032                   4             1.000000E+00   0.000000E+00   0.000000E+00        0.000000E+00
    43032                   5             0.000000E+00   1.000000E+00   0.000000E+00        0.000000E+00
    43032                   6             0.000000E+00   0.000000E+00   1.000000E+00        0.000000E+00
    43036                   4             1.000000E+00   0.000000E+00   0.000000E+00        0.000000E+00
    43036                   5             0.000000E+00   1.000000E+00   0.000000E+00        0.000000E+00
    43036                   6             0.000000E+00   0.000000E+00   1.000000E+00        0.000000E+00
    43044                   4             1.000000E+00   0.000000E+00   0.000000E+00        0.000000E+00
    43044                   5             0.000000E+00   1.000000E+00   0.000000E+00        0.000000E+00
    43044                   6             0.000000E+00   0.000000E+00   1.000000E+00        0.000000E+00
    43060                   4             1.000000E+00   0.000000E+00   0.000000E+00        0.000000E+00
    43060                   5             0.000000E+00   1.000000E+00   0.000000E+00        0.000000E+00
    43060                   6             0.000000E+00   0.000000E+00   1.000000E+00        0.000000E+00
    43061                   4             1.000000E+00   0.000000E+00   0.000000E+00        0.000000E+00
    43061                   5             0.000000E+00   1.000000E+00   0.000000E+00        0.000000E+00
    43061                   6             0.000000E+00   0.000000E+00   1.000000E+00        0.000000E+00
    43063                   4             1.000000E+00   0.000000E+00   0.000000E+00        0.000000E+00
    43063                   5             0.000000E+00   1.000000E+00   0.000000E+00        0.000000E+00
    43063                   6             0.000000E+00   0.000000E+00   1.000000E+00        0.000000E+00
    43064                   4             1.000000E+00   0.000000E+00   0.000000E+00        0.000000E+00
    43064                   5             0.000000E+00   1.000000E+00   0.000000E+00        0.000000E+00
    43064                   6             0.000000E+00   0.000000E+00   1.000000E+00        0.000000E+00
    43068                   4             1.000000E+00   0.000000E+00   0.000000E+00        0.000000E+00
    43068                   5             0.000000E+00   1.000000E+00   0.000000E+00        0.000000E+00
    43068                   6             0.000000E+00   0.000000E+00   1.000000E+00        0.000000E+00
    43085                   4             1.000000E+00   0.000000E+00   0.000000E+00        0.000000E+00
    43085                   5             0.000000E+00   1.000000E+00   0.000000E+00        0.000000E+00
    43085                   6             0.000000E+00   0.000000E+00   1.000000E+00        0.000000E+00
    43087                   4             1.000000E+00   0.000000E+00   0.000000E+00        0.000000E+00
    43087                   5             0.000000E+00   1.000000E+00   0.000000E+00        0.000000E+00
    43087                   6             0.000000E+00   0.000000E+00   1.000000E+00        0.000000E+00
    43088                   4             1.000000E+00   0.000000E+00   0.000000E+00        0.000000E+00
    43088                   5             0.000000E+00   1.000000E+00   0.000000E+00        0.000000E+00
    43088                   6             0.000000E+00   0.000000E+00   1.000000E+00        0.000000E+00
    43099                   4             1.000000E+00   0.000000E+00   0.000000E+00        0.000000E+00
    43099                   5             0.000000E+00   1.000000E+00   0.000000E+00        0.000000E+00
    43099                   6             0.000000E+00   0.000000E+00   1.000000E+00        0.000000E+00
    43105                   4             1.000000E+00   0.000000E+00   0.000000E+00        0.000000E+00
    43105                   5             0.000000E+00   1.000000E+00   0.000000E+00        0.000000E+00
    43105                   6             0.000000E+00   0.000000E+00   1.000000E+00        0.000000E+00
    43116                   4             1.000000E+00   0.000000E+00   0.000000E+00        0.000000E+00
    43116                   5             0.000000E+00   1.000000E+00   0.000000E+00        0.000000E+00
    43116                   6             0.000000E+00   0.000000E+00   1.000000E+00        0.000000E+00
    43124                   4             1.000000E+00   0.000000E+00   0.000000E+00        0.000000E+00
    43124                   5             0.000000E+00   1.000000E+00   0.000000E+00        0.000000E+00
    43124                   6             0.000000E+00   0.000000E+00   1.000000E+00        0.000000E+00
    43129                   4             1.000000E+00   0.000000E+00   0.000000E+00        0.000000E+00
    43129                   5             0.000000E+00   1.000000E+00   0.000000E+00        0.000000E+00
    43129                   6             0.000000E+00   0.000000E+00   1.000000E+00        0.000000E+00
 
 
 
 
 
 
                                                                        02/28/26  22:26  ADS NASTRAN VERSION 20.2.0.23   PAGE     89
 
 
 SUBCASE 1                                                           SUBCASE 1
 
                                      G R I D   P O I N T   S I N G U L A R I T Y   T A B L E
 
     GRID               STRONGEST                  DIRECTION OF SINGULARITY                  STIFFNESS
      ID                COMPONENT            T1/R1          T2/R2          T3/R3               RATIO
    43143                   4             1.000000E+00   0.000000E+00   0.000000E+00        0.000000E+00
    43143                   5             0.000000E+00   1.000000E+00   0.000000E+00        0.000000E+00
    43143                   6             0.000000E+00   0.000000E+00   1.000000E+00        0.000000E+00
    43145                   4             1.000000E+00   0.000000E+00   0.000000E+00        0.000000E+00
    43145                   5             0.000000E+00   1.000000E+00   0.000000E+00        0.000000E+00
    43145                   6             0.000000E+00   0.000000E+00   1.000000E+00        0.000000E+00
    43146                   4             1.000000E+00   0.000000E+00   0.000000E+00        0.000000E+00
    43146                   5             0.000000E+00   1.000000E+00   0.000000E+00        0.000000E+00
    43146                   6             0.000000E+00   0.000000E+00   1.000000E+00        0.000000E+00
    43188                   4             1.000000E+00   0.000000E+00   0.000000E+00        0.000000E+00
    43188                   5             0.000000E+00   1.000000E+00   0.000000E+00        0.000000E+00
    43188                   6             0.000000E+00   0.000000E+00   1.000000E+00        0.000000E+00
    43205                   4             1.000000E+00   0.000000E+00   0.000000E+00        0.000000E+00
    43205                   5             0.000000E+00   1.000000E+00   0.000000E+00        0.000000E+00
    43205                   6             0.000000E+00   0.000000E+00   1.000000E+00        0.000000E+00
    43213                   4             1.000000E+00   0.000000E+00   0.000000E+00        0.000000E+00
    43213                   5             0.000000E+00   1.000000E+00   0.000000E+00        0.000000E+00
    43213                   6             0.000000E+00   0.000000E+00   1.000000E+00        0.000000E+00
    43214                   4             1.000000E+00   0.000000E+00   0.000000E+00        0.000000E+00
    43214                   5             0.000000E+00   1.000000E+00   0.000000E+00        0.000000E+00
    43214                   6             0.000000E+00   0.000000E+00   1.000000E+00        0.000000E+00
    43221                   4             1.000000E+00   0.000000E+00   0.000000E+00        0.000000E+00
    43221                   5             0.000000E+00   1.000000E+00   0.000000E+00        0.000000E+00
    43221                   6             0.000000E+00   0.000000E+00   1.000000E+00        0.000000E+00
    43222                   4             1.000000E+00   0.000000E+00   0.000000E+00        0.000000E+00
    43222                   5             0.000000E+00   1.000000E+00   0.000000E+00        0.000000E+00
    43222                   6             0.000000E+00   0.000000E+00   1.000000E+00        0.000000E+00
    43238                   4             1.000000E+00   0.000000E+00   0.000000E+00        0.000000E+00
    43238                   5             0.000000E+00   1.000000E+00   0.000000E+00        0.000000E+00
    43238                   6             0.000000E+00   0.000000E+00   1.000000E+00        0.000000E+00
    43241                   4             1.000000E+00   0.000000E+00   0.000000E+00        0.000000E+00
    43241                   5             0.000000E+00   1.000000E+00   0.000000E+00        0.000000E+00
    43241                   6             0.000000E+00   0.000000E+00   1.000000E+00        0.000000E+00
    43242                   4             1.000000E+00   0.000000E+00   0.000000E+00        0.000000E+00
    43242                   5             0.000000E+00   1.000000E+00   0.000000E+00        0.000000E+00
    43242                   6             0.000000E+00   0.000000E+00   1.000000E+00        0.000000E+00
    43246                   4             1.000000E+00   0.000000E+00   0.000000E+00        0.000000E+00
    43246                   5             0.000000E+00   1.000000E+00   0.000000E+00        0.000000E+00
    43246                   6             0.000000E+00   0.000000E+00   1.000000E+00        0.000000E+00
    43247                   4             1.000000E+00   0.000000E+00   0.000000E+00        0.000000E+00
    43247                   5             0.000000E+00   1.000000E+00   0.000000E+00        0.000000E+00
    43247                   6             0.000000E+00   0.000000E+00   1.000000E+00        0.000000E+00
    43248                   4             1.000000E+00   0.000000E+00   0.000000E+00        0.000000E+00
    43248                   5             0.000000E+00   1.000000E+00   0.000000E+00        0.000000E+00
    43248                   6             0.000000E+00   0.000000E+00   1.000000E+00        0.000000E+00
    43249                   4             1.000000E+00   0.000000E+00   0.000000E+00        0.000000E+00
    43249                   5             0.000000E+00   1.000000E+00   0.000000E+00        0.000000E+00
    43249                   6             0.000000E+00   0.000000E+00   1.000000E+00        0.000000E+00
    43250                   4             1.000000E+00   0.000000E+00   0.000000E+00        0.000000E+00
    43250                   5             0.000000E+00   1.000000E+00   0.000000E+00        0.000000E+00
    43250                   6             0.000000E+00   0.000000E+00   1.000000E+00        0.000000E+00
    45113                   4             1.000000E+00   0.000000E+00   0.000000E+00        0.000000E+00
    45113                   5             0.000000E+00   1.000000E+00   0.000000E+00        0.000000E+00
    45113                   6             0.000000E+00   0.000000E+00   1.000000E+00        0.000000E+00
    45138                   4             1.000000E+00   0.000000E+00   0.000000E+00        0.000000E+00
    45138                   5             0.000000E+00   1.000000E+00   0.000000E+00        0.000000E+00
    45138                   6             0.000000E+00   0.000000E+00   1.000000E+00        0.000000E+00
    45178                   4             1.000000E+00   0.000000E+00   0.000000E+00        0.000000E+00
    45178                   5             0.000000E+00   1.000000E+00   0.000000E+00        0.000000E+00
    45178                   6             0.000000E+00   0.000000E+00   1.000000E+00        0.000000E+00
 
 
 
 
 
 
                                                                        02/28/26  22:26  ADS NASTRAN VERSION 20.2.0.23   PAGE     90
 
 
 SUBCASE 1                                                           SUBCASE 1
 
                                      G R I D   P O I N T   S I N G U L A R I T Y   T A B L E
 
     GRID               STRONGEST                  DIRECTION OF SINGULARITY                  STIFFNESS
      ID                COMPONENT            T1/R1          T2/R2          T3/R3               RATIO
    45272                   4             1.000000E+00   0.000000E+00   0.000000E+00        0.000000E+00
    45272                   5             0.000000E+00   1.000000E+00   0.000000E+00        0.000000E+00
    45272                   6             0.000000E+00   0.000000E+00   1.000000E+00        0.000000E+00
    45305                   4             1.000000E+00   0.000000E+00   0.000000E+00        0.000000E+00
    45305                   5             0.000000E+00   1.000000E+00   0.000000E+00        0.000000E+00
    45305                   6             0.000000E+00   0.000000E+00   1.000000E+00        0.000000E+00
    45311                   4             1.000000E+00   0.000000E+00   0.000000E+00        0.000000E+00
    45311                   5             0.000000E+00   1.000000E+00   0.000000E+00        0.000000E+00
    45311                   6             0.000000E+00   0.000000E+00   1.000000E+00        0.000000E+00
    45419                   4             1.000000E+00   0.000000E+00   0.000000E+00        0.000000E+00
    45419                   5             0.000000E+00   1.000000E+00   0.000000E+00        0.000000E+00
    45419                   6             0.000000E+00   0.000000E+00   1.000000E+00        0.000000E+00
    45420                   4             1.000000E+00   0.000000E+00   0.000000E+00        0.000000E+00
    45420                   5             0.000000E+00   1.000000E+00   0.000000E+00        0.000000E+00
    45420                   6             0.000000E+00   0.000000E+00   1.000000E+00        0.000000E+00
    45463                   4             1.000000E+00   0.000000E+00   0.000000E+00        0.000000E+00
    45463                   5             0.000000E+00   1.000000E+00   0.000000E+00        0.000000E+00
    45463                   6             0.000000E+00   0.000000E+00   1.000000E+00        0.000000E+00
    45464                   4             1.000000E+00   0.000000E+00   0.000000E+00        0.000000E+00
    45464                   5             0.000000E+00   1.000000E+00   0.000000E+00        0.000000E+00
    45464                   6             0.000000E+00   0.000000E+00   1.000000E+00        0.000000E+00
    45465                   4             1.000000E+00   0.000000E+00   0.000000E+00        0.000000E+00
    45465                   5             0.000000E+00   1.000000E+00   0.000000E+00        0.000000E+00
    45465                   6             0.000000E+00   0.000000E+00   1.000000E+00        0.000000E+00
    45476                   4             1.000000E+00   0.000000E+00   0.000000E+00        0.000000E+00
    45476                   5             0.000000E+00   1.000000E+00   0.000000E+00        0.000000E+00
    45476                   6             0.000000E+00   0.000000E+00   1.000000E+00        0.000000E+00
    45481                   4             1.000000E+00   0.000000E+00   0.000000E+00        0.000000E+00
    45481                   5             0.000000E+00   1.000000E+00   0.000000E+00        0.000000E+00
    45481                   6             0.000000E+00   0.000000E+00   1.000000E+00        0.000000E+00
    45500                   4             1.000000E+00   0.000000E+00   0.000000E+00        0.000000E+00
    45500                   5             0.000000E+00   1.000000E+00   0.000000E+00        0.000000E+00
    45500                   6             0.000000E+00   0.000000E+00   1.000000E+00        0.000000E+00
    45501                   4             1.000000E+00   0.000000E+00   0.000000E+00        0.000000E+00
    45501                   5             0.000000E+00   1.000000E+00   0.000000E+00        0.000000E+00
    45501                   6             0.000000E+00   0.000000E+00   1.000000E+00        0.000000E+00
    45598                   4             1.000000E+00   0.000000E+00   0.000000E+00        0.000000E+00
    45598                   5             0.000000E+00   1.000000E+00   0.000000E+00        0.000000E+00
    45598                   6             0.000000E+00   0.000000E+00   1.000000E+00        0.000000E+00
    45612                   4             1.000000E+00   0.000000E+00   0.000000E+00        0.000000E+00
    45612                   5             0.000000E+00   1.000000E+00   0.000000E+00        0.000000E+00
    45612                   6             0.000000E+00   0.000000E+00   1.000000E+00        0.000000E+00
    45613                   4             1.000000E+00   0.000000E+00   0.000000E+00        0.000000E+00
    45613                   5             0.000000E+00   1.000000E+00   0.000000E+00        0.000000E+00
    45613                   6             0.000000E+00   0.000000E+00   1.000000E+00        0.000000E+00
    45622                   4             1.000000E+00   0.000000E+00   0.000000E+00        0.000000E+00
    45622                   5             0.000000E+00   1.000000E+00   0.000000E+00        0.000000E+00
    45622                   6             0.000000E+00   0.000000E+00   1.000000E+00        0.000000E+00
    45681                   4             1.000000E+00   0.000000E+00   0.000000E+00        0.000000E+00
    45681                   5             0.000000E+00   1.000000E+00   0.000000E+00        0.000000E+00
    45681                   6             0.000000E+00   0.000000E+00   1.000000E+00        0.000000E+00
    45683                   4             1.000000E+00   0.000000E+00   0.000000E+00        0.000000E+00
    45683                   5             0.000000E+00   1.000000E+00   0.000000E+00        0.000000E+00
    45683                   6             0.000000E+00   0.000000E+00   1.000000E+00        0.000000E+00
    45685                   4             1.000000E+00   0.000000E+00   0.000000E+00        0.000000E+00
    45685                   5             0.000000E+00   1.000000E+00   0.000000E+00        0.000000E+00
    45685                   6             0.000000E+00   0.000000E+00   1.000000E+00        0.000000E+00
    45699                   4             1.000000E+00   0.000000E+00   0.000000E+00        0.000000E+00
    45699                   5             0.000000E+00   1.000000E+00   0.000000E+00        0.000000E+00
    45699                   6             0.000000E+00   0.000000E+00   1.000000E+00        0.000000E+00
 
 
 
 
 
 
                                                                        02/28/26  22:26  ADS NASTRAN VERSION 20.2.0.23   PAGE     91
 
 
 SUBCASE 1                                                           SUBCASE 1
 
                                      G R I D   P O I N T   S I N G U L A R I T Y   T A B L E
 
     GRID               STRONGEST                  DIRECTION OF SINGULARITY                  STIFFNESS
      ID                COMPONENT            T1/R1          T2/R2          T3/R3               RATIO
    45745                   4             1.000000E+00   0.000000E+00   0.000000E+00        0.000000E+00
    45745                   5             0.000000E+00   1.000000E+00   0.000000E+00        0.000000E+00
    45745                   6             0.000000E+00   0.000000E+00   1.000000E+00        0.000000E+00
    45757                   4             1.000000E+00   0.000000E+00   0.000000E+00        0.000000E+00
    45757                   5             0.000000E+00   1.000000E+00   0.000000E+00        0.000000E+00
    45757                   6             0.000000E+00   0.000000E+00   1.000000E+00        0.000000E+00
    45758                   4             1.000000E+00   0.000000E+00   0.000000E+00        0.000000E+00
    45758                   5             0.000000E+00   1.000000E+00   0.000000E+00        0.000000E+00
    45758                   6             0.000000E+00   0.000000E+00   1.000000E+00        0.000000E+00
    45779                   4             1.000000E+00   0.000000E+00   0.000000E+00        0.000000E+00
    45779                   5             0.000000E+00   1.000000E+00   0.000000E+00        0.000000E+00
    45779                   6             0.000000E+00   0.000000E+00   1.000000E+00        0.000000E+00
    45793                   4             1.000000E+00   0.000000E+00   0.000000E+00        0.000000E+00
    45793                   5             0.000000E+00   1.000000E+00   0.000000E+00        0.000000E+00
    45793                   6             0.000000E+00   0.000000E+00   1.000000E+00        0.000000E+00
    45795                   4             1.000000E+00   0.000000E+00   0.000000E+00        0.000000E+00
    45795                   5             0.000000E+00   1.000000E+00   0.000000E+00        0.000000E+00
    45795                   6             0.000000E+00   0.000000E+00   1.000000E+00        0.000000E+00
    45796                   4             1.000000E+00   0.000000E+00   0.000000E+00        0.000000E+00
    45796                   5             0.000000E+00   1.000000E+00   0.000000E+00        0.000000E+00
    45796                   6             0.000000E+00   0.000000E+00   1.000000E+00        0.000000E+00
    45798                   4             1.000000E+00   0.000000E+00   0.000000E+00        0.000000E+00
    45798                   5             0.000000E+00   1.000000E+00   0.000000E+00        0.000000E+00
    45798                   6             0.000000E+00   0.000000E+00   1.000000E+00        0.000000E+00
    45799                   4             1.000000E+00   0.000000E+00   0.000000E+00        0.000000E+00
    45799                   5             0.000000E+00   1.000000E+00   0.000000E+00        0.000000E+00
    45799                   6             0.000000E+00   0.000000E+00   1.000000E+00        0.000000E+00
    45800                   4             1.000000E+00   0.000000E+00   0.000000E+00        0.000000E+00
    45800                   5             0.000000E+00   1.000000E+00   0.000000E+00        0.000000E+00
    45800                   6             0.000000E+00   0.000000E+00   1.000000E+00        0.000000E+00
    45909                   4             1.000000E+00   0.000000E+00   0.000000E+00        0.000000E+00
    45909                   5             0.000000E+00   1.000000E+00   0.000000E+00        0.000000E+00
    45909                   6             0.000000E+00   0.000000E+00   1.000000E+00        0.000000E+00
    45910                   4             1.000000E+00   0.000000E+00   0.000000E+00        0.000000E+00
    45910                   5             0.000000E+00   1.000000E+00   0.000000E+00        0.000000E+00
    45910                   6             0.000000E+00   0.000000E+00   1.000000E+00        0.000000E+00
    45912                   4             1.000000E+00   0.000000E+00   0.000000E+00        0.000000E+00
    45912                   5             0.000000E+00   1.000000E+00   0.000000E+00        0.000000E+00
    45912                   6             0.000000E+00   0.000000E+00   1.000000E+00        0.000000E+00
    45913                   4             1.000000E+00   0.000000E+00   0.000000E+00        0.000000E+00
    45913                   5             0.000000E+00   1.000000E+00   0.000000E+00        0.000000E+00
    45913                   6             0.000000E+00   0.000000E+00   1.000000E+00        0.000000E+00
    45914                   4             1.000000E+00   0.000000E+00   0.000000E+00        0.000000E+00
    45914                   5             0.000000E+00   1.000000E+00   0.000000E+00        0.000000E+00
    45914                   6             0.000000E+00   0.000000E+00   1.000000E+00        0.000000E+00
    45915                   4             1.000000E+00   0.000000E+00   0.000000E+00        0.000000E+00
    45915                   5             0.000000E+00   1.000000E+00   0.000000E+00        0.000000E+00
    45915                   6             0.000000E+00   0.000000E+00   1.000000E+00        0.000000E+00
    45916                   4             1.000000E+00   0.000000E+00   0.000000E+00        0.000000E+00
    45916                   5             0.000000E+00   1.000000E+00   0.000000E+00        0.000000E+00
    45916                   6             0.000000E+00   0.000000E+00   1.000000E+00        0.000000E+00
    45929                   4             1.000000E+00   0.000000E+00   0.000000E+00        0.000000E+00
    45929                   5             0.000000E+00   1.000000E+00   0.000000E+00        0.000000E+00
    45929                   6             0.000000E+00   0.000000E+00   1.000000E+00        0.000000E+00
    45930                   4             1.000000E+00   0.000000E+00   0.000000E+00        0.000000E+00
    45930                   5             0.000000E+00   1.000000E+00   0.000000E+00        0.000000E+00
    45930                   6             0.000000E+00   0.000000E+00   1.000000E+00        0.000000E+00
    46424                   4             1.000000E+00   0.000000E+00   0.000000E+00        0.000000E+00
    46424                   5             0.000000E+00   1.000000E+00   0.000000E+00        0.000000E+00
    46424                   6             0.000000E+00   0.000000E+00   1.000000E+00        0.000000E+00
 
 
 
 
 
 
                                                                        02/28/26  22:26  ADS NASTRAN VERSION 20.2.0.23   PAGE     92
 
 
 SUBCASE 1                                                           SUBCASE 1
 
                                      G R I D   P O I N T   S I N G U L A R I T Y   T A B L E
 
     GRID               STRONGEST                  DIRECTION OF SINGULARITY                  STIFFNESS
      ID                COMPONENT            T1/R1          T2/R2          T3/R3               RATIO
    46425                   4             1.000000E+00   0.000000E+00   0.000000E+00        0.000000E+00
    46425                   5             0.000000E+00   1.000000E+00   0.000000E+00        0.000000E+00
    46425                   6             0.000000E+00   0.000000E+00   1.000000E+00        0.000000E+00
    46426                   4             1.000000E+00   0.000000E+00   0.000000E+00        0.000000E+00
    46426                   5             0.000000E+00   1.000000E+00   0.000000E+00        0.000000E+00
    46426                   6             0.000000E+00   0.000000E+00   1.000000E+00        0.000000E+00
    46427                   4             1.000000E+00   0.000000E+00   0.000000E+00        0.000000E+00
    46427                   5             0.000000E+00   1.000000E+00   0.000000E+00        0.000000E+00
    46427                   6             0.000000E+00   0.000000E+00   1.000000E+00        0.000000E+00
    46428                   4             1.000000E+00   0.000000E+00   0.000000E+00        0.000000E+00
    46428                   5             0.000000E+00   1.000000E+00   0.000000E+00        0.000000E+00
    46428                   6             0.000000E+00   0.000000E+00   1.000000E+00        0.000000E+00
    46429                   4             1.000000E+00   0.000000E+00   0.000000E+00        0.000000E+00
    46429                   5             0.000000E+00   1.000000E+00   0.000000E+00        0.000000E+00
    46429                   6             0.000000E+00   0.000000E+00   1.000000E+00        0.000000E+00
    46430                   4             1.000000E+00   0.000000E+00   0.000000E+00        0.000000E+00
    46430                   5             0.000000E+00   1.000000E+00   0.000000E+00        0.000000E+00
    46430                   6             0.000000E+00   0.000000E+00   1.000000E+00        0.000000E+00
    46479                   4             1.000000E+00   0.000000E+00   0.000000E+00        0.000000E+00
    46479                   5             0.000000E+00   1.000000E+00   0.000000E+00        0.000000E+00
    46479                   6             0.000000E+00   0.000000E+00   1.000000E+00        0.000000E+00
    46480                   4             1.000000E+00   0.000000E+00   0.000000E+00        0.000000E+00
    46480                   5             0.000000E+00   1.000000E+00   0.000000E+00        0.000000E+00
    46480                   6             0.000000E+00   0.000000E+00   1.000000E+00        0.000000E+00
    46481                   4             1.000000E+00   0.000000E+00   0.000000E+00        0.000000E+00
    46481                   5             0.000000E+00   1.000000E+00   0.000000E+00        0.000000E+00
    46481                   6             0.000000E+00   0.000000E+00   1.000000E+00        0.000000E+00
    46483                   4             1.000000E+00   0.000000E+00   0.000000E+00        0.000000E+00
    46483                   5             0.000000E+00   1.000000E+00   0.000000E+00        0.000000E+00
    46483                   6             0.000000E+00   0.000000E+00   1.000000E+00        0.000000E+00
    46484                   4             1.000000E+00   0.000000E+00   0.000000E+00        0.000000E+00
    46484                   5             0.000000E+00   1.000000E+00   0.000000E+00        0.000000E+00
    46484                   6             0.000000E+00   0.000000E+00   1.000000E+00        0.000000E+00
    46485                   4             1.000000E+00   0.000000E+00   0.000000E+00        0.000000E+00
    46485                   5             0.000000E+00   1.000000E+00   0.000000E+00        0.000000E+00
    46485                   6             0.000000E+00   0.000000E+00   1.000000E+00        0.000000E+00
    46486                   4             1.000000E+00   0.000000E+00   0.000000E+00        0.000000E+00
    46486                   5             0.000000E+00   1.000000E+00   0.000000E+00        0.000000E+00
    46486                   6             0.000000E+00   0.000000E+00   1.000000E+00        0.000000E+00
    46499                   4             1.000000E+00   0.000000E+00   0.000000E+00        0.000000E+00
    46499                   5             0.000000E+00   1.000000E+00   0.000000E+00        0.000000E+00
    46499                   6             0.000000E+00   0.000000E+00   1.000000E+00        0.000000E+00
    46500                   4             1.000000E+00   0.000000E+00   0.000000E+00        0.000000E+00
    46500                   5             0.000000E+00   1.000000E+00   0.000000E+00        0.000000E+00
    46500                   6             0.000000E+00   0.000000E+00   1.000000E+00        0.000000E+00
    46537                   4             1.000000E+00   0.000000E+00   0.000000E+00        0.000000E+00
    46537                   5             0.000000E+00   1.000000E+00   0.000000E+00        0.000000E+00
    46537                   6             0.000000E+00   0.000000E+00   1.000000E+00        0.000000E+00
    46538                   4             1.000000E+00   0.000000E+00   0.000000E+00        0.000000E+00
    46538                   5             0.000000E+00   1.000000E+00   0.000000E+00        0.000000E+00
    46538                   6             0.000000E+00   0.000000E+00   1.000000E+00        0.000000E+00
    46539                   4             1.000000E+00   0.000000E+00   0.000000E+00        0.000000E+00
    46539                   5             0.000000E+00   1.000000E+00   0.000000E+00        0.000000E+00
    46539                   6             0.000000E+00   0.000000E+00   1.000000E+00        0.000000E+00
    46540                   4             1.000000E+00   0.000000E+00   0.000000E+00        0.000000E+00
    46540                   5             0.000000E+00   1.000000E+00   0.000000E+00        0.000000E+00
    46540                   6             0.000000E+00   0.000000E+00   1.000000E+00        0.000000E+00
    46541                   4             1.000000E+00   0.000000E+00   0.000000E+00        0.000000E+00
    46541                   5             0.000000E+00   1.000000E+00   0.000000E+00        0.000000E+00
    46541                   6             0.000000E+00   0.000000E+00   1.000000E+00        0.000000E+00
 
 
 
 
 
 
                                                                        02/28/26  22:26  ADS NASTRAN VERSION 20.2.0.23   PAGE     93
 
 
 SUBCASE 1                                                           SUBCASE 1
 
                                      G R I D   P O I N T   S I N G U L A R I T Y   T A B L E
 
     GRID               STRONGEST                  DIRECTION OF SINGULARITY                  STIFFNESS
      ID                COMPONENT            T1/R1          T2/R2          T3/R3               RATIO
    46542                   4             1.000000E+00   0.000000E+00   0.000000E+00        0.000000E+00
    46542                   5             0.000000E+00   1.000000E+00   0.000000E+00        0.000000E+00
    46542                   6             0.000000E+00   0.000000E+00   1.000000E+00        0.000000E+00
    46677                   4             1.000000E+00   0.000000E+00   0.000000E+00        0.000000E+00
    46677                   5             0.000000E+00   1.000000E+00   0.000000E+00        0.000000E+00
    46677                   6             0.000000E+00   0.000000E+00   1.000000E+00        0.000000E+00
    46678                   4             1.000000E+00   0.000000E+00   0.000000E+00        0.000000E+00
    46678                   5             0.000000E+00   1.000000E+00   0.000000E+00        0.000000E+00
    46678                   6             0.000000E+00   0.000000E+00   1.000000E+00        0.000000E+00
    46679                   4             1.000000E+00   0.000000E+00   0.000000E+00        0.000000E+00
    46679                   5             0.000000E+00   1.000000E+00   0.000000E+00        0.000000E+00
    46679                   6             0.000000E+00   0.000000E+00   1.000000E+00        0.000000E+00
    46684                   4             1.000000E+00   0.000000E+00   0.000000E+00        0.000000E+00
    46684                   5             0.000000E+00   1.000000E+00   0.000000E+00        0.000000E+00
    46684                   6             0.000000E+00   0.000000E+00   1.000000E+00        0.000000E+00
    46685                   4             1.000000E+00   0.000000E+00   0.000000E+00        0.000000E+00
    46685                   5             0.000000E+00   1.000000E+00   0.000000E+00        0.000000E+00
    46685                   6             0.000000E+00   0.000000E+00   1.000000E+00        0.000000E+00
    46688                   4             1.000000E+00   0.000000E+00   0.000000E+00        0.000000E+00
    46688                   5             0.000000E+00   1.000000E+00   0.000000E+00        0.000000E+00
    46688                   6             0.000000E+00   0.000000E+00   1.000000E+00        0.000000E+00
    46690                   4             1.000000E+00   0.000000E+00   0.000000E+00        0.000000E+00
    46690                   5             0.000000E+00   1.000000E+00   0.000000E+00        0.000000E+00
    46690                   6             0.000000E+00   0.000000E+00   1.000000E+00        0.000000E+00
    46691                   4             1.000000E+00   0.000000E+00   0.000000E+00        0.000000E+00
    46691                   5             0.000000E+00   1.000000E+00   0.000000E+00        0.000000E+00
    46691                   6             0.000000E+00   0.000000E+00   1.000000E+00        0.000000E+00
    46693                   4             1.000000E+00   0.000000E+00   0.000000E+00        0.000000E+00
    46693                   5             0.000000E+00   1.000000E+00   0.000000E+00        0.000000E+00
    46693                   6             0.000000E+00   0.000000E+00   1.000000E+00        0.000000E+00
    46694                   4             1.000000E+00   0.000000E+00   0.000000E+00        0.000000E+00
    46694                   5             0.000000E+00   1.000000E+00   0.000000E+00        0.000000E+00
    46694                   6             0.000000E+00   0.000000E+00   1.000000E+00        0.000000E+00
    46695                   4             1.000000E+00   0.000000E+00   0.000000E+00        0.000000E+00
    46695                   5             0.000000E+00   1.000000E+00   0.000000E+00        0.000000E+00
    46695                   6             0.000000E+00   0.000000E+00   1.000000E+00        0.000000E+00
    46696                   4             1.000000E+00   0.000000E+00   0.000000E+00        0.000000E+00
    46696                   5             0.000000E+00   1.000000E+00   0.000000E+00        0.000000E+00
    46696                   6             0.000000E+00   0.000000E+00   1.000000E+00        0.000000E+00
    46764                   4             1.000000E+00   0.000000E+00   0.000000E+00        0.000000E+00
    46764                   5             0.000000E+00   1.000000E+00   0.000000E+00        0.000000E+00
    46764                   6             0.000000E+00   0.000000E+00   1.000000E+00        0.000000E+00
    46765                   4             1.000000E+00   0.000000E+00   0.000000E+00        0.000000E+00
    46765                   5             0.000000E+00   1.000000E+00   0.000000E+00        0.000000E+00
    46765                   6             0.000000E+00   0.000000E+00   1.000000E+00        0.000000E+00
    46844                   4             1.000000E+00   0.000000E+00   0.000000E+00        0.000000E+00
    46844                   5             0.000000E+00   1.000000E+00   0.000000E+00        0.000000E+00
    46844                   6             0.000000E+00   0.000000E+00   1.000000E+00        0.000000E+00
    46847                   4             1.000000E+00   0.000000E+00   0.000000E+00        0.000000E+00
    46847                   5             0.000000E+00   1.000000E+00   0.000000E+00        0.000000E+00
    46847                   6             0.000000E+00   0.000000E+00   1.000000E+00        0.000000E+00
    46849                   4             1.000000E+00   0.000000E+00   0.000000E+00        0.000000E+00
    46849                   5             0.000000E+00   1.000000E+00   0.000000E+00        0.000000E+00
    46849                   6             0.000000E+00   0.000000E+00   1.000000E+00        0.000000E+00
    46855                   4             1.000000E+00   0.000000E+00   0.000000E+00        0.000000E+00
    46855                   5             0.000000E+00   1.000000E+00   0.000000E+00        0.000000E+00
    46855                   6             0.000000E+00   0.000000E+00   1.000000E+00        0.000000E+00
    46860                   4             1.000000E+00   0.000000E+00   0.000000E+00        0.000000E+00
    46860                   5             0.000000E+00   1.000000E+00   0.000000E+00        0.000000E+00
    46860                   6             0.000000E+00   0.000000E+00   1.000000E+00        0.000000E+00
 
 
 
 
 
 
                                                                        02/28/26  22:26  ADS NASTRAN VERSION 20.2.0.23   PAGE     94
 
 
 SUBCASE 1                                                           SUBCASE 1
 
                                      G R I D   P O I N T   S I N G U L A R I T Y   T A B L E
 
     GRID               STRONGEST                  DIRECTION OF SINGULARITY                  STIFFNESS
      ID                COMPONENT            T1/R1          T2/R2          T3/R3               RATIO
    46861                   4             1.000000E+00   0.000000E+00   0.000000E+00        0.000000E+00
    46861                   5             0.000000E+00   1.000000E+00   0.000000E+00        0.000000E+00
    46861                   6             0.000000E+00   0.000000E+00   1.000000E+00        0.000000E+00
    46866                   4             1.000000E+00   0.000000E+00   0.000000E+00        0.000000E+00
    46866                   5             0.000000E+00   1.000000E+00   0.000000E+00        0.000000E+00
    46866                   6             0.000000E+00   0.000000E+00   1.000000E+00        0.000000E+00
    46951                   4             1.000000E+00   0.000000E+00   0.000000E+00        0.000000E+00
    46951                   5             0.000000E+00   1.000000E+00   0.000000E+00        0.000000E+00
    46951                   6             0.000000E+00   0.000000E+00   1.000000E+00        0.000000E+00
    46955                   4             1.000000E+00   0.000000E+00   0.000000E+00        0.000000E+00
    46955                   5             0.000000E+00   1.000000E+00   0.000000E+00        0.000000E+00
    46955                   6             0.000000E+00   0.000000E+00   1.000000E+00        0.000000E+00
    46963                   4             1.000000E+00   0.000000E+00   0.000000E+00        0.000000E+00
    46963                   5             0.000000E+00   1.000000E+00   0.000000E+00        0.000000E+00
    46963                   6             0.000000E+00   0.000000E+00   1.000000E+00        0.000000E+00
    46966                   4             1.000000E+00   0.000000E+00   0.000000E+00        0.000000E+00
    46966                   5             0.000000E+00   1.000000E+00   0.000000E+00        0.000000E+00
    46966                   6             0.000000E+00   0.000000E+00   1.000000E+00        0.000000E+00
    46967                   4             1.000000E+00   0.000000E+00   0.000000E+00        0.000000E+00
    46967                   5             0.000000E+00   1.000000E+00   0.000000E+00        0.000000E+00
    46967                   6             0.000000E+00   0.000000E+00   1.000000E+00        0.000000E+00
    47012                   4             1.000000E+00   0.000000E+00   0.000000E+00        0.000000E+00
    47012                   5             0.000000E+00   1.000000E+00   0.000000E+00        0.000000E+00
    47012                   6             0.000000E+00   0.000000E+00   1.000000E+00        0.000000E+00
    47060                   4             1.000000E+00   0.000000E+00   0.000000E+00        0.000000E+00
    47060                   5             0.000000E+00   1.000000E+00   0.000000E+00        0.000000E+00
    47060                   6             0.000000E+00   0.000000E+00   1.000000E+00        0.000000E+00
    47061                   4             1.000000E+00   0.000000E+00   0.000000E+00        0.000000E+00
    47061                   5             0.000000E+00   1.000000E+00   0.000000E+00        0.000000E+00
    47061                   6             0.000000E+00   0.000000E+00   1.000000E+00        0.000000E+00
    47063                   4             1.000000E+00   0.000000E+00   0.000000E+00        0.000000E+00
    47063                   5             0.000000E+00   1.000000E+00   0.000000E+00        0.000000E+00
    47063                   6             0.000000E+00   0.000000E+00   1.000000E+00        0.000000E+00
    47066                   4             1.000000E+00   0.000000E+00   0.000000E+00        0.000000E+00
    47066                   5             0.000000E+00   1.000000E+00   0.000000E+00        0.000000E+00
    47066                   6             0.000000E+00   0.000000E+00   1.000000E+00        0.000000E+00
    47068                   4             1.000000E+00   0.000000E+00   0.000000E+00        0.000000E+00
    47068                   5             0.000000E+00   1.000000E+00   0.000000E+00        0.000000E+00
    47068                   6             0.000000E+00   0.000000E+00   1.000000E+00        0.000000E+00
    47069                   4             1.000000E+00   0.000000E+00   0.000000E+00        0.000000E+00
    47069                   5             0.000000E+00   1.000000E+00   0.000000E+00        0.000000E+00
    47069                   6             0.000000E+00   0.000000E+00   1.000000E+00        0.000000E+00
    47070                   4             1.000000E+00   0.000000E+00   0.000000E+00        0.000000E+00
    47070                   5             0.000000E+00   1.000000E+00   0.000000E+00        0.000000E+00
    47070                   6             0.000000E+00   0.000000E+00   1.000000E+00        0.000000E+00
    47071                   4             1.000000E+00   0.000000E+00   0.000000E+00        0.000000E+00
    47071                   5             0.000000E+00   1.000000E+00   0.000000E+00        0.000000E+00
    47071                   6             0.000000E+00   0.000000E+00   1.000000E+00        0.000000E+00
    47073                   4             1.000000E+00   0.000000E+00   0.000000E+00        0.000000E+00
    47073                   5             0.000000E+00   1.000000E+00   0.000000E+00        0.000000E+00
    47073                   6             0.000000E+00   0.000000E+00   1.000000E+00        0.000000E+00
    47107                   4             1.000000E+00   0.000000E+00   0.000000E+00        0.000000E+00
    47107                   5             0.000000E+00   1.000000E+00   0.000000E+00        0.000000E+00
    47107                   6             0.000000E+00   0.000000E+00   1.000000E+00        0.000000E+00
    47109                   4             1.000000E+00   0.000000E+00   0.000000E+00        0.000000E+00
    47109                   5             0.000000E+00   1.000000E+00   0.000000E+00        0.000000E+00
    47109                   6             0.000000E+00   0.000000E+00   1.000000E+00        0.000000E+00
    47110                   4             1.000000E+00   0.000000E+00   0.000000E+00        0.000000E+00
    47110                   5             0.000000E+00   1.000000E+00   0.000000E+00        0.000000E+00
    47110                   6             0.000000E+00   0.000000E+00   1.000000E+00        0.000000E+00
 
 
 
 
 
 
                                                                        02/28/26  22:26  ADS NASTRAN VERSION 20.2.0.23   PAGE     95
 
 
 SUBCASE 1                                                           SUBCASE 1
 
                                      G R I D   P O I N T   S I N G U L A R I T Y   T A B L E
 
     GRID               STRONGEST                  DIRECTION OF SINGULARITY                  STIFFNESS
      ID                COMPONENT            T1/R1          T2/R2          T3/R3               RATIO
    47111                   4             1.000000E+00   0.000000E+00   0.000000E+00        0.000000E+00
    47111                   5             0.000000E+00   1.000000E+00   0.000000E+00        0.000000E+00
    47111                   6             0.000000E+00   0.000000E+00   1.000000E+00        0.000000E+00
    47112                   4             1.000000E+00   0.000000E+00   0.000000E+00        0.000000E+00
    47112                   5             0.000000E+00   1.000000E+00   0.000000E+00        0.000000E+00
    47112                   6             0.000000E+00   0.000000E+00   1.000000E+00        0.000000E+00
    47171                   4             1.000000E+00   0.000000E+00   0.000000E+00        0.000000E+00
    47171                   5             0.000000E+00   1.000000E+00   0.000000E+00        0.000000E+00
    47171                   6             0.000000E+00   0.000000E+00   1.000000E+00        0.000000E+00
    61101                   4             1.000000E+00   0.000000E+00   0.000000E+00        0.000000E+00
    61101                   5             0.000000E+00   1.000000E+00   0.000000E+00        0.000000E+00
    61101                   6             0.000000E+00   0.000000E+00   1.000000E+00        0.000000E+00
    61163                   4             1.000000E+00   0.000000E+00   0.000000E+00        0.000000E+00
    61163                   5             0.000000E+00   1.000000E+00   0.000000E+00        0.000000E+00
    61163                   6             0.000000E+00   0.000000E+00   1.000000E+00        0.000000E+00
    61231                   4             1.000000E+00   0.000000E+00   0.000000E+00        0.000000E+00
    61231                   5             0.000000E+00   1.000000E+00   0.000000E+00        0.000000E+00
    61231                   6             0.000000E+00   0.000000E+00   1.000000E+00        0.000000E+00
    61260                   4             1.000000E+00   0.000000E+00   0.000000E+00        0.000000E+00
    61260                   5             0.000000E+00   1.000000E+00   0.000000E+00        0.000000E+00
    61260                   6             0.000000E+00   0.000000E+00   1.000000E+00        0.000000E+00
    61301                   4             1.000000E+00   0.000000E+00   0.000000E+00        0.000000E+00
    61301                   5             0.000000E+00   1.000000E+00   0.000000E+00        0.000000E+00
    61301                   6             0.000000E+00   0.000000E+00   1.000000E+00        0.000000E+00
    61415                   4             1.000000E+00   0.000000E+00   0.000000E+00        0.000000E+00
    61415                   5             0.000000E+00   1.000000E+00   0.000000E+00        0.000000E+00
    61415                   6             0.000000E+00   0.000000E+00   1.000000E+00        0.000000E+00
    61457                   4             1.000000E+00   0.000000E+00   0.000000E+00        0.000000E+00
    61457                   5             0.000000E+00   1.000000E+00   0.000000E+00        0.000000E+00
    61457                   6             0.000000E+00   0.000000E+00   1.000000E+00        0.000000E+00
    61458                   4             1.000000E+00   0.000000E+00   0.000000E+00        0.000000E+00
    61458                   5             0.000000E+00   1.000000E+00   0.000000E+00        0.000000E+00
    61458                   6             0.000000E+00   0.000000E+00   1.000000E+00        0.000000E+00
    61459                   4             1.000000E+00   0.000000E+00   0.000000E+00        0.000000E+00
    61459                   5             0.000000E+00   1.000000E+00   0.000000E+00        0.000000E+00
    61459                   6             0.000000E+00   0.000000E+00   1.000000E+00        0.000000E+00
    61465                   4             1.000000E+00   0.000000E+00   0.000000E+00        0.000000E+00
    61465                   5             0.000000E+00   1.000000E+00   0.000000E+00        0.000000E+00
    61465                   6             0.000000E+00   0.000000E+00   1.000000E+00        0.000000E+00
    61471                   4             1.000000E+00   0.000000E+00   0.000000E+00        0.000000E+00
    61471                   5             0.000000E+00   1.000000E+00   0.000000E+00        0.000000E+00
    61471                   6             0.000000E+00   0.000000E+00   1.000000E+00        0.000000E+00
    61490                   4             1.000000E+00   0.000000E+00   0.000000E+00        0.000000E+00
    61490                   5             0.000000E+00   1.000000E+00   0.000000E+00        0.000000E+00
    61490                   6             0.000000E+00   0.000000E+00   1.000000E+00        0.000000E+00
    61491                   4             1.000000E+00   0.000000E+00   0.000000E+00        0.000000E+00
    61491                   5             0.000000E+00   1.000000E+00   0.000000E+00        0.000000E+00
    61491                   6             0.000000E+00   0.000000E+00   1.000000E+00        0.000000E+00
    61584                   4             1.000000E+00   0.000000E+00   0.000000E+00        0.000000E+00
    61584                   5             0.000000E+00   1.000000E+00   0.000000E+00        0.000000E+00
    61584                   6             0.000000E+00   0.000000E+00   1.000000E+00        0.000000E+00
    61597                   4             1.000000E+00   0.000000E+00   0.000000E+00        0.000000E+00
    61597                   5             0.000000E+00   1.000000E+00   0.000000E+00        0.000000E+00
    61597                   6             0.000000E+00   0.000000E+00   1.000000E+00        0.000000E+00
    61598                   4             1.000000E+00   0.000000E+00   0.000000E+00        0.000000E+00
    61598                   5             0.000000E+00   1.000000E+00   0.000000E+00        0.000000E+00
    61598                   6             0.000000E+00   0.000000E+00   1.000000E+00        0.000000E+00
    61599                   4             1.000000E+00   0.000000E+00   0.000000E+00        0.000000E+00
    61599                   5             0.000000E+00   1.000000E+00   0.000000E+00        0.000000E+00
    61599                   6             0.000000E+00   0.000000E+00   1.000000E+00        0.000000E+00
 
 
 
 
 
 
                                                                        02/28/26  22:26  ADS NASTRAN VERSION 20.2.0.23   PAGE     96
 
 
 SUBCASE 1                                                           SUBCASE 1
 
                                      G R I D   P O I N T   S I N G U L A R I T Y   T A B L E
 
     GRID               STRONGEST                  DIRECTION OF SINGULARITY                  STIFFNESS
      ID                COMPONENT            T1/R1          T2/R2          T3/R3               RATIO
    61603                   4             1.000000E+00   0.000000E+00   0.000000E+00        0.000000E+00
    61603                   5             0.000000E+00   1.000000E+00   0.000000E+00        0.000000E+00
    61603                   6             0.000000E+00   0.000000E+00   1.000000E+00        0.000000E+00
    61669                   4             1.000000E+00   0.000000E+00   0.000000E+00        0.000000E+00
    61669                   5             0.000000E+00   1.000000E+00   0.000000E+00        0.000000E+00
    61669                   6             0.000000E+00   0.000000E+00   1.000000E+00        0.000000E+00
    61672                   4             1.000000E+00   0.000000E+00   0.000000E+00        0.000000E+00
    61672                   5             0.000000E+00   1.000000E+00   0.000000E+00        0.000000E+00
    61672                   6             0.000000E+00   0.000000E+00   1.000000E+00        0.000000E+00
    61687                   4             1.000000E+00   0.000000E+00   0.000000E+00        0.000000E+00
    61687                   5             0.000000E+00   1.000000E+00   0.000000E+00        0.000000E+00
    61687                   6             0.000000E+00   0.000000E+00   1.000000E+00        0.000000E+00
    61730                   4             1.000000E+00   0.000000E+00   0.000000E+00        0.000000E+00
    61730                   5             0.000000E+00   1.000000E+00   0.000000E+00        0.000000E+00
    61730                   6             0.000000E+00   0.000000E+00   1.000000E+00        0.000000E+00
    61741                   4             1.000000E+00   0.000000E+00   0.000000E+00        0.000000E+00
    61741                   5             0.000000E+00   1.000000E+00   0.000000E+00        0.000000E+00
    61741                   6             0.000000E+00   0.000000E+00   1.000000E+00        0.000000E+00
    61742                   4             1.000000E+00   0.000000E+00   0.000000E+00        0.000000E+00
    61742                   5             0.000000E+00   1.000000E+00   0.000000E+00        0.000000E+00
    61742                   6             0.000000E+00   0.000000E+00   1.000000E+00        0.000000E+00
    61761                   4             1.000000E+00   0.000000E+00   0.000000E+00        0.000000E+00
    61761                   5             0.000000E+00   1.000000E+00   0.000000E+00        0.000000E+00
    61761                   6             0.000000E+00   0.000000E+00   1.000000E+00        0.000000E+00
    61776                   4             1.000000E+00   0.000000E+00   0.000000E+00        0.000000E+00
    61776                   5             0.000000E+00   1.000000E+00   0.000000E+00        0.000000E+00
    61776                   6             0.000000E+00   0.000000E+00   1.000000E+00        0.000000E+00
    61779                   4             1.000000E+00   0.000000E+00   0.000000E+00        0.000000E+00
    61779                   5             0.000000E+00   1.000000E+00   0.000000E+00        0.000000E+00
    61779                   6             0.000000E+00   0.000000E+00   1.000000E+00        0.000000E+00
    61780                   4             1.000000E+00   0.000000E+00   0.000000E+00        0.000000E+00
    61780                   5             0.000000E+00   1.000000E+00   0.000000E+00        0.000000E+00
    61780                   6             0.000000E+00   0.000000E+00   1.000000E+00        0.000000E+00
    61782                   4             1.000000E+00   0.000000E+00   0.000000E+00        0.000000E+00
    61782                   5             0.000000E+00   1.000000E+00   0.000000E+00        0.000000E+00
    61782                   6             0.000000E+00   0.000000E+00   1.000000E+00        0.000000E+00
    61783                   4             1.000000E+00   0.000000E+00   0.000000E+00        0.000000E+00
    61783                   5             0.000000E+00   1.000000E+00   0.000000E+00        0.000000E+00
    61783                   6             0.000000E+00   0.000000E+00   1.000000E+00        0.000000E+00
    61784                   4             1.000000E+00   0.000000E+00   0.000000E+00        0.000000E+00
    61784                   5             0.000000E+00   1.000000E+00   0.000000E+00        0.000000E+00
    61784                   6             0.000000E+00   0.000000E+00   1.000000E+00        0.000000E+00
    61893                   4             1.000000E+00   0.000000E+00   0.000000E+00        0.000000E+00
    61893                   5             0.000000E+00   1.000000E+00   0.000000E+00        0.000000E+00
    61893                   6             0.000000E+00   0.000000E+00   1.000000E+00        0.000000E+00
    61894                   4             1.000000E+00   0.000000E+00   0.000000E+00        0.000000E+00
    61894                   5             0.000000E+00   1.000000E+00   0.000000E+00        0.000000E+00
    61894                   6             0.000000E+00   0.000000E+00   1.000000E+00        0.000000E+00
    61896                   4             1.000000E+00   0.000000E+00   0.000000E+00        0.000000E+00
    61896                   5             0.000000E+00   1.000000E+00   0.000000E+00        0.000000E+00
    61896                   6             0.000000E+00   0.000000E+00   1.000000E+00        0.000000E+00
    61897                   4             1.000000E+00   0.000000E+00   0.000000E+00        0.000000E+00
    61897                   5             0.000000E+00   1.000000E+00   0.000000E+00        0.000000E+00
    61897                   6             0.000000E+00   0.000000E+00   1.000000E+00        0.000000E+00
    61898                   4             1.000000E+00   0.000000E+00   0.000000E+00        0.000000E+00
    61898                   5             0.000000E+00   1.000000E+00   0.000000E+00        0.000000E+00
    61898                   6             0.000000E+00   0.000000E+00   1.000000E+00        0.000000E+00
    61899                   4             1.000000E+00   0.000000E+00   0.000000E+00        0.000000E+00
    61899                   5             0.000000E+00   1.000000E+00   0.000000E+00        0.000000E+00
    61899                   6             0.000000E+00   0.000000E+00   1.000000E+00        0.000000E+00
 
 
 
 
 
 
                                                                        02/28/26  22:26  ADS NASTRAN VERSION 20.2.0.23   PAGE     97
 
 
 SUBCASE 1                                                           SUBCASE 1
 
                                      G R I D   P O I N T   S I N G U L A R I T Y   T A B L E
 
     GRID               STRONGEST                  DIRECTION OF SINGULARITY                  STIFFNESS
      ID                COMPONENT            T1/R1          T2/R2          T3/R3               RATIO
    61913                   4             1.000000E+00   0.000000E+00   0.000000E+00        0.000000E+00
    61913                   5             0.000000E+00   1.000000E+00   0.000000E+00        0.000000E+00
    61913                   6             0.000000E+00   0.000000E+00   1.000000E+00        0.000000E+00
    61914                   4             1.000000E+00   0.000000E+00   0.000000E+00        0.000000E+00
    61914                   5             0.000000E+00   1.000000E+00   0.000000E+00        0.000000E+00
    61914                   6             0.000000E+00   0.000000E+00   1.000000E+00        0.000000E+00
    62408                   4             1.000000E+00   0.000000E+00   0.000000E+00        0.000000E+00
    62408                   5             0.000000E+00   1.000000E+00   0.000000E+00        0.000000E+00
    62408                   6             0.000000E+00   0.000000E+00   1.000000E+00        0.000000E+00
    62409                   4             1.000000E+00   0.000000E+00   0.000000E+00        0.000000E+00
    62409                   5             0.000000E+00   1.000000E+00   0.000000E+00        0.000000E+00
    62409                   6             0.000000E+00   0.000000E+00   1.000000E+00        0.000000E+00
    62410                   4             1.000000E+00   0.000000E+00   0.000000E+00        0.000000E+00
    62410                   5             0.000000E+00   1.000000E+00   0.000000E+00        0.000000E+00
    62410                   6             0.000000E+00   0.000000E+00   1.000000E+00        0.000000E+00
    62411                   4             1.000000E+00   0.000000E+00   0.000000E+00        0.000000E+00
    62411                   5             0.000000E+00   1.000000E+00   0.000000E+00        0.000000E+00
    62411                   6             0.000000E+00   0.000000E+00   1.000000E+00        0.000000E+00
    62412                   4             1.000000E+00   0.000000E+00   0.000000E+00        0.000000E+00
    62412                   5             0.000000E+00   1.000000E+00   0.000000E+00        0.000000E+00
    62412                   6             0.000000E+00   0.000000E+00   1.000000E+00        0.000000E+00
    62413                   4             1.000000E+00   0.000000E+00   0.000000E+00        0.000000E+00
    62413                   5             0.000000E+00   1.000000E+00   0.000000E+00        0.000000E+00
    62413                   6             0.000000E+00   0.000000E+00   1.000000E+00        0.000000E+00
    62414                   4             1.000000E+00   0.000000E+00   0.000000E+00        0.000000E+00
    62414                   5             0.000000E+00   1.000000E+00   0.000000E+00        0.000000E+00
    62414                   6             0.000000E+00   0.000000E+00   1.000000E+00        0.000000E+00
    62464                   4             1.000000E+00   0.000000E+00   0.000000E+00        0.000000E+00
    62464                   5             0.000000E+00   1.000000E+00   0.000000E+00        0.000000E+00
    62464                   6             0.000000E+00   0.000000E+00   1.000000E+00        0.000000E+00
    62465                   4             1.000000E+00   0.000000E+00   0.000000E+00        0.000000E+00
    62465                   5             0.000000E+00   1.000000E+00   0.000000E+00        0.000000E+00
    62465                   6             0.000000E+00   0.000000E+00   1.000000E+00        0.000000E+00
    62467                   4             1.000000E+00   0.000000E+00   0.000000E+00        0.000000E+00
    62467                   5             0.000000E+00   1.000000E+00   0.000000E+00        0.000000E+00
    62467                   6             0.000000E+00   0.000000E+00   1.000000E+00        0.000000E+00
    62468                   4             1.000000E+00   0.000000E+00   0.000000E+00        0.000000E+00
    62468                   5             0.000000E+00   1.000000E+00   0.000000E+00        0.000000E+00
    62468                   6             0.000000E+00   0.000000E+00   1.000000E+00        0.000000E+00
    62469                   4             1.000000E+00   0.000000E+00   0.000000E+00        0.000000E+00
    62469                   5             0.000000E+00   1.000000E+00   0.000000E+00        0.000000E+00
    62469                   6             0.000000E+00   0.000000E+00   1.000000E+00        0.000000E+00
    62470                   4             1.000000E+00   0.000000E+00   0.000000E+00        0.000000E+00
    62470                   5             0.000000E+00   1.000000E+00   0.000000E+00        0.000000E+00
    62470                   6             0.000000E+00   0.000000E+00   1.000000E+00        0.000000E+00
    62483                   4             1.000000E+00   0.000000E+00   0.000000E+00        0.000000E+00
    62483                   5             0.000000E+00   1.000000E+00   0.000000E+00        0.000000E+00
    62483                   6             0.000000E+00   0.000000E+00   1.000000E+00        0.000000E+00
    62484                   4             1.000000E+00   0.000000E+00   0.000000E+00        0.000000E+00
    62484                   5             0.000000E+00   1.000000E+00   0.000000E+00        0.000000E+00
    62484                   6             0.000000E+00   0.000000E+00   1.000000E+00        0.000000E+00
    62521                   4             1.000000E+00   0.000000E+00   0.000000E+00        0.000000E+00
    62521                   5             0.000000E+00   1.000000E+00   0.000000E+00        0.000000E+00
    62521                   6             0.000000E+00   0.000000E+00   1.000000E+00        0.000000E+00
    62522                   4             1.000000E+00   0.000000E+00   0.000000E+00        0.000000E+00
    62522                   5             0.000000E+00   1.000000E+00   0.000000E+00        0.000000E+00
    62522                   6             0.000000E+00   0.000000E+00   1.000000E+00        0.000000E+00
    62523                   4             1.000000E+00   0.000000E+00   0.000000E+00        0.000000E+00
    62523                   5             0.000000E+00   1.000000E+00   0.000000E+00        0.000000E+00
    62523                   6             0.000000E+00   0.000000E+00   1.000000E+00        0.000000E+00
 
 
 
 
 
 
                                                                        02/28/26  22:26  ADS NASTRAN VERSION 20.2.0.23   PAGE     98
 
 
 SUBCASE 1                                                           SUBCASE 1
 
                                      G R I D   P O I N T   S I N G U L A R I T Y   T A B L E
 
     GRID               STRONGEST                  DIRECTION OF SINGULARITY                  STIFFNESS
      ID                COMPONENT            T1/R1          T2/R2          T3/R3               RATIO
    62524                   4             1.000000E+00   0.000000E+00   0.000000E+00        0.000000E+00
    62524                   5             0.000000E+00   1.000000E+00   0.000000E+00        0.000000E+00
    62524                   6             0.000000E+00   0.000000E+00   1.000000E+00        0.000000E+00
    62525                   4             1.000000E+00   0.000000E+00   0.000000E+00        0.000000E+00
    62525                   5             0.000000E+00   1.000000E+00   0.000000E+00        0.000000E+00
    62525                   6             0.000000E+00   0.000000E+00   1.000000E+00        0.000000E+00
    62526                   4             1.000000E+00   0.000000E+00   0.000000E+00        0.000000E+00
    62526                   5             0.000000E+00   1.000000E+00   0.000000E+00        0.000000E+00
    62526                   6             0.000000E+00   0.000000E+00   1.000000E+00        0.000000E+00
    62661                   4             1.000000E+00   0.000000E+00   0.000000E+00        0.000000E+00
    62661                   5             0.000000E+00   1.000000E+00   0.000000E+00        0.000000E+00
    62661                   6             0.000000E+00   0.000000E+00   1.000000E+00        0.000000E+00
    62662                   4             1.000000E+00   0.000000E+00   0.000000E+00        0.000000E+00
    62662                   5             0.000000E+00   1.000000E+00   0.000000E+00        0.000000E+00
    62662                   6             0.000000E+00   0.000000E+00   1.000000E+00        0.000000E+00
    62663                   4             1.000000E+00   0.000000E+00   0.000000E+00        0.000000E+00
    62663                   5             0.000000E+00   1.000000E+00   0.000000E+00        0.000000E+00
    62663                   6             0.000000E+00   0.000000E+00   1.000000E+00        0.000000E+00
    62664                   4             1.000000E+00   0.000000E+00   0.000000E+00        0.000000E+00
    62664                   5             0.000000E+00   1.000000E+00   0.000000E+00        0.000000E+00
    62664                   6             0.000000E+00   0.000000E+00   1.000000E+00        0.000000E+00
    62668                   4             1.000000E+00   0.000000E+00   0.000000E+00        0.000000E+00
    62668                   5             0.000000E+00   1.000000E+00   0.000000E+00        0.000000E+00
    62668                   6             0.000000E+00   0.000000E+00   1.000000E+00        0.000000E+00
    62669                   4             1.000000E+00   0.000000E+00   0.000000E+00        0.000000E+00
    62669                   5             0.000000E+00   1.000000E+00   0.000000E+00        0.000000E+00
    62669                   6             0.000000E+00   0.000000E+00   1.000000E+00        0.000000E+00
    62672                   4             1.000000E+00   0.000000E+00   0.000000E+00        0.000000E+00
    62672                   5             0.000000E+00   1.000000E+00   0.000000E+00        0.000000E+00
    62672                   6             0.000000E+00   0.000000E+00   1.000000E+00        0.000000E+00
    62674                   4             1.000000E+00   0.000000E+00   0.000000E+00        0.000000E+00
    62674                   5             0.000000E+00   1.000000E+00   0.000000E+00        0.000000E+00
    62674                   6             0.000000E+00   0.000000E+00   1.000000E+00        0.000000E+00
    62675                   4             1.000000E+00   0.000000E+00   0.000000E+00        0.000000E+00
    62675                   5             0.000000E+00   1.000000E+00   0.000000E+00        0.000000E+00
    62675                   6             0.000000E+00   0.000000E+00   1.000000E+00        0.000000E+00
    62677                   4             1.000000E+00   0.000000E+00   0.000000E+00        0.000000E+00
    62677                   5             0.000000E+00   1.000000E+00   0.000000E+00        0.000000E+00
    62677                   6             0.000000E+00   0.000000E+00   1.000000E+00        0.000000E+00
    62678                   4             1.000000E+00   0.000000E+00   0.000000E+00        0.000000E+00
    62678                   5             0.000000E+00   1.000000E+00   0.000000E+00        0.000000E+00
    62678                   6             0.000000E+00   0.000000E+00   1.000000E+00        0.000000E+00
    62679                   4             1.000000E+00   0.000000E+00   0.000000E+00        0.000000E+00
    62679                   5             0.000000E+00   1.000000E+00   0.000000E+00        0.000000E+00
    62679                   6             0.000000E+00   0.000000E+00   1.000000E+00        0.000000E+00
    62680                   4             1.000000E+00   0.000000E+00   0.000000E+00        0.000000E+00
    62680                   5             0.000000E+00   1.000000E+00   0.000000E+00        0.000000E+00
    62680                   6             0.000000E+00   0.000000E+00   1.000000E+00        0.000000E+00
    62748                   4             1.000000E+00   0.000000E+00   0.000000E+00        0.000000E+00
    62748                   5             0.000000E+00   1.000000E+00   0.000000E+00        0.000000E+00
    62748                   6             0.000000E+00   0.000000E+00   1.000000E+00        0.000000E+00
    62749                   4             1.000000E+00   0.000000E+00   0.000000E+00        0.000000E+00
    62749                   5             0.000000E+00   1.000000E+00   0.000000E+00        0.000000E+00
    62749                   6             0.000000E+00   0.000000E+00   1.000000E+00        0.000000E+00
    62828                   4             1.000000E+00   0.000000E+00   0.000000E+00        0.000000E+00
    62828                   5             0.000000E+00   1.000000E+00   0.000000E+00        0.000000E+00
    62828                   6             0.000000E+00   0.000000E+00   1.000000E+00        0.000000E+00
    62831                   4             1.000000E+00   0.000000E+00   0.000000E+00        0.000000E+00
    62831                   5             0.000000E+00   1.000000E+00   0.000000E+00        0.000000E+00
    62831                   6             0.000000E+00   0.000000E+00   1.000000E+00        0.000000E+00
 
 
 
 
 
 
                                                                        02/28/26  22:26  ADS NASTRAN VERSION 20.2.0.23   PAGE     99
 
 
 SUBCASE 1                                                           SUBCASE 1
 
                                      G R I D   P O I N T   S I N G U L A R I T Y   T A B L E
 
     GRID               STRONGEST                  DIRECTION OF SINGULARITY                  STIFFNESS
      ID                COMPONENT            T1/R1          T2/R2          T3/R3               RATIO
    62841                   4             1.000000E+00   0.000000E+00   0.000000E+00        0.000000E+00
    62841                   5             0.000000E+00   1.000000E+00   0.000000E+00        0.000000E+00
    62841                   6             0.000000E+00   0.000000E+00   1.000000E+00        0.000000E+00
    62845                   4             1.000000E+00   0.000000E+00   0.000000E+00        0.000000E+00
    62845                   5             0.000000E+00   1.000000E+00   0.000000E+00        0.000000E+00
    62845                   6             0.000000E+00   0.000000E+00   1.000000E+00        0.000000E+00
    62846                   4             1.000000E+00   0.000000E+00   0.000000E+00        0.000000E+00
    62846                   5             0.000000E+00   1.000000E+00   0.000000E+00        0.000000E+00
    62846                   6             0.000000E+00   0.000000E+00   1.000000E+00        0.000000E+00
    62851                   4             1.000000E+00   0.000000E+00   0.000000E+00        0.000000E+00
    62851                   5             0.000000E+00   1.000000E+00   0.000000E+00        0.000000E+00
    62851                   6             0.000000E+00   0.000000E+00   1.000000E+00        0.000000E+00
    62865                   4             1.000000E+00   0.000000E+00   0.000000E+00        0.000000E+00
    62865                   5             0.000000E+00   1.000000E+00   0.000000E+00        0.000000E+00
    62865                   6             0.000000E+00   0.000000E+00   1.000000E+00        0.000000E+00
    62932                   4             1.000000E+00   0.000000E+00   0.000000E+00        0.000000E+00
    62932                   5             0.000000E+00   1.000000E+00   0.000000E+00        0.000000E+00
    62932                   6             0.000000E+00   0.000000E+00   1.000000E+00        0.000000E+00
    62935                   4             1.000000E+00   0.000000E+00   0.000000E+00        0.000000E+00
    62935                   5             0.000000E+00   1.000000E+00   0.000000E+00        0.000000E+00
    62935                   6             0.000000E+00   0.000000E+00   1.000000E+00        0.000000E+00
    62943                   4             1.000000E+00   0.000000E+00   0.000000E+00        0.000000E+00
    62943                   5             0.000000E+00   1.000000E+00   0.000000E+00        0.000000E+00
    62943                   6             0.000000E+00   0.000000E+00   1.000000E+00        0.000000E+00
    62948                   4             1.000000E+00   0.000000E+00   0.000000E+00        0.000000E+00
    62948                   5             0.000000E+00   1.000000E+00   0.000000E+00        0.000000E+00
    62948                   6             0.000000E+00   0.000000E+00   1.000000E+00        0.000000E+00
    62949                   4             1.000000E+00   0.000000E+00   0.000000E+00        0.000000E+00
    62949                   5             0.000000E+00   1.000000E+00   0.000000E+00        0.000000E+00
    62949                   6             0.000000E+00   0.000000E+00   1.000000E+00        0.000000E+00
    62992                   4             1.000000E+00   0.000000E+00   0.000000E+00        0.000000E+00
    62992                   5             0.000000E+00   1.000000E+00   0.000000E+00        0.000000E+00
    62992                   6             0.000000E+00   0.000000E+00   1.000000E+00        0.000000E+00
    63035                   4             1.000000E+00   0.000000E+00   0.000000E+00        0.000000E+00
    63035                   5             0.000000E+00   1.000000E+00   0.000000E+00        0.000000E+00
    63035                   6             0.000000E+00   0.000000E+00   1.000000E+00        0.000000E+00
    63036                   4             1.000000E+00   0.000000E+00   0.000000E+00        0.000000E+00
    63036                   5             0.000000E+00   1.000000E+00   0.000000E+00        0.000000E+00
    63036                   6             0.000000E+00   0.000000E+00   1.000000E+00        0.000000E+00
    63038                   4             1.000000E+00   0.000000E+00   0.000000E+00        0.000000E+00
    63038                   5             0.000000E+00   1.000000E+00   0.000000E+00        0.000000E+00
    63038                   6             0.000000E+00   0.000000E+00   1.000000E+00        0.000000E+00
    63041                   4             1.000000E+00   0.000000E+00   0.000000E+00        0.000000E+00
    63041                   5             0.000000E+00   1.000000E+00   0.000000E+00        0.000000E+00
    63041                   6             0.000000E+00   0.000000E+00   1.000000E+00        0.000000E+00
    63043                   4             1.000000E+00   0.000000E+00   0.000000E+00        0.000000E+00
    63043                   5             0.000000E+00   1.000000E+00   0.000000E+00        0.000000E+00
    63043                   6             0.000000E+00   0.000000E+00   1.000000E+00        0.000000E+00
    63044                   4             1.000000E+00   0.000000E+00   0.000000E+00        0.000000E+00
    63044                   5             0.000000E+00   1.000000E+00   0.000000E+00        0.000000E+00
    63044                   6             0.000000E+00   0.000000E+00   1.000000E+00        0.000000E+00
    63045                   4             1.000000E+00   0.000000E+00   0.000000E+00        0.000000E+00
    63045                   5             0.000000E+00   1.000000E+00   0.000000E+00        0.000000E+00
    63045                   6             0.000000E+00   0.000000E+00   1.000000E+00        0.000000E+00
    63046                   4             1.000000E+00   0.000000E+00   0.000000E+00        0.000000E+00
    63046                   5             0.000000E+00   1.000000E+00   0.000000E+00        0.000000E+00
    63046                   6             0.000000E+00   0.000000E+00   1.000000E+00        0.000000E+00
    63048                   4             1.000000E+00   0.000000E+00   0.000000E+00        0.000000E+00
    63048                   5             0.000000E+00   1.000000E+00   0.000000E+00        0.000000E+00
    63048                   6             0.000000E+00   0.000000E+00   1.000000E+00        0.000000E+00
 
 
 
 
 
 
                                                                        02/28/26  22:26  ADS NASTRAN VERSION 20.2.0.23   PAGE    100
 
 
 SUBCASE 1                                                           SUBCASE 1
 
                                      G R I D   P O I N T   S I N G U L A R I T Y   T A B L E
 
     GRID               STRONGEST                  DIRECTION OF SINGULARITY                  STIFFNESS
      ID                COMPONENT            T1/R1          T2/R2          T3/R3               RATIO
    63082                   4             1.000000E+00   0.000000E+00   0.000000E+00        0.000000E+00
    63082                   5             0.000000E+00   1.000000E+00   0.000000E+00        0.000000E+00
    63082                   6             0.000000E+00   0.000000E+00   1.000000E+00        0.000000E+00
    63084                   4             1.000000E+00   0.000000E+00   0.000000E+00        0.000000E+00
    63084                   5             0.000000E+00   1.000000E+00   0.000000E+00        0.000000E+00
    63084                   6             0.000000E+00   0.000000E+00   1.000000E+00        0.000000E+00
    63085                   4             1.000000E+00   0.000000E+00   0.000000E+00        0.000000E+00
    63085                   5             0.000000E+00   1.000000E+00   0.000000E+00        0.000000E+00
    63085                   6             0.000000E+00   0.000000E+00   1.000000E+00        0.000000E+00
    63086                   4             1.000000E+00   0.000000E+00   0.000000E+00        0.000000E+00
    63086                   5             0.000000E+00   1.000000E+00   0.000000E+00        0.000000E+00
    63086                   6             0.000000E+00   0.000000E+00   1.000000E+00        0.000000E+00
    63087                   4             1.000000E+00   0.000000E+00   0.000000E+00        0.000000E+00
    63087                   5             0.000000E+00   1.000000E+00   0.000000E+00        0.000000E+00
    63087                   6             0.000000E+00   0.000000E+00   1.000000E+00        0.000000E+00
    63140                   4             1.000000E+00   0.000000E+00   0.000000E+00        0.000000E+00
    63140                   5             0.000000E+00   1.000000E+00   0.000000E+00        0.000000E+00
    63140                   6             0.000000E+00   0.000000E+00   1.000000E+00        0.000000E+00
    76975                   4             1.000000E+00   0.000000E+00   0.000000E+00        0.000000E+00
    76975                   5             0.000000E+00   1.000000E+00   0.000000E+00        0.000000E+00
    76975                   6             0.000000E+00   0.000000E+00   1.000000E+00        0.000000E+00
    76999                   4             1.000000E+00   0.000000E+00   0.000000E+00        0.000000E+00
    76999                   5             0.000000E+00   1.000000E+00   0.000000E+00        0.000000E+00
    76999                   6             0.000000E+00   0.000000E+00   1.000000E+00        0.000000E+00
    77028                   4             1.000000E+00   0.000000E+00   0.000000E+00        0.000000E+00
    77028                   5             0.000000E+00   1.000000E+00   0.000000E+00        0.000000E+00
    77028                   6             0.000000E+00   0.000000E+00   1.000000E+00        0.000000E+00
    77089                   4             1.000000E+00   0.000000E+00   0.000000E+00        0.000000E+00
    77089                   5             0.000000E+00   1.000000E+00   0.000000E+00        0.000000E+00
    77089                   6             0.000000E+00   0.000000E+00   1.000000E+00        0.000000E+00
    77090                   4             1.000000E+00   0.000000E+00   0.000000E+00        0.000000E+00
    77090                   5             0.000000E+00   1.000000E+00   0.000000E+00        0.000000E+00
    77090                   6             0.000000E+00   0.000000E+00   1.000000E+00        0.000000E+00
    77102                   4             1.000000E+00   0.000000E+00   0.000000E+00        0.000000E+00
    77102                   5             0.000000E+00   1.000000E+00   0.000000E+00        0.000000E+00
    77102                   6             0.000000E+00   0.000000E+00   1.000000E+00        0.000000E+00
    77140                   4             1.000000E+00   0.000000E+00   0.000000E+00        0.000000E+00
    77140                   5             0.000000E+00   1.000000E+00   0.000000E+00        0.000000E+00
    77140                   6             0.000000E+00   0.000000E+00   1.000000E+00        0.000000E+00
    77162                   4             1.000000E+00   0.000000E+00   0.000000E+00        0.000000E+00
    77162                   5             0.000000E+00   1.000000E+00   0.000000E+00        0.000000E+00
    77162                   6             0.000000E+00   0.000000E+00   1.000000E+00        0.000000E+00
    77192                   4             1.000000E+00   0.000000E+00   0.000000E+00        0.000000E+00
    77192                   5             0.000000E+00   1.000000E+00   0.000000E+00        0.000000E+00
    77192                   6             0.000000E+00   0.000000E+00   1.000000E+00        0.000000E+00
    77238                   4             1.000000E+00   0.000000E+00   0.000000E+00        0.000000E+00
    77238                   5             0.000000E+00   1.000000E+00   0.000000E+00        0.000000E+00
    77238                   6             0.000000E+00   0.000000E+00   1.000000E+00        0.000000E+00
    77251                   4             1.000000E+00   0.000000E+00   0.000000E+00        0.000000E+00
    77251                   5             0.000000E+00   1.000000E+00   0.000000E+00        0.000000E+00
    77251                   6             0.000000E+00   0.000000E+00   1.000000E+00        0.000000E+00
    77252                   4             1.000000E+00   0.000000E+00   0.000000E+00        0.000000E+00
    77252                   5             0.000000E+00   1.000000E+00   0.000000E+00        0.000000E+00
    77252                   6             0.000000E+00   0.000000E+00   1.000000E+00        0.000000E+00
    77269                   4             1.000000E+00   0.000000E+00   0.000000E+00        0.000000E+00
    77269                   5             0.000000E+00   1.000000E+00   0.000000E+00        0.000000E+00
    77269                   6             0.000000E+00   0.000000E+00   1.000000E+00        0.000000E+00
    77304                   4             1.000000E+00   0.000000E+00   0.000000E+00        0.000000E+00
    77304                   5             0.000000E+00   1.000000E+00   0.000000E+00        0.000000E+00
    77304                   6             0.000000E+00   0.000000E+00   1.000000E+00        0.000000E+00
 
 
 
 
 
 
                                                                        02/28/26  22:26  ADS NASTRAN VERSION 20.2.0.23   PAGE    101
 
 
 SUBCASE 1                                                           SUBCASE 1
 
                                      G R I D   P O I N T   S I N G U L A R I T Y   T A B L E
 
     GRID               STRONGEST                  DIRECTION OF SINGULARITY                  STIFFNESS
      ID                COMPONENT            T1/R1          T2/R2          T3/R3               RATIO
    77324                   4             1.000000E+00   0.000000E+00   0.000000E+00        0.000000E+00
    77324                   5             0.000000E+00   1.000000E+00   0.000000E+00        0.000000E+00
    77324                   6             0.000000E+00   0.000000E+00   1.000000E+00        0.000000E+00
    77333                   4             1.000000E+00   0.000000E+00   0.000000E+00        0.000000E+00
    77333                   5             0.000000E+00   1.000000E+00   0.000000E+00        0.000000E+00
    77333                   6             0.000000E+00   0.000000E+00   1.000000E+00        0.000000E+00
    77334                   4             1.000000E+00   0.000000E+00   0.000000E+00        0.000000E+00
    77334                   5             0.000000E+00   1.000000E+00   0.000000E+00        0.000000E+00
    77334                   6             0.000000E+00   0.000000E+00   1.000000E+00        0.000000E+00
    77359                   4             1.000000E+00   0.000000E+00   0.000000E+00        0.000000E+00
    77359                   5             0.000000E+00   1.000000E+00   0.000000E+00        0.000000E+00
    77359                   6             0.000000E+00   0.000000E+00   1.000000E+00        0.000000E+00
    77408                   4             1.000000E+00   0.000000E+00   0.000000E+00        0.000000E+00
    77408                   5             0.000000E+00   1.000000E+00   0.000000E+00        0.000000E+00
    77408                   6             0.000000E+00   0.000000E+00   1.000000E+00        0.000000E+00
    77438                   4             1.000000E+00   0.000000E+00   0.000000E+00        0.000000E+00
    77438                   5             0.000000E+00   1.000000E+00   0.000000E+00        0.000000E+00
    77438                   6             0.000000E+00   0.000000E+00   1.000000E+00        0.000000E+00
    77439                   4             1.000000E+00   0.000000E+00   0.000000E+00        0.000000E+00
    77439                   5             0.000000E+00   1.000000E+00   0.000000E+00        0.000000E+00
    77439                   6             0.000000E+00   0.000000E+00   1.000000E+00        0.000000E+00
    77492                   4             1.000000E+00   0.000000E+00   0.000000E+00        0.000000E+00
    77492                   5             0.000000E+00   1.000000E+00   0.000000E+00        0.000000E+00
    77492                   6             0.000000E+00   0.000000E+00   1.000000E+00        0.000000E+00
    77523                   4             1.000000E+00   0.000000E+00   0.000000E+00        0.000000E+00
    77523                   5             0.000000E+00   1.000000E+00   0.000000E+00        0.000000E+00
    77523                   6             0.000000E+00   0.000000E+00   1.000000E+00        0.000000E+00
    77526                   4             1.000000E+00   0.000000E+00   0.000000E+00        0.000000E+00
    77526                   5             0.000000E+00   1.000000E+00   0.000000E+00        0.000000E+00
    77526                   6             0.000000E+00   0.000000E+00   1.000000E+00        0.000000E+00
    77539                   4             1.000000E+00   0.000000E+00   0.000000E+00        0.000000E+00
    77539                   5             0.000000E+00   1.000000E+00   0.000000E+00        0.000000E+00
    77539                   6             0.000000E+00   0.000000E+00   1.000000E+00        0.000000E+00
    77588                   4             1.000000E+00   0.000000E+00   0.000000E+00        0.000000E+00
    77588                   5             0.000000E+00   1.000000E+00   0.000000E+00        0.000000E+00
    77588                   6             0.000000E+00   0.000000E+00   1.000000E+00        0.000000E+00
    77605                   4             1.000000E+00   0.000000E+00   0.000000E+00        0.000000E+00
    77605                   5             0.000000E+00   1.000000E+00   0.000000E+00        0.000000E+00
    77605                   6             0.000000E+00   0.000000E+00   1.000000E+00        0.000000E+00
    77621                   4             1.000000E+00   0.000000E+00   0.000000E+00        0.000000E+00
    77621                   5             0.000000E+00   1.000000E+00   0.000000E+00        0.000000E+00
    77621                   6             0.000000E+00   0.000000E+00   1.000000E+00        0.000000E+00
    77622                   4             1.000000E+00   0.000000E+00   0.000000E+00        0.000000E+00
    77622                   5             0.000000E+00   1.000000E+00   0.000000E+00        0.000000E+00
    77622                   6             0.000000E+00   0.000000E+00   1.000000E+00        0.000000E+00
    77624                   4             1.000000E+00   0.000000E+00   0.000000E+00        0.000000E+00
    77624                   5             0.000000E+00   1.000000E+00   0.000000E+00        0.000000E+00
    77624                   6             0.000000E+00   0.000000E+00   1.000000E+00        0.000000E+00
    77625                   4             1.000000E+00   0.000000E+00   0.000000E+00        0.000000E+00
    77625                   5             0.000000E+00   1.000000E+00   0.000000E+00        0.000000E+00
    77625                   6             0.000000E+00   0.000000E+00   1.000000E+00        0.000000E+00
    77626                   4             1.000000E+00   0.000000E+00   0.000000E+00        0.000000E+00
    77626                   5             0.000000E+00   1.000000E+00   0.000000E+00        0.000000E+00
    77626                   6             0.000000E+00   0.000000E+00   1.000000E+00        0.000000E+00
    77735                   4             1.000000E+00   0.000000E+00   0.000000E+00        0.000000E+00
    77735                   5             0.000000E+00   1.000000E+00   0.000000E+00        0.000000E+00
    77735                   6             0.000000E+00   0.000000E+00   1.000000E+00        0.000000E+00
    77736                   4             1.000000E+00   0.000000E+00   0.000000E+00        0.000000E+00
    77736                   5             0.000000E+00   1.000000E+00   0.000000E+00        0.000000E+00
    77736                   6             0.000000E+00   0.000000E+00   1.000000E+00        0.000000E+00
 
 
 
 
 
 
                                                                        02/28/26  22:26  ADS NASTRAN VERSION 20.2.0.23   PAGE    102
 
 
 SUBCASE 1                                                           SUBCASE 1
 
                                      G R I D   P O I N T   S I N G U L A R I T Y   T A B L E
 
     GRID               STRONGEST                  DIRECTION OF SINGULARITY                  STIFFNESS
      ID                COMPONENT            T1/R1          T2/R2          T3/R3               RATIO
    77738                   4             1.000000E+00   0.000000E+00   0.000000E+00        0.000000E+00
    77738                   5             0.000000E+00   1.000000E+00   0.000000E+00        0.000000E+00
    77738                   6             0.000000E+00   0.000000E+00   1.000000E+00        0.000000E+00
    77739                   4             1.000000E+00   0.000000E+00   0.000000E+00        0.000000E+00
    77739                   5             0.000000E+00   1.000000E+00   0.000000E+00        0.000000E+00
    77739                   6             0.000000E+00   0.000000E+00   1.000000E+00        0.000000E+00
    77740                   4             1.000000E+00   0.000000E+00   0.000000E+00        0.000000E+00
    77740                   5             0.000000E+00   1.000000E+00   0.000000E+00        0.000000E+00
    77740                   6             0.000000E+00   0.000000E+00   1.000000E+00        0.000000E+00
    77741                   4             1.000000E+00   0.000000E+00   0.000000E+00        0.000000E+00
    77741                   5             0.000000E+00   1.000000E+00   0.000000E+00        0.000000E+00
    77741                   6             0.000000E+00   0.000000E+00   1.000000E+00        0.000000E+00
    77742                   4             1.000000E+00   0.000000E+00   0.000000E+00        0.000000E+00
    77742                   5             0.000000E+00   1.000000E+00   0.000000E+00        0.000000E+00
    77742                   6             0.000000E+00   0.000000E+00   1.000000E+00        0.000000E+00
    77755                   4             1.000000E+00   0.000000E+00   0.000000E+00        0.000000E+00
    77755                   5             0.000000E+00   1.000000E+00   0.000000E+00        0.000000E+00
    77755                   6             0.000000E+00   0.000000E+00   1.000000E+00        0.000000E+00
    77905                   4             1.000000E+00   0.000000E+00   0.000000E+00        0.000000E+00
    77905                   5             0.000000E+00   1.000000E+00   0.000000E+00        0.000000E+00
    77905                   6             0.000000E+00   0.000000E+00   1.000000E+00        0.000000E+00
    77906                   4             1.000000E+00   0.000000E+00   0.000000E+00        0.000000E+00
    77906                   5             0.000000E+00   1.000000E+00   0.000000E+00        0.000000E+00
    77906                   6             0.000000E+00   0.000000E+00   1.000000E+00        0.000000E+00
    77907                   4             1.000000E+00   0.000000E+00   0.000000E+00        0.000000E+00
    77907                   5             0.000000E+00   1.000000E+00   0.000000E+00        0.000000E+00
    77907                   6             0.000000E+00   0.000000E+00   1.000000E+00        0.000000E+00
    77908                   4             1.000000E+00   0.000000E+00   0.000000E+00        0.000000E+00
    77908                   5             0.000000E+00   1.000000E+00   0.000000E+00        0.000000E+00
    77908                   6             0.000000E+00   0.000000E+00   1.000000E+00        0.000000E+00
    77909                   4             1.000000E+00   0.000000E+00   0.000000E+00        0.000000E+00
    77909                   5             0.000000E+00   1.000000E+00   0.000000E+00        0.000000E+00
    77909                   6             0.000000E+00   0.000000E+00   1.000000E+00        0.000000E+00
    77910                   4             1.000000E+00   0.000000E+00   0.000000E+00        0.000000E+00
    77910                   5             0.000000E+00   1.000000E+00   0.000000E+00        0.000000E+00
    77910                   6             0.000000E+00   0.000000E+00   1.000000E+00        0.000000E+00
    78044                   4             1.000000E+00   0.000000E+00   0.000000E+00        0.000000E+00
    78044                   5             0.000000E+00   1.000000E+00   0.000000E+00        0.000000E+00
    78044                   6             0.000000E+00   0.000000E+00   1.000000E+00        0.000000E+00
    78045                   4             1.000000E+00   0.000000E+00   0.000000E+00        0.000000E+00
    78045                   5             0.000000E+00   1.000000E+00   0.000000E+00        0.000000E+00
    78045                   6             0.000000E+00   0.000000E+00   1.000000E+00        0.000000E+00
    78046                   4             1.000000E+00   0.000000E+00   0.000000E+00        0.000000E+00
    78046                   5             0.000000E+00   1.000000E+00   0.000000E+00        0.000000E+00
    78046                   6             0.000000E+00   0.000000E+00   1.000000E+00        0.000000E+00
    78047                   4             1.000000E+00   0.000000E+00   0.000000E+00        0.000000E+00
    78047                   5             0.000000E+00   1.000000E+00   0.000000E+00        0.000000E+00
    78047                   6             0.000000E+00   0.000000E+00   1.000000E+00        0.000000E+00
    78048                   4             1.000000E+00   0.000000E+00   0.000000E+00        0.000000E+00
    78048                   5             0.000000E+00   1.000000E+00   0.000000E+00        0.000000E+00
    78048                   6             0.000000E+00   0.000000E+00   1.000000E+00        0.000000E+00
    78049                   4             1.000000E+00   0.000000E+00   0.000000E+00        0.000000E+00
    78049                   5             0.000000E+00   1.000000E+00   0.000000E+00        0.000000E+00
    78049                   6             0.000000E+00   0.000000E+00   1.000000E+00        0.000000E+00
    78051                   4             1.000000E+00   0.000000E+00   0.000000E+00        0.000000E+00
    78051                   5             0.000000E+00   1.000000E+00   0.000000E+00        0.000000E+00
    78051                   6             0.000000E+00   0.000000E+00   1.000000E+00        0.000000E+00
    78052                   4             1.000000E+00   0.000000E+00   0.000000E+00        0.000000E+00
    78052                   5             0.000000E+00   1.000000E+00   0.000000E+00        0.000000E+00
    78052                   6             0.000000E+00   0.000000E+00   1.000000E+00        0.000000E+00
 
 
 
 
 
 
                                                                        02/28/26  22:26  ADS NASTRAN VERSION 20.2.0.23   PAGE    103
 
 
 SUBCASE 1                                                           SUBCASE 1
 
                                      G R I D   P O I N T   S I N G U L A R I T Y   T A B L E
 
     GRID               STRONGEST                  DIRECTION OF SINGULARITY                  STIFFNESS
      ID                COMPONENT            T1/R1          T2/R2          T3/R3               RATIO
    78053                   4             1.000000E+00   0.000000E+00   0.000000E+00        0.000000E+00
    78053                   5             0.000000E+00   1.000000E+00   0.000000E+00        0.000000E+00
    78053                   6             0.000000E+00   0.000000E+00   1.000000E+00        0.000000E+00
    78054                   4             1.000000E+00   0.000000E+00   0.000000E+00        0.000000E+00
    78054                   5             0.000000E+00   1.000000E+00   0.000000E+00        0.000000E+00
    78054                   6             0.000000E+00   0.000000E+00   1.000000E+00        0.000000E+00
    78305                   4             1.000000E+00   0.000000E+00   0.000000E+00        0.000000E+00
    78305                   5             0.000000E+00   1.000000E+00   0.000000E+00        0.000000E+00
    78305                   6             0.000000E+00   0.000000E+00   1.000000E+00        0.000000E+00
    78306                   4             1.000000E+00   0.000000E+00   0.000000E+00        0.000000E+00
    78306                   5             0.000000E+00   1.000000E+00   0.000000E+00        0.000000E+00
    78306                   6             0.000000E+00   0.000000E+00   1.000000E+00        0.000000E+00
    78307                   4             1.000000E+00   0.000000E+00   0.000000E+00        0.000000E+00
    78307                   5             0.000000E+00   1.000000E+00   0.000000E+00        0.000000E+00
    78307                   6             0.000000E+00   0.000000E+00   1.000000E+00        0.000000E+00
    78309                   4             1.000000E+00   0.000000E+00   0.000000E+00        0.000000E+00
    78309                   5             0.000000E+00   1.000000E+00   0.000000E+00        0.000000E+00
    78309                   6             0.000000E+00   0.000000E+00   1.000000E+00        0.000000E+00
    78310                   4             1.000000E+00   0.000000E+00   0.000000E+00        0.000000E+00
    78310                   5             0.000000E+00   1.000000E+00   0.000000E+00        0.000000E+00
    78310                   6             0.000000E+00   0.000000E+00   1.000000E+00        0.000000E+00
    78311                   4             1.000000E+00   0.000000E+00   0.000000E+00        0.000000E+00
    78311                   5             0.000000E+00   1.000000E+00   0.000000E+00        0.000000E+00
    78311                   6             0.000000E+00   0.000000E+00   1.000000E+00        0.000000E+00
    78312                   4             1.000000E+00   0.000000E+00   0.000000E+00        0.000000E+00
    78312                   5             0.000000E+00   1.000000E+00   0.000000E+00        0.000000E+00
    78312                   6             0.000000E+00   0.000000E+00   1.000000E+00        0.000000E+00
    78325                   4             1.000000E+00   0.000000E+00   0.000000E+00        0.000000E+00
    78325                   5             0.000000E+00   1.000000E+00   0.000000E+00        0.000000E+00
    78325                   6             0.000000E+00   0.000000E+00   1.000000E+00        0.000000E+00
    78326                   4             1.000000E+00   0.000000E+00   0.000000E+00        0.000000E+00
    78326                   5             0.000000E+00   1.000000E+00   0.000000E+00        0.000000E+00
    78326                   6             0.000000E+00   0.000000E+00   1.000000E+00        0.000000E+00
    78512                   4             1.000000E+00   0.000000E+00   0.000000E+00        0.000000E+00
    78512                   5             0.000000E+00   1.000000E+00   0.000000E+00        0.000000E+00
    78512                   6             0.000000E+00   0.000000E+00   1.000000E+00        0.000000E+00
    78513                   4             1.000000E+00   0.000000E+00   0.000000E+00        0.000000E+00
    78513                   5             0.000000E+00   1.000000E+00   0.000000E+00        0.000000E+00
    78513                   6             0.000000E+00   0.000000E+00   1.000000E+00        0.000000E+00
    78514                   4             1.000000E+00   0.000000E+00   0.000000E+00        0.000000E+00
    78514                   5             0.000000E+00   1.000000E+00   0.000000E+00        0.000000E+00
    78514                   6             0.000000E+00   0.000000E+00   1.000000E+00        0.000000E+00
    78516                   4             1.000000E+00   0.000000E+00   0.000000E+00        0.000000E+00
    78516                   5             0.000000E+00   1.000000E+00   0.000000E+00        0.000000E+00
    78516                   6             0.000000E+00   0.000000E+00   1.000000E+00        0.000000E+00
    78517                   4             1.000000E+00   0.000000E+00   0.000000E+00        0.000000E+00
    78517                   5             0.000000E+00   1.000000E+00   0.000000E+00        0.000000E+00
    78517                   6             0.000000E+00   0.000000E+00   1.000000E+00        0.000000E+00
    78519                   4             1.000000E+00   0.000000E+00   0.000000E+00        0.000000E+00
    78519                   5             0.000000E+00   1.000000E+00   0.000000E+00        0.000000E+00
    78519                   6             0.000000E+00   0.000000E+00   1.000000E+00        0.000000E+00
    78520                   4             1.000000E+00   0.000000E+00   0.000000E+00        0.000000E+00
    78520                   5             0.000000E+00   1.000000E+00   0.000000E+00        0.000000E+00
    78520                   6             0.000000E+00   0.000000E+00   1.000000E+00        0.000000E+00
    78521                   4             1.000000E+00   0.000000E+00   0.000000E+00        0.000000E+00
    78521                   5             0.000000E+00   1.000000E+00   0.000000E+00        0.000000E+00
    78521                   6             0.000000E+00   0.000000E+00   1.000000E+00        0.000000E+00
    78590                   4             1.000000E+00   0.000000E+00   0.000000E+00        0.000000E+00
    78590                   5             0.000000E+00   1.000000E+00   0.000000E+00        0.000000E+00
    78590                   6             0.000000E+00   0.000000E+00   1.000000E+00        0.000000E+00
 
 
 
 
 
 
                                                                        02/28/26  22:26  ADS NASTRAN VERSION 20.2.0.23   PAGE    104
 
 
 SUBCASE 1                                                           SUBCASE 1
 
                                      G R I D   P O I N T   S I N G U L A R I T Y   T A B L E
 
     GRID               STRONGEST                  DIRECTION OF SINGULARITY                  STIFFNESS
      ID                COMPONENT            T1/R1          T2/R2          T3/R3               RATIO
    78591                   4             1.000000E+00   0.000000E+00   0.000000E+00        0.000000E+00
    78591                   5             0.000000E+00   1.000000E+00   0.000000E+00        0.000000E+00
    78591                   6             0.000000E+00   0.000000E+00   1.000000E+00        0.000000E+00
    78660                   4             1.000000E+00   0.000000E+00   0.000000E+00        0.000000E+00
    78660                   5             0.000000E+00   1.000000E+00   0.000000E+00        0.000000E+00
    78660                   6             0.000000E+00   0.000000E+00   1.000000E+00        0.000000E+00
    78665                   4             1.000000E+00   0.000000E+00   0.000000E+00        0.000000E+00
    78665                   5             0.000000E+00   1.000000E+00   0.000000E+00        0.000000E+00
    78665                   6             0.000000E+00   0.000000E+00   1.000000E+00        0.000000E+00
    78673                   4             1.000000E+00   0.000000E+00   0.000000E+00        0.000000E+00
    78673                   5             0.000000E+00   1.000000E+00   0.000000E+00        0.000000E+00
    78673                   6             0.000000E+00   0.000000E+00   1.000000E+00        0.000000E+00
    78680                   4             1.000000E+00   0.000000E+00   0.000000E+00        0.000000E+00
    78680                   5             0.000000E+00   1.000000E+00   0.000000E+00        0.000000E+00
    78680                   6             0.000000E+00   0.000000E+00   1.000000E+00        0.000000E+00
    78699                   4             1.000000E+00   0.000000E+00   0.000000E+00        0.000000E+00
    78699                   5             0.000000E+00   1.000000E+00   0.000000E+00        0.000000E+00
    78699                   6             0.000000E+00   0.000000E+00   1.000000E+00        0.000000E+00
    78703                   4             1.000000E+00   0.000000E+00   0.000000E+00        0.000000E+00
    78703                   5             0.000000E+00   1.000000E+00   0.000000E+00        0.000000E+00
    78703                   6             0.000000E+00   0.000000E+00   1.000000E+00        0.000000E+00
    78706                   4             1.000000E+00   0.000000E+00   0.000000E+00        0.000000E+00
    78706                   5             0.000000E+00   1.000000E+00   0.000000E+00        0.000000E+00
    78706                   6             0.000000E+00   0.000000E+00   1.000000E+00        0.000000E+00
    78707                   4             1.000000E+00   0.000000E+00   0.000000E+00        0.000000E+00
    78707                   5             0.000000E+00   1.000000E+00   0.000000E+00        0.000000E+00
    78707                   6             0.000000E+00   0.000000E+00   1.000000E+00        0.000000E+00
    78753                   4             1.000000E+00   0.000000E+00   0.000000E+00        0.000000E+00
    78753                   5             0.000000E+00   1.000000E+00   0.000000E+00        0.000000E+00
    78753                   6             0.000000E+00   0.000000E+00   1.000000E+00        0.000000E+00
    78791                   4             1.000000E+00   0.000000E+00   0.000000E+00        0.000000E+00
    78791                   5             0.000000E+00   1.000000E+00   0.000000E+00        0.000000E+00
    78791                   6             0.000000E+00   0.000000E+00   1.000000E+00        0.000000E+00
    78792                   4             1.000000E+00   0.000000E+00   0.000000E+00        0.000000E+00
    78792                   5             0.000000E+00   1.000000E+00   0.000000E+00        0.000000E+00
    78792                   6             0.000000E+00   0.000000E+00   1.000000E+00        0.000000E+00
    78837                   4             1.000000E+00   0.000000E+00   0.000000E+00        0.000000E+00
    78837                   5             0.000000E+00   1.000000E+00   0.000000E+00        0.000000E+00
    78837                   6             0.000000E+00   0.000000E+00   1.000000E+00        0.000000E+00
    78881                   4             1.000000E+00   0.000000E+00   0.000000E+00        0.000000E+00
    78881                   5             0.000000E+00   1.000000E+00   0.000000E+00        0.000000E+00
    78881                   6             0.000000E+00   0.000000E+00   1.000000E+00        0.000000E+00
    78882                   4             1.000000E+00   0.000000E+00   0.000000E+00        0.000000E+00
    78882                   5             0.000000E+00   1.000000E+00   0.000000E+00        0.000000E+00
    78882                   6             0.000000E+00   0.000000E+00   1.000000E+00        0.000000E+00
    78884                   4             1.000000E+00   0.000000E+00   0.000000E+00        0.000000E+00
    78884                   5             0.000000E+00   1.000000E+00   0.000000E+00        0.000000E+00
    78884                   6             0.000000E+00   0.000000E+00   1.000000E+00        0.000000E+00
    78887                   4             1.000000E+00   0.000000E+00   0.000000E+00        0.000000E+00
    78887                   5             0.000000E+00   1.000000E+00   0.000000E+00        0.000000E+00
    78887                   6             0.000000E+00   0.000000E+00   1.000000E+00        0.000000E+00
    78889                   4             1.000000E+00   0.000000E+00   0.000000E+00        0.000000E+00
    78889                   5             0.000000E+00   1.000000E+00   0.000000E+00        0.000000E+00
    78889                   6             0.000000E+00   0.000000E+00   1.000000E+00        0.000000E+00
    78890                   4             1.000000E+00   0.000000E+00   0.000000E+00        0.000000E+00
    78890                   5             0.000000E+00   1.000000E+00   0.000000E+00        0.000000E+00
    78890                   6             0.000000E+00   0.000000E+00   1.000000E+00        0.000000E+00
    78891                   4             1.000000E+00   0.000000E+00   0.000000E+00        0.000000E+00
    78891                   5             0.000000E+00   1.000000E+00   0.000000E+00        0.000000E+00
    78891                   6             0.000000E+00   0.000000E+00   1.000000E+00        0.000000E+00
 
 
 
 
 
 
                                                                        02/28/26  22:26  ADS NASTRAN VERSION 20.2.0.23   PAGE    105
 
 
 SUBCASE 1                                                           SUBCASE 1
 
                                      G R I D   P O I N T   S I N G U L A R I T Y   T A B L E
 
     GRID               STRONGEST                  DIRECTION OF SINGULARITY                  STIFFNESS
      ID                COMPONENT            T1/R1          T2/R2          T3/R3               RATIO
    78892                   4             1.000000E+00   0.000000E+00   0.000000E+00        0.000000E+00
    78892                   5             0.000000E+00   1.000000E+00   0.000000E+00        0.000000E+00
    78892                   6             0.000000E+00   0.000000E+00   1.000000E+00        0.000000E+00
    78894                   4             1.000000E+00   0.000000E+00   0.000000E+00        0.000000E+00
    78894                   5             0.000000E+00   1.000000E+00   0.000000E+00        0.000000E+00
    78894                   6             0.000000E+00   0.000000E+00   1.000000E+00        0.000000E+00
    78928                   4             1.000000E+00   0.000000E+00   0.000000E+00        0.000000E+00
    78928                   5             0.000000E+00   1.000000E+00   0.000000E+00        0.000000E+00
    78928                   6             0.000000E+00   0.000000E+00   1.000000E+00        0.000000E+00
    78930                   4             1.000000E+00   0.000000E+00   0.000000E+00        0.000000E+00
    78930                   5             0.000000E+00   1.000000E+00   0.000000E+00        0.000000E+00
    78930                   6             0.000000E+00   0.000000E+00   1.000000E+00        0.000000E+00
    78931                   4             1.000000E+00   0.000000E+00   0.000000E+00        0.000000E+00
    78931                   5             0.000000E+00   1.000000E+00   0.000000E+00        0.000000E+00
    78931                   6             0.000000E+00   0.000000E+00   1.000000E+00        0.000000E+00
    78932                   4             1.000000E+00   0.000000E+00   0.000000E+00        0.000000E+00
    78932                   5             0.000000E+00   1.000000E+00   0.000000E+00        0.000000E+00
    78932                   6             0.000000E+00   0.000000E+00   1.000000E+00        0.000000E+00
    78933                   4             1.000000E+00   0.000000E+00   0.000000E+00        0.000000E+00
    78933                   5             0.000000E+00   1.000000E+00   0.000000E+00        0.000000E+00
    78933                   6             0.000000E+00   0.000000E+00   1.000000E+00        0.000000E+00
    78993                   4             1.000000E+00   0.000000E+00   0.000000E+00        0.000000E+00
    78993                   5             0.000000E+00   1.000000E+00   0.000000E+00        0.000000E+00
    78993                   6             0.000000E+00   0.000000E+00   1.000000E+00        0.000000E+00
    92750                   4             1.000000E+00   0.000000E+00   0.000000E+00        0.000000E+00
    92750                   5             0.000000E+00   1.000000E+00   0.000000E+00        0.000000E+00
    92750                   6             0.000000E+00   0.000000E+00   1.000000E+00        0.000000E+00
    92774                   4             1.000000E+00   0.000000E+00   0.000000E+00        0.000000E+00
    92774                   5             0.000000E+00   1.000000E+00   0.000000E+00        0.000000E+00
    92774                   6             0.000000E+00   0.000000E+00   1.000000E+00        0.000000E+00
    92845                   4             1.000000E+00   0.000000E+00   0.000000E+00        0.000000E+00
    92845                   5             0.000000E+00   1.000000E+00   0.000000E+00        0.000000E+00
    92845                   6             0.000000E+00   0.000000E+00   1.000000E+00        0.000000E+00
    92886                   4             1.000000E+00   0.000000E+00   0.000000E+00        0.000000E+00
    92886                   5             0.000000E+00   1.000000E+00   0.000000E+00        0.000000E+00
    92886                   6             0.000000E+00   0.000000E+00   1.000000E+00        0.000000E+00
    92909                   4             1.000000E+00   0.000000E+00   0.000000E+00        0.000000E+00
    92909                   5             0.000000E+00   1.000000E+00   0.000000E+00        0.000000E+00
    92909                   6             0.000000E+00   0.000000E+00   1.000000E+00        0.000000E+00
    92922                   4             1.000000E+00   0.000000E+00   0.000000E+00        0.000000E+00
    92922                   5             0.000000E+00   1.000000E+00   0.000000E+00        0.000000E+00
    92922                   6             0.000000E+00   0.000000E+00   1.000000E+00        0.000000E+00
    92943                   4             1.000000E+00   0.000000E+00   0.000000E+00        0.000000E+00
    92943                   5             0.000000E+00   1.000000E+00   0.000000E+00        0.000000E+00
    92943                   6             0.000000E+00   0.000000E+00   1.000000E+00        0.000000E+00
    92990                   4             1.000000E+00   0.000000E+00   0.000000E+00        0.000000E+00
    92990                   5             0.000000E+00   1.000000E+00   0.000000E+00        0.000000E+00
    92990                   6             0.000000E+00   0.000000E+00   1.000000E+00        0.000000E+00
    93002                   4             1.000000E+00   0.000000E+00   0.000000E+00        0.000000E+00
    93002                   5             0.000000E+00   1.000000E+00   0.000000E+00        0.000000E+00
    93002                   6             0.000000E+00   0.000000E+00   1.000000E+00        0.000000E+00
    93059                   4             1.000000E+00   0.000000E+00   0.000000E+00        0.000000E+00
    93059                   5             0.000000E+00   1.000000E+00   0.000000E+00        0.000000E+00
    93059                   6             0.000000E+00   0.000000E+00   1.000000E+00        0.000000E+00
    93060                   4             1.000000E+00   0.000000E+00   0.000000E+00        0.000000E+00
    93060                   5             0.000000E+00   1.000000E+00   0.000000E+00        0.000000E+00
    93060                   6             0.000000E+00   0.000000E+00   1.000000E+00        0.000000E+00
    93075                   4             1.000000E+00   0.000000E+00   0.000000E+00        0.000000E+00
    93075                   5             0.000000E+00   1.000000E+00   0.000000E+00        0.000000E+00
    93075                   6             0.000000E+00   0.000000E+00   1.000000E+00        0.000000E+00
 
 
 
 
 
 
                                                                        02/28/26  22:26  ADS NASTRAN VERSION 20.2.0.23   PAGE    106
 
 
 SUBCASE 1                                                           SUBCASE 1
 
                                      G R I D   P O I N T   S I N G U L A R I T Y   T A B L E
 
     GRID               STRONGEST                  DIRECTION OF SINGULARITY                  STIFFNESS
      ID                COMPONENT            T1/R1          T2/R2          T3/R3               RATIO
    93091                   4             1.000000E+00   0.000000E+00   0.000000E+00        0.000000E+00
    93091                   5             0.000000E+00   1.000000E+00   0.000000E+00        0.000000E+00
    93091                   6             0.000000E+00   0.000000E+00   1.000000E+00        0.000000E+00
    93092                   4             1.000000E+00   0.000000E+00   0.000000E+00        0.000000E+00
    93092                   5             0.000000E+00   1.000000E+00   0.000000E+00        0.000000E+00
    93092                   6             0.000000E+00   0.000000E+00   1.000000E+00        0.000000E+00
    93112                   4             1.000000E+00   0.000000E+00   0.000000E+00        0.000000E+00
    93112                   5             0.000000E+00   1.000000E+00   0.000000E+00        0.000000E+00
    93112                   6             0.000000E+00   0.000000E+00   1.000000E+00        0.000000E+00
    93133                   4             1.000000E+00   0.000000E+00   0.000000E+00        0.000000E+00
    93133                   5             0.000000E+00   1.000000E+00   0.000000E+00        0.000000E+00
    93133                   6             0.000000E+00   0.000000E+00   1.000000E+00        0.000000E+00
    93162                   4             1.000000E+00   0.000000E+00   0.000000E+00        0.000000E+00
    93162                   5             0.000000E+00   1.000000E+00   0.000000E+00        0.000000E+00
    93162                   6             0.000000E+00   0.000000E+00   1.000000E+00        0.000000E+00
    93184                   4             1.000000E+00   0.000000E+00   0.000000E+00        0.000000E+00
    93184                   5             0.000000E+00   1.000000E+00   0.000000E+00        0.000000E+00
    93184                   6             0.000000E+00   0.000000E+00   1.000000E+00        0.000000E+00
    93198                   4             1.000000E+00   0.000000E+00   0.000000E+00        0.000000E+00
    93198                   5             0.000000E+00   1.000000E+00   0.000000E+00        0.000000E+00
    93198                   6             0.000000E+00   0.000000E+00   1.000000E+00        0.000000E+00
    93199                   4             1.000000E+00   0.000000E+00   0.000000E+00        0.000000E+00
    93199                   5             0.000000E+00   1.000000E+00   0.000000E+00        0.000000E+00
    93199                   6             0.000000E+00   0.000000E+00   1.000000E+00        0.000000E+00
    93249                   4             1.000000E+00   0.000000E+00   0.000000E+00        0.000000E+00
    93249                   5             0.000000E+00   1.000000E+00   0.000000E+00        0.000000E+00
    93249                   6             0.000000E+00   0.000000E+00   1.000000E+00        0.000000E+00
    93278                   4             1.000000E+00   0.000000E+00   0.000000E+00        0.000000E+00
    93278                   5             0.000000E+00   1.000000E+00   0.000000E+00        0.000000E+00
    93278                   6             0.000000E+00   0.000000E+00   1.000000E+00        0.000000E+00
    93280                   4             1.000000E+00   0.000000E+00   0.000000E+00        0.000000E+00
    93280                   5             0.000000E+00   1.000000E+00   0.000000E+00        0.000000E+00
    93280                   6             0.000000E+00   0.000000E+00   1.000000E+00        0.000000E+00
    93291                   4             1.000000E+00   0.000000E+00   0.000000E+00        0.000000E+00
    93291                   5             0.000000E+00   1.000000E+00   0.000000E+00        0.000000E+00
    93291                   6             0.000000E+00   0.000000E+00   1.000000E+00        0.000000E+00
    93323                   4             1.000000E+00   0.000000E+00   0.000000E+00        0.000000E+00
    93323                   5             0.000000E+00   1.000000E+00   0.000000E+00        0.000000E+00
    93323                   6             0.000000E+00   0.000000E+00   1.000000E+00        0.000000E+00
    93359                   4             1.000000E+00   0.000000E+00   0.000000E+00        0.000000E+00
    93359                   5             0.000000E+00   1.000000E+00   0.000000E+00        0.000000E+00
    93359                   6             0.000000E+00   0.000000E+00   1.000000E+00        0.000000E+00
    93373                   4             1.000000E+00   0.000000E+00   0.000000E+00        0.000000E+00
    93373                   5             0.000000E+00   1.000000E+00   0.000000E+00        0.000000E+00
    93373                   6             0.000000E+00   0.000000E+00   1.000000E+00        0.000000E+00
    93374                   4             1.000000E+00   0.000000E+00   0.000000E+00        0.000000E+00
    93374                   5             0.000000E+00   1.000000E+00   0.000000E+00        0.000000E+00
    93374                   6             0.000000E+00   0.000000E+00   1.000000E+00        0.000000E+00
    93376                   4             1.000000E+00   0.000000E+00   0.000000E+00        0.000000E+00
    93376                   5             0.000000E+00   1.000000E+00   0.000000E+00        0.000000E+00
    93376                   6             0.000000E+00   0.000000E+00   1.000000E+00        0.000000E+00
    93377                   4             1.000000E+00   0.000000E+00   0.000000E+00        0.000000E+00
    93377                   5             0.000000E+00   1.000000E+00   0.000000E+00        0.000000E+00
    93377                   6             0.000000E+00   0.000000E+00   1.000000E+00        0.000000E+00
    93378                   4             1.000000E+00   0.000000E+00   0.000000E+00        0.000000E+00
    93378                   5             0.000000E+00   1.000000E+00   0.000000E+00        0.000000E+00
    93378                   6             0.000000E+00   0.000000E+00   1.000000E+00        0.000000E+00
    93487                   4             1.000000E+00   0.000000E+00   0.000000E+00        0.000000E+00
    93487                   5             0.000000E+00   1.000000E+00   0.000000E+00        0.000000E+00
    93487                   6             0.000000E+00   0.000000E+00   1.000000E+00        0.000000E+00
 
 
 
 
 
 
                                                                        02/28/26  22:26  ADS NASTRAN VERSION 20.2.0.23   PAGE    107
 
 
 SUBCASE 1                                                           SUBCASE 1
 
                                      G R I D   P O I N T   S I N G U L A R I T Y   T A B L E
 
     GRID               STRONGEST                  DIRECTION OF SINGULARITY                  STIFFNESS
      ID                COMPONENT            T1/R1          T2/R2          T3/R3               RATIO
    93488                   4             1.000000E+00   0.000000E+00   0.000000E+00        0.000000E+00
    93488                   5             0.000000E+00   1.000000E+00   0.000000E+00        0.000000E+00
    93488                   6             0.000000E+00   0.000000E+00   1.000000E+00        0.000000E+00
    93490                   4             1.000000E+00   0.000000E+00   0.000000E+00        0.000000E+00
    93490                   5             0.000000E+00   1.000000E+00   0.000000E+00        0.000000E+00
    93490                   6             0.000000E+00   0.000000E+00   1.000000E+00        0.000000E+00
    93491                   4             1.000000E+00   0.000000E+00   0.000000E+00        0.000000E+00
    93491                   5             0.000000E+00   1.000000E+00   0.000000E+00        0.000000E+00
    93491                   6             0.000000E+00   0.000000E+00   1.000000E+00        0.000000E+00
    93492                   4             1.000000E+00   0.000000E+00   0.000000E+00        0.000000E+00
    93492                   5             0.000000E+00   1.000000E+00   0.000000E+00        0.000000E+00
    93492                   6             0.000000E+00   0.000000E+00   1.000000E+00        0.000000E+00
    93493                   4             1.000000E+00   0.000000E+00   0.000000E+00        0.000000E+00
    93493                   5             0.000000E+00   1.000000E+00   0.000000E+00        0.000000E+00
    93493                   6             0.000000E+00   0.000000E+00   1.000000E+00        0.000000E+00
    93507                   4             1.000000E+00   0.000000E+00   0.000000E+00        0.000000E+00
    93507                   5             0.000000E+00   1.000000E+00   0.000000E+00        0.000000E+00
    93507                   6             0.000000E+00   0.000000E+00   1.000000E+00        0.000000E+00
    93657                   4             1.000000E+00   0.000000E+00   0.000000E+00        0.000000E+00
    93657                   5             0.000000E+00   1.000000E+00   0.000000E+00        0.000000E+00
    93657                   6             0.000000E+00   0.000000E+00   1.000000E+00        0.000000E+00
    93658                   4             1.000000E+00   0.000000E+00   0.000000E+00        0.000000E+00
    93658                   5             0.000000E+00   1.000000E+00   0.000000E+00        0.000000E+00
    93658                   6             0.000000E+00   0.000000E+00   1.000000E+00        0.000000E+00
    93659                   4             1.000000E+00   0.000000E+00   0.000000E+00        0.000000E+00
    93659                   5             0.000000E+00   1.000000E+00   0.000000E+00        0.000000E+00
    93659                   6             0.000000E+00   0.000000E+00   1.000000E+00        0.000000E+00
    93660                   4             1.000000E+00   0.000000E+00   0.000000E+00        0.000000E+00
    93660                   5             0.000000E+00   1.000000E+00   0.000000E+00        0.000000E+00
    93660                   6             0.000000E+00   0.000000E+00   1.000000E+00        0.000000E+00
    93661                   4             1.000000E+00   0.000000E+00   0.000000E+00        0.000000E+00
    93661                   5             0.000000E+00   1.000000E+00   0.000000E+00        0.000000E+00
    93661                   6             0.000000E+00   0.000000E+00   1.000000E+00        0.000000E+00
    93662                   4             1.000000E+00   0.000000E+00   0.000000E+00        0.000000E+00
    93662                   5             0.000000E+00   1.000000E+00   0.000000E+00        0.000000E+00
    93662                   6             0.000000E+00   0.000000E+00   1.000000E+00        0.000000E+00
    93796                   4             1.000000E+00   0.000000E+00   0.000000E+00        0.000000E+00
    93796                   5             0.000000E+00   1.000000E+00   0.000000E+00        0.000000E+00
    93796                   6             0.000000E+00   0.000000E+00   1.000000E+00        0.000000E+00
    93797                   4             1.000000E+00   0.000000E+00   0.000000E+00        0.000000E+00
    93797                   5             0.000000E+00   1.000000E+00   0.000000E+00        0.000000E+00
    93797                   6             0.000000E+00   0.000000E+00   1.000000E+00        0.000000E+00
    93798                   4             1.000000E+00   0.000000E+00   0.000000E+00        0.000000E+00
    93798                   5             0.000000E+00   1.000000E+00   0.000000E+00        0.000000E+00
    93798                   6             0.000000E+00   0.000000E+00   1.000000E+00        0.000000E+00
    93799                   4             1.000000E+00   0.000000E+00   0.000000E+00        0.000000E+00
    93799                   5             0.000000E+00   1.000000E+00   0.000000E+00        0.000000E+00
    93799                   6             0.000000E+00   0.000000E+00   1.000000E+00        0.000000E+00
    93800                   4             1.000000E+00   0.000000E+00   0.000000E+00        0.000000E+00
    93800                   5             0.000000E+00   1.000000E+00   0.000000E+00        0.000000E+00
    93800                   6             0.000000E+00   0.000000E+00   1.000000E+00        0.000000E+00
    93801                   4             1.000000E+00   0.000000E+00   0.000000E+00        0.000000E+00
    93801                   5             0.000000E+00   1.000000E+00   0.000000E+00        0.000000E+00
    93801                   6             0.000000E+00   0.000000E+00   1.000000E+00        0.000000E+00
    93803                   4             1.000000E+00   0.000000E+00   0.000000E+00        0.000000E+00
    93803                   5             0.000000E+00   1.000000E+00   0.000000E+00        0.000000E+00
    93803                   6             0.000000E+00   0.000000E+00   1.000000E+00        0.000000E+00
    93804                   4             1.000000E+00   0.000000E+00   0.000000E+00        0.000000E+00
    93804                   5             0.000000E+00   1.000000E+00   0.000000E+00        0.000000E+00
    93804                   6             0.000000E+00   0.000000E+00   1.000000E+00        0.000000E+00
 
 
 
 
 
 
                                                                        02/28/26  22:26  ADS NASTRAN VERSION 20.2.0.23   PAGE    108
 
 
 SUBCASE 1                                                           SUBCASE 1
 
                                      G R I D   P O I N T   S I N G U L A R I T Y   T A B L E
 
     GRID               STRONGEST                  DIRECTION OF SINGULARITY                  STIFFNESS
      ID                COMPONENT            T1/R1          T2/R2          T3/R3               RATIO
    93805                   4             1.000000E+00   0.000000E+00   0.000000E+00        0.000000E+00
    93805                   5             0.000000E+00   1.000000E+00   0.000000E+00        0.000000E+00
    93805                   6             0.000000E+00   0.000000E+00   1.000000E+00        0.000000E+00
    94057                   4             1.000000E+00   0.000000E+00   0.000000E+00        0.000000E+00
    94057                   5             0.000000E+00   1.000000E+00   0.000000E+00        0.000000E+00
    94057                   6             0.000000E+00   0.000000E+00   1.000000E+00        0.000000E+00
    94058                   4             1.000000E+00   0.000000E+00   0.000000E+00        0.000000E+00
    94058                   5             0.000000E+00   1.000000E+00   0.000000E+00        0.000000E+00
    94058                   6             0.000000E+00   0.000000E+00   1.000000E+00        0.000000E+00
    94059                   4             1.000000E+00   0.000000E+00   0.000000E+00        0.000000E+00
    94059                   5             0.000000E+00   1.000000E+00   0.000000E+00        0.000000E+00
    94059                   6             0.000000E+00   0.000000E+00   1.000000E+00        0.000000E+00
    94061                   4             1.000000E+00   0.000000E+00   0.000000E+00        0.000000E+00
    94061                   5             0.000000E+00   1.000000E+00   0.000000E+00        0.000000E+00
    94061                   6             0.000000E+00   0.000000E+00   1.000000E+00        0.000000E+00
    94062                   4             1.000000E+00   0.000000E+00   0.000000E+00        0.000000E+00
    94062                   5             0.000000E+00   1.000000E+00   0.000000E+00        0.000000E+00
    94062                   6             0.000000E+00   0.000000E+00   1.000000E+00        0.000000E+00
    94063                   4             1.000000E+00   0.000000E+00   0.000000E+00        0.000000E+00
    94063                   5             0.000000E+00   1.000000E+00   0.000000E+00        0.000000E+00
    94063                   6             0.000000E+00   0.000000E+00   1.000000E+00        0.000000E+00
    94064                   4             1.000000E+00   0.000000E+00   0.000000E+00        0.000000E+00
    94064                   5             0.000000E+00   1.000000E+00   0.000000E+00        0.000000E+00
    94064                   6             0.000000E+00   0.000000E+00   1.000000E+00        0.000000E+00
    94077                   4             1.000000E+00   0.000000E+00   0.000000E+00        0.000000E+00
    94077                   5             0.000000E+00   1.000000E+00   0.000000E+00        0.000000E+00
    94077                   6             0.000000E+00   0.000000E+00   1.000000E+00        0.000000E+00
    94078                   4             1.000000E+00   0.000000E+00   0.000000E+00        0.000000E+00
    94078                   5             0.000000E+00   1.000000E+00   0.000000E+00        0.000000E+00
    94078                   6             0.000000E+00   0.000000E+00   1.000000E+00        0.000000E+00
    94264                   4             1.000000E+00   0.000000E+00   0.000000E+00        0.000000E+00
    94264                   5             0.000000E+00   1.000000E+00   0.000000E+00        0.000000E+00
    94264                   6             0.000000E+00   0.000000E+00   1.000000E+00        0.000000E+00
    94265                   4             1.000000E+00   0.000000E+00   0.000000E+00        0.000000E+00
    94265                   5             0.000000E+00   1.000000E+00   0.000000E+00        0.000000E+00
    94265                   6             0.000000E+00   0.000000E+00   1.000000E+00        0.000000E+00
    94266                   4             1.000000E+00   0.000000E+00   0.000000E+00        0.000000E+00
    94266                   5             0.000000E+00   1.000000E+00   0.000000E+00        0.000000E+00
    94266                   6             0.000000E+00   0.000000E+00   1.000000E+00        0.000000E+00
    94268                   4             1.000000E+00   0.000000E+00   0.000000E+00        0.000000E+00
    94268                   5             0.000000E+00   1.000000E+00   0.000000E+00        0.000000E+00
    94268                   6             0.000000E+00   0.000000E+00   1.000000E+00        0.000000E+00
    94269                   4             1.000000E+00   0.000000E+00   0.000000E+00        0.000000E+00
    94269                   5             0.000000E+00   1.000000E+00   0.000000E+00        0.000000E+00
    94269                   6             0.000000E+00   0.000000E+00   1.000000E+00        0.000000E+00
    94271                   4             1.000000E+00   0.000000E+00   0.000000E+00        0.000000E+00
    94271                   5             0.000000E+00   1.000000E+00   0.000000E+00        0.000000E+00
    94271                   6             0.000000E+00   0.000000E+00   1.000000E+00        0.000000E+00
    94272                   4             1.000000E+00   0.000000E+00   0.000000E+00        0.000000E+00
    94272                   5             0.000000E+00   1.000000E+00   0.000000E+00        0.000000E+00
    94272                   6             0.000000E+00   0.000000E+00   1.000000E+00        0.000000E+00
    94273                   4             1.000000E+00   0.000000E+00   0.000000E+00        0.000000E+00
    94273                   5             0.000000E+00   1.000000E+00   0.000000E+00        0.000000E+00
    94273                   6             0.000000E+00   0.000000E+00   1.000000E+00        0.000000E+00
    94345                   4             1.000000E+00   0.000000E+00   0.000000E+00        0.000000E+00
    94345                   5             0.000000E+00   1.000000E+00   0.000000E+00        0.000000E+00
    94345                   6             0.000000E+00   0.000000E+00   1.000000E+00        0.000000E+00
    94346                   4             1.000000E+00   0.000000E+00   0.000000E+00        0.000000E+00
    94346                   5             0.000000E+00   1.000000E+00   0.000000E+00        0.000000E+00
    94346                   6             0.000000E+00   0.000000E+00   1.000000E+00        0.000000E+00
 
 
 
 
 
 
                                                                        02/28/26  22:26  ADS NASTRAN VERSION 20.2.0.23   PAGE    109
 
 
 SUBCASE 1                                                           SUBCASE 1
 
                                      G R I D   P O I N T   S I N G U L A R I T Y   T A B L E
 
     GRID               STRONGEST                  DIRECTION OF SINGULARITY                  STIFFNESS
      ID                COMPONENT            T1/R1          T2/R2          T3/R3               RATIO
    94411                   4             1.000000E+00   0.000000E+00   0.000000E+00        0.000000E+00
    94411                   5             0.000000E+00   1.000000E+00   0.000000E+00        0.000000E+00
    94411                   6             0.000000E+00   0.000000E+00   1.000000E+00        0.000000E+00
    94422                   4             1.000000E+00   0.000000E+00   0.000000E+00        0.000000E+00
    94422                   5             0.000000E+00   1.000000E+00   0.000000E+00        0.000000E+00
    94422                   6             0.000000E+00   0.000000E+00   1.000000E+00        0.000000E+00
    94450                   4             1.000000E+00   0.000000E+00   0.000000E+00        0.000000E+00
    94450                   5             0.000000E+00   1.000000E+00   0.000000E+00        0.000000E+00
    94450                   6             0.000000E+00   0.000000E+00   1.000000E+00        0.000000E+00
    94451                   4             1.000000E+00   0.000000E+00   0.000000E+00        0.000000E+00
    94451                   5             0.000000E+00   1.000000E+00   0.000000E+00        0.000000E+00
    94451                   6             0.000000E+00   0.000000E+00   1.000000E+00        0.000000E+00
    94454                   4             1.000000E+00   0.000000E+00   0.000000E+00        0.000000E+00
    94454                   5             0.000000E+00   1.000000E+00   0.000000E+00        0.000000E+00
    94454                   6             0.000000E+00   0.000000E+00   1.000000E+00        0.000000E+00
    94507                   4             1.000000E+00   0.000000E+00   0.000000E+00        0.000000E+00
    94507                   5             0.000000E+00   1.000000E+00   0.000000E+00        0.000000E+00
    94507                   6             0.000000E+00   0.000000E+00   1.000000E+00        0.000000E+00
    94534                   4             1.000000E+00   0.000000E+00   0.000000E+00        0.000000E+00
    94534                   5             0.000000E+00   1.000000E+00   0.000000E+00        0.000000E+00
    94534                   6             0.000000E+00   0.000000E+00   1.000000E+00        0.000000E+00
    94546                   4             1.000000E+00   0.000000E+00   0.000000E+00        0.000000E+00
    94546                   5             0.000000E+00   1.000000E+00   0.000000E+00        0.000000E+00
    94546                   6             0.000000E+00   0.000000E+00   1.000000E+00        0.000000E+00
    94547                   4             1.000000E+00   0.000000E+00   0.000000E+00        0.000000E+00
    94547                   5             0.000000E+00   1.000000E+00   0.000000E+00        0.000000E+00
    94547                   6             0.000000E+00   0.000000E+00   1.000000E+00        0.000000E+00
    94589                   4             1.000000E+00   0.000000E+00   0.000000E+00        0.000000E+00
    94589                   5             0.000000E+00   1.000000E+00   0.000000E+00        0.000000E+00
    94589                   6             0.000000E+00   0.000000E+00   1.000000E+00        0.000000E+00
    94634                   4             1.000000E+00   0.000000E+00   0.000000E+00        0.000000E+00
    94634                   5             0.000000E+00   1.000000E+00   0.000000E+00        0.000000E+00
    94634                   6             0.000000E+00   0.000000E+00   1.000000E+00        0.000000E+00
    94635                   4             1.000000E+00   0.000000E+00   0.000000E+00        0.000000E+00
    94635                   5             0.000000E+00   1.000000E+00   0.000000E+00        0.000000E+00
    94635                   6             0.000000E+00   0.000000E+00   1.000000E+00        0.000000E+00
    94637                   4             1.000000E+00   0.000000E+00   0.000000E+00        0.000000E+00
    94637                   5             0.000000E+00   1.000000E+00   0.000000E+00        0.000000E+00
    94637                   6             0.000000E+00   0.000000E+00   1.000000E+00        0.000000E+00
    94640                   4             1.000000E+00   0.000000E+00   0.000000E+00        0.000000E+00
    94640                   5             0.000000E+00   1.000000E+00   0.000000E+00        0.000000E+00
    94640                   6             0.000000E+00   0.000000E+00   1.000000E+00        0.000000E+00
    94642                   4             1.000000E+00   0.000000E+00   0.000000E+00        0.000000E+00
    94642                   5             0.000000E+00   1.000000E+00   0.000000E+00        0.000000E+00
    94642                   6             0.000000E+00   0.000000E+00   1.000000E+00        0.000000E+00
    94643                   4             1.000000E+00   0.000000E+00   0.000000E+00        0.000000E+00
    94643                   5             0.000000E+00   1.000000E+00   0.000000E+00        0.000000E+00
    94643                   6             0.000000E+00   0.000000E+00   1.000000E+00        0.000000E+00
    94644                   4             1.000000E+00   0.000000E+00   0.000000E+00        0.000000E+00
    94644                   5             0.000000E+00   1.000000E+00   0.000000E+00        0.000000E+00
    94644                   6             0.000000E+00   0.000000E+00   1.000000E+00        0.000000E+00
    94645                   4             1.000000E+00   0.000000E+00   0.000000E+00        0.000000E+00
    94645                   5             0.000000E+00   1.000000E+00   0.000000E+00        0.000000E+00
    94645                   6             0.000000E+00   0.000000E+00   1.000000E+00        0.000000E+00
    94647                   4             1.000000E+00   0.000000E+00   0.000000E+00        0.000000E+00
    94647                   5             0.000000E+00   1.000000E+00   0.000000E+00        0.000000E+00
    94647                   6             0.000000E+00   0.000000E+00   1.000000E+00        0.000000E+00
    94681                   4             1.000000E+00   0.000000E+00   0.000000E+00        0.000000E+00
    94681                   5             0.000000E+00   1.000000E+00   0.000000E+00        0.000000E+00
    94681                   6             0.000000E+00   0.000000E+00   1.000000E+00        0.000000E+00
 
 
 
 
 
 
                                                                        02/28/26  22:26  ADS NASTRAN VERSION 20.2.0.23   PAGE    110
 
 
 SUBCASE 1                                                           SUBCASE 1
 
                                      G R I D   P O I N T   S I N G U L A R I T Y   T A B L E
 
     GRID               STRONGEST                  DIRECTION OF SINGULARITY                  STIFFNESS
      ID                COMPONENT            T1/R1          T2/R2          T3/R3               RATIO
    94683                   4             1.000000E+00   0.000000E+00   0.000000E+00        0.000000E+00
    94683                   5             0.000000E+00   1.000000E+00   0.000000E+00        0.000000E+00
    94683                   6             0.000000E+00   0.000000E+00   1.000000E+00        0.000000E+00
    94684                   4             1.000000E+00   0.000000E+00   0.000000E+00        0.000000E+00
    94684                   5             0.000000E+00   1.000000E+00   0.000000E+00        0.000000E+00
    94684                   6             0.000000E+00   0.000000E+00   1.000000E+00        0.000000E+00
    94685                   4             1.000000E+00   0.000000E+00   0.000000E+00        0.000000E+00
    94685                   5             0.000000E+00   1.000000E+00   0.000000E+00        0.000000E+00
    94685                   6             0.000000E+00   0.000000E+00   1.000000E+00        0.000000E+00
    94686                   4             1.000000E+00   0.000000E+00   0.000000E+00        0.000000E+00
    94686                   5             0.000000E+00   1.000000E+00   0.000000E+00        0.000000E+00
    94686                   6             0.000000E+00   0.000000E+00   1.000000E+00        0.000000E+00
    94738                   4             1.000000E+00   0.000000E+00   0.000000E+00        0.000000E+00
    94738                   5             0.000000E+00   1.000000E+00   0.000000E+00        0.000000E+00
    94738                   6             0.000000E+00   0.000000E+00   1.000000E+00        0.000000E+00
   108500                   4             1.000000E+00   0.000000E+00   0.000000E+00        0.000000E+00
   108500                   5             0.000000E+00   1.000000E+00   0.000000E+00        0.000000E+00
   108500                   6             0.000000E+00   0.000000E+00   1.000000E+00        0.000000E+00
   108502                   4             1.000000E+00   0.000000E+00   0.000000E+00        0.000000E+00
   108502                   5             0.000000E+00   1.000000E+00   0.000000E+00        0.000000E+00
   108502                   6             0.000000E+00   0.000000E+00   1.000000E+00        0.000000E+00
   108504                   4             1.000000E+00   0.000000E+00   0.000000E+00        0.000000E+00
   108504                   5             0.000000E+00   1.000000E+00   0.000000E+00        0.000000E+00
   108504                   6             0.000000E+00   0.000000E+00   1.000000E+00        0.000000E+00
   108505                   4             1.000000E+00   0.000000E+00   0.000000E+00        0.000000E+00
   108505                   5             0.000000E+00   1.000000E+00   0.000000E+00        0.000000E+00
   108505                   6             0.000000E+00   0.000000E+00   1.000000E+00        0.000000E+00
   108507                   4             1.000000E+00   0.000000E+00   0.000000E+00        0.000000E+00
   108507                   5             0.000000E+00   1.000000E+00   0.000000E+00        0.000000E+00
   108507                   6             0.000000E+00   0.000000E+00   1.000000E+00        0.000000E+00
   108509                   4             1.000000E+00   0.000000E+00   0.000000E+00        0.000000E+00
   108509                   5             0.000000E+00   1.000000E+00   0.000000E+00        0.000000E+00
   108509                   6             0.000000E+00   0.000000E+00   1.000000E+00        0.000000E+00
   108510                   4             1.000000E+00   0.000000E+00   0.000000E+00        0.000000E+00
   108510                   5             0.000000E+00   1.000000E+00   0.000000E+00        0.000000E+00
   108510                   6             0.000000E+00   0.000000E+00   1.000000E+00        0.000000E+00
   108512                   4             1.000000E+00   0.000000E+00   0.000000E+00        0.000000E+00
   108512                   5             0.000000E+00   1.000000E+00   0.000000E+00        0.000000E+00
   108512                   6             0.000000E+00   0.000000E+00   1.000000E+00        0.000000E+00
   108515                   4             1.000000E+00   0.000000E+00   0.000000E+00        0.000000E+00
   108515                   5             0.000000E+00   1.000000E+00   0.000000E+00        0.000000E+00
   108515                   6             0.000000E+00   0.000000E+00   1.000000E+00        0.000000E+00
   108520                   4             1.000000E+00   0.000000E+00   0.000000E+00        0.000000E+00
   108520                   5             0.000000E+00   1.000000E+00   0.000000E+00        0.000000E+00
   108520                   6             0.000000E+00   0.000000E+00   1.000000E+00        0.000000E+00
   108521                   4             1.000000E+00   0.000000E+00   0.000000E+00        0.000000E+00
   108521                   5             0.000000E+00   1.000000E+00   0.000000E+00        0.000000E+00
   108521                   6             0.000000E+00   0.000000E+00   1.000000E+00        0.000000E+00
   108522                   4             1.000000E+00   0.000000E+00   0.000000E+00        0.000000E+00
   108522                   5             0.000000E+00   1.000000E+00   0.000000E+00        0.000000E+00
   108522                   6             0.000000E+00   0.000000E+00   1.000000E+00        0.000000E+00
   108524                   4             1.000000E+00   0.000000E+00   0.000000E+00        0.000000E+00
   108524                   5             0.000000E+00   1.000000E+00   0.000000E+00        0.000000E+00
   108524                   6             0.000000E+00   0.000000E+00   1.000000E+00        0.000000E+00
   108526                   4             1.000000E+00   0.000000E+00   0.000000E+00        0.000000E+00
   108526                   5             0.000000E+00   1.000000E+00   0.000000E+00        0.000000E+00
   108526                   6             0.000000E+00   0.000000E+00   1.000000E+00        0.000000E+00
   108528                   4             1.000000E+00   0.000000E+00   0.000000E+00        0.000000E+00
   108528                   5             0.000000E+00   1.000000E+00   0.000000E+00        0.000000E+00
   108528                   6             0.000000E+00   0.000000E+00   1.000000E+00        0.000000E+00
 
 
 
 
 
 
                                                                        02/28/26  22:26  ADS NASTRAN VERSION 20.2.0.23   PAGE    111
 
 
 SUBCASE 1                                                           SUBCASE 1
 
                                      G R I D   P O I N T   S I N G U L A R I T Y   T A B L E
 
     GRID               STRONGEST                  DIRECTION OF SINGULARITY                  STIFFNESS
      ID                COMPONENT            T1/R1          T2/R2          T3/R3               RATIO
   108530                   4             1.000000E+00   0.000000E+00   0.000000E+00        0.000000E+00
   108530                   5             0.000000E+00   1.000000E+00   0.000000E+00        0.000000E+00
   108530                   6             0.000000E+00   0.000000E+00   1.000000E+00        0.000000E+00
   108533                   4             1.000000E+00   0.000000E+00   0.000000E+00        0.000000E+00
   108533                   5             0.000000E+00   1.000000E+00   0.000000E+00        0.000000E+00
   108533                   6             0.000000E+00   0.000000E+00   1.000000E+00        0.000000E+00
   108534                   4             1.000000E+00   0.000000E+00   0.000000E+00        0.000000E+00
   108534                   5             0.000000E+00   1.000000E+00   0.000000E+00        0.000000E+00
   108534                   6             0.000000E+00   0.000000E+00   1.000000E+00        0.000000E+00
   108535                   4             1.000000E+00   0.000000E+00   0.000000E+00        0.000000E+00
   108535                   5             0.000000E+00   1.000000E+00   0.000000E+00        0.000000E+00
   108535                   6             0.000000E+00   0.000000E+00   1.000000E+00        0.000000E+00
   108536                   4             1.000000E+00   0.000000E+00   0.000000E+00        0.000000E+00
   108536                   5             0.000000E+00   1.000000E+00   0.000000E+00        0.000000E+00
   108536                   6             0.000000E+00   0.000000E+00   1.000000E+00        0.000000E+00
   108539                   4             1.000000E+00   0.000000E+00   0.000000E+00        0.000000E+00
   108539                   5             0.000000E+00   1.000000E+00   0.000000E+00        0.000000E+00
   108539                   6             0.000000E+00   0.000000E+00   1.000000E+00        0.000000E+00
   108541                   4             1.000000E+00   0.000000E+00   0.000000E+00        0.000000E+00
   108541                   5             0.000000E+00   1.000000E+00   0.000000E+00        0.000000E+00
   108541                   6             0.000000E+00   0.000000E+00   1.000000E+00        0.000000E+00
   108542                   4             1.000000E+00   0.000000E+00   0.000000E+00        0.000000E+00
   108542                   5             0.000000E+00   1.000000E+00   0.000000E+00        0.000000E+00
   108542                   6             0.000000E+00   0.000000E+00   1.000000E+00        0.000000E+00
   108543                   4             1.000000E+00   0.000000E+00   0.000000E+00        0.000000E+00
   108543                   5             0.000000E+00   1.000000E+00   0.000000E+00        0.000000E+00
   108543                   6             0.000000E+00   0.000000E+00   1.000000E+00        0.000000E+00
   108544                   4             1.000000E+00   0.000000E+00   0.000000E+00        0.000000E+00
   108544                   5             0.000000E+00   1.000000E+00   0.000000E+00        0.000000E+00
   108544                   6             0.000000E+00   0.000000E+00   1.000000E+00        0.000000E+00
   108545                   4             1.000000E+00   0.000000E+00   0.000000E+00        0.000000E+00
   108545                   5             0.000000E+00   1.000000E+00   0.000000E+00        0.000000E+00
   108545                   6             0.000000E+00   0.000000E+00   1.000000E+00        0.000000E+00
   108546                   4             1.000000E+00   0.000000E+00   0.000000E+00        0.000000E+00
   108546                   5             0.000000E+00   1.000000E+00   0.000000E+00        0.000000E+00
   108546                   6             0.000000E+00   0.000000E+00   1.000000E+00        0.000000E+00
   108547                   4             1.000000E+00   0.000000E+00   0.000000E+00        0.000000E+00
   108547                   5             0.000000E+00   1.000000E+00   0.000000E+00        0.000000E+00
   108547                   6             0.000000E+00   0.000000E+00   1.000000E+00        0.000000E+00
   108548                   4             1.000000E+00   0.000000E+00   0.000000E+00        0.000000E+00
   108548                   5             0.000000E+00   1.000000E+00   0.000000E+00        0.000000E+00
   108548                   6             0.000000E+00   0.000000E+00   1.000000E+00        0.000000E+00
   108549                   4             1.000000E+00   0.000000E+00   0.000000E+00        0.000000E+00
   108549                   5             0.000000E+00   1.000000E+00   0.000000E+00        0.000000E+00
   108549                   6             0.000000E+00   0.000000E+00   1.000000E+00        0.000000E+00
   108550                   4             1.000000E+00   0.000000E+00   0.000000E+00        0.000000E+00
   108550                   5             0.000000E+00   1.000000E+00   0.000000E+00        0.000000E+00
   108550                   6             0.000000E+00   0.000000E+00   1.000000E+00        0.000000E+00
   108551                   4             1.000000E+00   0.000000E+00   0.000000E+00        0.000000E+00
   108551                   5             0.000000E+00   1.000000E+00   0.000000E+00        0.000000E+00
   108551                   6             0.000000E+00   0.000000E+00   1.000000E+00        0.000000E+00
   108552                   4             1.000000E+00   0.000000E+00   0.000000E+00        0.000000E+00
   108552                   5             0.000000E+00   1.000000E+00   0.000000E+00        0.000000E+00
   108552                   6             0.000000E+00   0.000000E+00   1.000000E+00        0.000000E+00
   108553                   4             1.000000E+00   0.000000E+00   0.000000E+00        0.000000E+00
   108553                   5             0.000000E+00   1.000000E+00   0.000000E+00        0.000000E+00
   108553                   6             0.000000E+00   0.000000E+00   1.000000E+00        0.000000E+00
   108554                   4             1.000000E+00   0.000000E+00   0.000000E+00        0.000000E+00
   108554                   5             0.000000E+00   1.000000E+00   0.000000E+00        0.000000E+00
   108554                   6             0.000000E+00   0.000000E+00   1.000000E+00        0.000000E+00
 
 
 
 
 
 
                                                                        02/28/26  22:26  ADS NASTRAN VERSION 20.2.0.23   PAGE    112
 
 
 SUBCASE 1                                                           SUBCASE 1
 
                                      G R I D   P O I N T   S I N G U L A R I T Y   T A B L E
 
     GRID               STRONGEST                  DIRECTION OF SINGULARITY                  STIFFNESS
      ID                COMPONENT            T1/R1          T2/R2          T3/R3               RATIO
   108567                   4             1.000000E+00   0.000000E+00   0.000000E+00        0.000000E+00
   108567                   5             0.000000E+00   1.000000E+00   0.000000E+00        0.000000E+00
   108567                   6             0.000000E+00   0.000000E+00   1.000000E+00        0.000000E+00
   108568                   4             1.000000E+00   0.000000E+00   0.000000E+00        0.000000E+00
   108568                   5             0.000000E+00   1.000000E+00   0.000000E+00        0.000000E+00
   108568                   6             0.000000E+00   0.000000E+00   1.000000E+00        0.000000E+00
   108574                   4             1.000000E+00   0.000000E+00   0.000000E+00        0.000000E+00
   108584                   4             1.000000E+00   0.000000E+00   0.000000E+00        0.000000E+00
   108601                   4             1.000000E+00   0.000000E+00   0.000000E+00        0.000000E+00
   108601                   5             0.000000E+00   1.000000E+00   0.000000E+00        0.000000E+00
   108601                   6             0.000000E+00   0.000000E+00   1.000000E+00        0.000000E+00
   108602                   4             1.000000E+00   0.000000E+00   0.000000E+00        0.000000E+00
   108602                   5             0.000000E+00   1.000000E+00   0.000000E+00        0.000000E+00
   108602                   6             0.000000E+00   0.000000E+00   1.000000E+00        0.000000E+00
   108603                   4             1.000000E+00   0.000000E+00   0.000000E+00        0.000000E+00
   108603                   5             0.000000E+00   1.000000E+00   0.000000E+00        0.000000E+00
   108603                   6             0.000000E+00   0.000000E+00   1.000000E+00        0.000000E+00
   108604                   4             1.000000E+00   0.000000E+00   0.000000E+00        0.000000E+00
   108604                   5             0.000000E+00   1.000000E+00   0.000000E+00        0.000000E+00
   108604                   6             0.000000E+00   0.000000E+00   1.000000E+00        0.000000E+00
   108605                   4             1.000000E+00   0.000000E+00   0.000000E+00        0.000000E+00
   108605                   5             0.000000E+00   1.000000E+00   0.000000E+00        0.000000E+00
   108605                   6             0.000000E+00   0.000000E+00   1.000000E+00        0.000000E+00
   108607                   4             1.000000E+00   0.000000E+00   0.000000E+00        0.000000E+00
   108607                   5             0.000000E+00   1.000000E+00   0.000000E+00        0.000000E+00
   108607                   6             0.000000E+00   0.000000E+00   1.000000E+00        0.000000E+00
   108608                   4             1.000000E+00   0.000000E+00   0.000000E+00        0.000000E+00
   108608                   5             0.000000E+00   1.000000E+00   0.000000E+00        0.000000E+00
   108608                   6             0.000000E+00   0.000000E+00   1.000000E+00        0.000000E+00
   108610                   4             1.000000E+00   0.000000E+00   0.000000E+00        0.000000E+00
   108610                   5             0.000000E+00   1.000000E+00   0.000000E+00        0.000000E+00
   108610                   6             0.000000E+00   0.000000E+00   1.000000E+00        0.000000E+00
   108611                   4             1.000000E+00   0.000000E+00   0.000000E+00        0.000000E+00
   108611                   5             0.000000E+00   1.000000E+00   0.000000E+00        0.000000E+00
   108611                   6             0.000000E+00   0.000000E+00   1.000000E+00        0.000000E+00
   108612                   4             1.000000E+00   0.000000E+00   0.000000E+00        0.000000E+00
   108612                   5             0.000000E+00   1.000000E+00   0.000000E+00        0.000000E+00
   108612                   6             0.000000E+00   0.000000E+00   1.000000E+00        0.000000E+00
   108617                   4             1.000000E+00   0.000000E+00   0.000000E+00        0.000000E+00
   108617                   5             0.000000E+00   1.000000E+00   0.000000E+00        0.000000E+00
   108617                   6             0.000000E+00   0.000000E+00   1.000000E+00        0.000000E+00
   108624                   4             1.000000E+00   0.000000E+00   0.000000E+00        0.000000E+00
   108624                   5             0.000000E+00   1.000000E+00   0.000000E+00        0.000000E+00
   108624                   6             0.000000E+00   0.000000E+00   1.000000E+00        0.000000E+00
   108625                   4             1.000000E+00   0.000000E+00   0.000000E+00        0.000000E+00
   108625                   5             0.000000E+00   1.000000E+00   0.000000E+00        0.000000E+00
   108625                   6             0.000000E+00   0.000000E+00   1.000000E+00        0.000000E+00
   108626                   4             1.000000E+00   0.000000E+00   0.000000E+00        0.000000E+00
   108626                   5             0.000000E+00   1.000000E+00   0.000000E+00        0.000000E+00
   108626                   6             0.000000E+00   0.000000E+00   1.000000E+00        0.000000E+00
   108627                   4             1.000000E+00   0.000000E+00   0.000000E+00        0.000000E+00
   108627                   5             0.000000E+00   1.000000E+00   0.000000E+00        0.000000E+00
   108627                   6             0.000000E+00   0.000000E+00   1.000000E+00        0.000000E+00
   108628                   4             1.000000E+00   0.000000E+00   0.000000E+00        0.000000E+00
   108628                   5             0.000000E+00   1.000000E+00   0.000000E+00        0.000000E+00
   108628                   6             0.000000E+00   0.000000E+00   1.000000E+00        0.000000E+00
   108629                   4             1.000000E+00   0.000000E+00   0.000000E+00        0.000000E+00
   108629                   5             0.000000E+00   1.000000E+00   0.000000E+00        0.000000E+00
   108629                   6             0.000000E+00   0.000000E+00   1.000000E+00        0.000000E+00
   108630                   4             1.000000E+00   0.000000E+00   0.000000E+00        0.000000E+00
 
 
 
 
 
 
                                                                        02/28/26  22:26  ADS NASTRAN VERSION 20.2.0.23   PAGE    113
 
 
 SUBCASE 1                                                           SUBCASE 1
 
                                      G R I D   P O I N T   S I N G U L A R I T Y   T A B L E
 
     GRID               STRONGEST                  DIRECTION OF SINGULARITY                  STIFFNESS
      ID                COMPONENT            T1/R1          T2/R2          T3/R3               RATIO
   108630                   5             0.000000E+00   1.000000E+00   0.000000E+00        0.000000E+00
   108630                   6             0.000000E+00   0.000000E+00   1.000000E+00        0.000000E+00
   108635                   4             1.000000E+00   0.000000E+00   0.000000E+00        0.000000E+00
   108635                   5             0.000000E+00   1.000000E+00   0.000000E+00        0.000000E+00
   108635                   6             0.000000E+00   0.000000E+00   1.000000E+00        0.000000E+00
   108636                   4             1.000000E+00   0.000000E+00   0.000000E+00        0.000000E+00
   108636                   5             0.000000E+00   1.000000E+00   0.000000E+00        0.000000E+00
   108636                   6             0.000000E+00   0.000000E+00   1.000000E+00        0.000000E+00
   108637                   4             1.000000E+00   0.000000E+00   0.000000E+00        0.000000E+00
   108637                   5             0.000000E+00   1.000000E+00   0.000000E+00        0.000000E+00
   108637                   6             0.000000E+00   0.000000E+00   1.000000E+00        0.000000E+00
   108638                   4             1.000000E+00   0.000000E+00   0.000000E+00        0.000000E+00
   108638                   5             0.000000E+00   1.000000E+00   0.000000E+00        0.000000E+00
   108638                   6             0.000000E+00   0.000000E+00   1.000000E+00        0.000000E+00
   108642                   4             1.000000E+00   0.000000E+00   0.000000E+00        0.000000E+00
   108642                   5             0.000000E+00   1.000000E+00   0.000000E+00        0.000000E+00
   108642                   6             0.000000E+00   0.000000E+00   1.000000E+00        0.000000E+00
   108643                   4             1.000000E+00   0.000000E+00   0.000000E+00        0.000000E+00
   108643                   5             0.000000E+00   1.000000E+00   0.000000E+00        0.000000E+00
   108643                   6             0.000000E+00   0.000000E+00   1.000000E+00        0.000000E+00
   108644                   4             1.000000E+00   0.000000E+00   0.000000E+00        0.000000E+00
   108644                   5             0.000000E+00   1.000000E+00   0.000000E+00        0.000000E+00
   108644                   6             0.000000E+00   0.000000E+00   1.000000E+00        0.000000E+00
   108647                   4             1.000000E+00   0.000000E+00   0.000000E+00        0.000000E+00
   108647                   5             0.000000E+00   1.000000E+00   0.000000E+00        0.000000E+00
   108647                   6             0.000000E+00   0.000000E+00   1.000000E+00        0.000000E+00
   108648                   4             1.000000E+00   0.000000E+00   0.000000E+00        0.000000E+00
   108648                   5             0.000000E+00   1.000000E+00   0.000000E+00        0.000000E+00
   108648                   6             0.000000E+00   0.000000E+00   1.000000E+00        0.000000E+00
   108649                   4             1.000000E+00   0.000000E+00   0.000000E+00        0.000000E+00
   108649                   5             0.000000E+00   1.000000E+00   0.000000E+00        0.000000E+00
   108649                   6             0.000000E+00   0.000000E+00   1.000000E+00        0.000000E+00
   108650                   4             1.000000E+00   0.000000E+00   0.000000E+00        0.000000E+00
   108650                   5             0.000000E+00   1.000000E+00   0.000000E+00        0.000000E+00
   108650                   6             0.000000E+00   0.000000E+00   1.000000E+00        0.000000E+00
   108656                   4             1.000000E+00   0.000000E+00   0.000000E+00        0.000000E+00
   108656                   5             0.000000E+00   1.000000E+00   0.000000E+00        0.000000E+00
   108656                   6             0.000000E+00   0.000000E+00   1.000000E+00        0.000000E+00
   108657                   4             1.000000E+00   0.000000E+00   0.000000E+00        0.000000E+00
   108657                   5             0.000000E+00   1.000000E+00   0.000000E+00        0.000000E+00
   108657                   6             0.000000E+00   0.000000E+00   1.000000E+00        0.000000E+00
   108659                   4             1.000000E+00   0.000000E+00   0.000000E+00        0.000000E+00
   108659                   5             0.000000E+00   1.000000E+00   0.000000E+00        0.000000E+00
   108659                   6             0.000000E+00   0.000000E+00   1.000000E+00        0.000000E+00
   108663                   4             1.000000E+00   0.000000E+00   0.000000E+00        0.000000E+00
   108668                   4             1.000000E+00   0.000000E+00   0.000000E+00        0.000000E+00
   108668                   5             0.000000E+00   1.000000E+00   0.000000E+00        0.000000E+00
   108668                   6             0.000000E+00   0.000000E+00   1.000000E+00        0.000000E+00
   108669                   4             1.000000E+00   0.000000E+00   0.000000E+00        0.000000E+00
   108669                   5             0.000000E+00   1.000000E+00   0.000000E+00        0.000000E+00
   108669                   6             0.000000E+00   0.000000E+00   1.000000E+00        0.000000E+00
   108670                   4             1.000000E+00   0.000000E+00   0.000000E+00        0.000000E+00
   108670                   5             0.000000E+00   1.000000E+00   0.000000E+00        0.000000E+00
   108670                   6             0.000000E+00   0.000000E+00   1.000000E+00        0.000000E+00
   109544                   4             1.000000E+00   0.000000E+00   0.000000E+00        0.000000E+00
   109544                   5             0.000000E+00   1.000000E+00   0.000000E+00        0.000000E+00
   109544                   6             0.000000E+00   0.000000E+00   1.000000E+00        0.000000E+00
   109546                   4             1.000000E+00   0.000000E+00   0.000000E+00        0.000000E+00
   109546                   5             0.000000E+00   1.000000E+00   0.000000E+00        0.000000E+00
   109546                   6             0.000000E+00   0.000000E+00   1.000000E+00        0.000000E+00
 
 
 
 
 
 
                                                                        02/28/26  22:26  ADS NASTRAN VERSION 20.2.0.23   PAGE    114
 
 
 SUBCASE 1                                                           SUBCASE 1
 
                                      G R I D   P O I N T   S I N G U L A R I T Y   T A B L E
 
     GRID               STRONGEST                  DIRECTION OF SINGULARITY                  STIFFNESS
      ID                COMPONENT            T1/R1          T2/R2          T3/R3               RATIO
   109547                   4             1.000000E+00   0.000000E+00   0.000000E+00        0.000000E+00
   109547                   5             0.000000E+00   1.000000E+00   0.000000E+00        0.000000E+00
   109547                   6             0.000000E+00   0.000000E+00   1.000000E+00        0.000000E+00
   109548                   4             1.000000E+00   0.000000E+00   0.000000E+00        0.000000E+00
   109548                   5             0.000000E+00   1.000000E+00   0.000000E+00        0.000000E+00
   109548                   6             0.000000E+00   0.000000E+00   1.000000E+00        0.000000E+00
   109549                   4             1.000000E+00   0.000000E+00   0.000000E+00        0.000000E+00
   109549                   5             0.000000E+00   1.000000E+00   0.000000E+00        0.000000E+00
   109549                   6             0.000000E+00   0.000000E+00   1.000000E+00        0.000000E+00
   109551                   4             1.000000E+00   0.000000E+00   0.000000E+00        0.000000E+00
   109551                   5             0.000000E+00   1.000000E+00   0.000000E+00        0.000000E+00
   109551                   6             0.000000E+00   0.000000E+00   1.000000E+00        0.000000E+00
   109554                   4             1.000000E+00   0.000000E+00   0.000000E+00        0.000000E+00
   109554                   5             0.000000E+00   1.000000E+00   0.000000E+00        0.000000E+00
   109554                   6             0.000000E+00   0.000000E+00   1.000000E+00        0.000000E+00
   109555                   4             1.000000E+00   0.000000E+00   0.000000E+00        0.000000E+00
   109555                   5             0.000000E+00   1.000000E+00   0.000000E+00        0.000000E+00
   109555                   6             0.000000E+00   0.000000E+00   1.000000E+00        0.000000E+00
   109560                   4             1.000000E+00   0.000000E+00   0.000000E+00        0.000000E+00
   109560                   5             0.000000E+00   1.000000E+00   0.000000E+00        0.000000E+00
   109560                   6             0.000000E+00   0.000000E+00   1.000000E+00        0.000000E+00
   109561                   4             1.000000E+00   0.000000E+00   0.000000E+00        0.000000E+00
   109561                   5             0.000000E+00   1.000000E+00   0.000000E+00        0.000000E+00
   109561                   6             0.000000E+00   0.000000E+00   1.000000E+00        0.000000E+00
   109567                   4             1.000000E+00   0.000000E+00   0.000000E+00        0.000000E+00
   109567                   5             0.000000E+00   1.000000E+00   0.000000E+00        0.000000E+00
   109567                   6             0.000000E+00   0.000000E+00   1.000000E+00        0.000000E+00
   109568                   4             1.000000E+00   0.000000E+00   0.000000E+00        0.000000E+00
   109568                   5             0.000000E+00   1.000000E+00   0.000000E+00        0.000000E+00
   109568                   6             0.000000E+00   0.000000E+00   1.000000E+00        0.000000E+00
   109570                   4             1.000000E+00   0.000000E+00   0.000000E+00        0.000000E+00
   109570                   5             0.000000E+00   1.000000E+00   0.000000E+00        0.000000E+00
   109570                   6             0.000000E+00   0.000000E+00   1.000000E+00        0.000000E+00
   109572                   4             1.000000E+00   0.000000E+00   0.000000E+00        0.000000E+00
   109572                   5             0.000000E+00   1.000000E+00   0.000000E+00        0.000000E+00
   109572                   6             0.000000E+00   0.000000E+00   1.000000E+00        0.000000E+00
   109574                   4             1.000000E+00   0.000000E+00   0.000000E+00        0.000000E+00
   109574                   5             0.000000E+00   1.000000E+00   0.000000E+00        0.000000E+00
   109574                   6             0.000000E+00   0.000000E+00   1.000000E+00        0.000000E+00
   109576                   4             1.000000E+00   0.000000E+00   0.000000E+00        0.000000E+00
   109576                   5             0.000000E+00   1.000000E+00   0.000000E+00        0.000000E+00
   109576                   6             0.000000E+00   0.000000E+00   1.000000E+00        0.000000E+00
   109579                   4             1.000000E+00   0.000000E+00   0.000000E+00        0.000000E+00
   109579                   5             0.000000E+00   1.000000E+00   0.000000E+00        0.000000E+00
   109579                   6             0.000000E+00   0.000000E+00   1.000000E+00        0.000000E+00
   109580                   4             1.000000E+00   0.000000E+00   0.000000E+00        0.000000E+00
   109580                   5             0.000000E+00   1.000000E+00   0.000000E+00        0.000000E+00
   109580                   6             0.000000E+00   0.000000E+00   1.000000E+00        0.000000E+00
   109581                   4             1.000000E+00   0.000000E+00   0.000000E+00        0.000000E+00
   109581                   5             0.000000E+00   1.000000E+00   0.000000E+00        0.000000E+00
   109581                   6             0.000000E+00   0.000000E+00   1.000000E+00        0.000000E+00
   109582                   4             1.000000E+00   0.000000E+00   0.000000E+00        0.000000E+00
   109582                   5             0.000000E+00   1.000000E+00   0.000000E+00        0.000000E+00
   109582                   6             0.000000E+00   0.000000E+00   1.000000E+00        0.000000E+00
   109585                   4             1.000000E+00   0.000000E+00   0.000000E+00        0.000000E+00
   109585                   5             0.000000E+00   1.000000E+00   0.000000E+00        0.000000E+00
   109585                   6             0.000000E+00   0.000000E+00   1.000000E+00        0.000000E+00
   109586                   4             1.000000E+00   0.000000E+00   0.000000E+00        0.000000E+00
   109586                   5             0.000000E+00   1.000000E+00   0.000000E+00        0.000000E+00
   109586                   6             0.000000E+00   0.000000E+00   1.000000E+00        0.000000E+00
 
 
 
 
 
 
                                                                        02/28/26  22:26  ADS NASTRAN VERSION 20.2.0.23   PAGE    115
 
 
 SUBCASE 1                                                           SUBCASE 1
 
                                      G R I D   P O I N T   S I N G U L A R I T Y   T A B L E
 
     GRID               STRONGEST                  DIRECTION OF SINGULARITY                  STIFFNESS
      ID                COMPONENT            T1/R1          T2/R2          T3/R3               RATIO
   109587                   4             1.000000E+00   0.000000E+00   0.000000E+00        0.000000E+00
   109587                   5             0.000000E+00   1.000000E+00   0.000000E+00        0.000000E+00
   109587                   6             0.000000E+00   0.000000E+00   1.000000E+00        0.000000E+00
   109588                   4             1.000000E+00   0.000000E+00   0.000000E+00        0.000000E+00
   109588                   5             0.000000E+00   1.000000E+00   0.000000E+00        0.000000E+00
   109588                   6             0.000000E+00   0.000000E+00   1.000000E+00        0.000000E+00
   109589                   4             1.000000E+00   0.000000E+00   0.000000E+00        0.000000E+00
   109589                   5             0.000000E+00   1.000000E+00   0.000000E+00        0.000000E+00
   109589                   6             0.000000E+00   0.000000E+00   1.000000E+00        0.000000E+00
   109590                   4             1.000000E+00   0.000000E+00   0.000000E+00        0.000000E+00
   109590                   5             0.000000E+00   1.000000E+00   0.000000E+00        0.000000E+00
   109590                   6             0.000000E+00   0.000000E+00   1.000000E+00        0.000000E+00
   109591                   4             1.000000E+00   0.000000E+00   0.000000E+00        0.000000E+00
   109591                   5             0.000000E+00   1.000000E+00   0.000000E+00        0.000000E+00
   109591                   6             0.000000E+00   0.000000E+00   1.000000E+00        0.000000E+00
   109592                   4             1.000000E+00   0.000000E+00   0.000000E+00        0.000000E+00
   109592                   5             0.000000E+00   1.000000E+00   0.000000E+00        0.000000E+00
   109592                   6             0.000000E+00   0.000000E+00   1.000000E+00        0.000000E+00
   109593                   4             1.000000E+00   0.000000E+00   0.000000E+00        0.000000E+00
   109593                   5             0.000000E+00   1.000000E+00   0.000000E+00        0.000000E+00
   109593                   6             0.000000E+00   0.000000E+00   1.000000E+00        0.000000E+00
   109594                   4             1.000000E+00   0.000000E+00   0.000000E+00        0.000000E+00
   109594                   5             0.000000E+00   1.000000E+00   0.000000E+00        0.000000E+00
   109594                   6             0.000000E+00   0.000000E+00   1.000000E+00        0.000000E+00
   109595                   4             1.000000E+00   0.000000E+00   0.000000E+00        0.000000E+00
   109595                   5             0.000000E+00   1.000000E+00   0.000000E+00        0.000000E+00
   109595                   6             0.000000E+00   0.000000E+00   1.000000E+00        0.000000E+00
   109596                   4             1.000000E+00   0.000000E+00   0.000000E+00        0.000000E+00
   109596                   5             0.000000E+00   1.000000E+00   0.000000E+00        0.000000E+00
   109596                   6             0.000000E+00   0.000000E+00   1.000000E+00        0.000000E+00
   109597                   4             1.000000E+00   0.000000E+00   0.000000E+00        0.000000E+00
   109597                   5             0.000000E+00   1.000000E+00   0.000000E+00        0.000000E+00
   109597                   6             0.000000E+00   0.000000E+00   1.000000E+00        0.000000E+00
   109598                   4             1.000000E+00   0.000000E+00   0.000000E+00        0.000000E+00
   109598                   5             0.000000E+00   1.000000E+00   0.000000E+00        0.000000E+00
   109598                   6             0.000000E+00   0.000000E+00   1.000000E+00        0.000000E+00
   109599                   4             1.000000E+00   0.000000E+00   0.000000E+00        0.000000E+00
   109599                   5             0.000000E+00   1.000000E+00   0.000000E+00        0.000000E+00
   109599                   6             0.000000E+00   0.000000E+00   1.000000E+00        0.000000E+00
   109612                   4             1.000000E+00   0.000000E+00   0.000000E+00        0.000000E+00
   109612                   5             0.000000E+00   1.000000E+00   0.000000E+00        0.000000E+00
   109612                   6             0.000000E+00   0.000000E+00   1.000000E+00        0.000000E+00
   109613                   4             1.000000E+00   0.000000E+00   0.000000E+00        0.000000E+00
   109613                   5             0.000000E+00   1.000000E+00   0.000000E+00        0.000000E+00
   109613                   6             0.000000E+00   0.000000E+00   1.000000E+00        0.000000E+00
   109619                   6             0.000000E+00   0.000000E+00   1.000000E+00        0.000000E+00
   109629                   6             0.000000E+00   0.000000E+00   1.000000E+00        0.000000E+00
   109646                   4             1.000000E+00   0.000000E+00   0.000000E+00        0.000000E+00
   109646                   5             0.000000E+00   1.000000E+00   0.000000E+00        0.000000E+00
   109646                   6             0.000000E+00   0.000000E+00   1.000000E+00        0.000000E+00
   109647                   4             1.000000E+00   0.000000E+00   0.000000E+00        0.000000E+00
   109647                   5             0.000000E+00   1.000000E+00   0.000000E+00        0.000000E+00
   109647                   6             0.000000E+00   0.000000E+00   1.000000E+00        0.000000E+00
   109648                   4             1.000000E+00   0.000000E+00   0.000000E+00        0.000000E+00
   109648                   5             0.000000E+00   1.000000E+00   0.000000E+00        0.000000E+00
   109648                   6             0.000000E+00   0.000000E+00   1.000000E+00        0.000000E+00
   109649                   4             1.000000E+00   0.000000E+00   0.000000E+00        0.000000E+00
   109649                   5             0.000000E+00   1.000000E+00   0.000000E+00        0.000000E+00
   109649                   6             0.000000E+00   0.000000E+00   1.000000E+00        0.000000E+00
   109650                   4             1.000000E+00   0.000000E+00   0.000000E+00        0.000000E+00
 
 
 
 
 
 
                                                                        02/28/26  22:26  ADS NASTRAN VERSION 20.2.0.23   PAGE    116
 
 
 SUBCASE 1                                                           SUBCASE 1
 
                                      G R I D   P O I N T   S I N G U L A R I T Y   T A B L E
 
     GRID               STRONGEST                  DIRECTION OF SINGULARITY                  STIFFNESS
      ID                COMPONENT            T1/R1          T2/R2          T3/R3               RATIO
   109650                   5             0.000000E+00   1.000000E+00   0.000000E+00        0.000000E+00
   109650                   6             0.000000E+00   0.000000E+00   1.000000E+00        0.000000E+00
   109652                   4             1.000000E+00   0.000000E+00   0.000000E+00        0.000000E+00
   109652                   5             0.000000E+00   1.000000E+00   0.000000E+00        0.000000E+00
   109652                   6             0.000000E+00   0.000000E+00   1.000000E+00        0.000000E+00
   109653                   4             1.000000E+00   0.000000E+00   0.000000E+00        0.000000E+00
   109653                   5             0.000000E+00   1.000000E+00   0.000000E+00        0.000000E+00
   109653                   6             0.000000E+00   0.000000E+00   1.000000E+00        0.000000E+00
   109655                   4             1.000000E+00   0.000000E+00   0.000000E+00        0.000000E+00
   109655                   5             0.000000E+00   1.000000E+00   0.000000E+00        0.000000E+00
   109655                   6             0.000000E+00   0.000000E+00   1.000000E+00        0.000000E+00
   109656                   4             1.000000E+00   0.000000E+00   0.000000E+00        0.000000E+00
   109656                   5             0.000000E+00   1.000000E+00   0.000000E+00        0.000000E+00
   109656                   6             0.000000E+00   0.000000E+00   1.000000E+00        0.000000E+00
   109657                   4             1.000000E+00   0.000000E+00   0.000000E+00        0.000000E+00
   109657                   5             0.000000E+00   1.000000E+00   0.000000E+00        0.000000E+00
   109657                   6             0.000000E+00   0.000000E+00   1.000000E+00        0.000000E+00
   109658                   4             1.000000E+00   0.000000E+00   0.000000E+00        0.000000E+00
   109658                   5             0.000000E+00   1.000000E+00   0.000000E+00        0.000000E+00
   109658                   6             0.000000E+00   0.000000E+00   1.000000E+00        0.000000E+00
   109663                   4             1.000000E+00   0.000000E+00   0.000000E+00        0.000000E+00
   109663                   5             0.000000E+00   1.000000E+00   0.000000E+00        0.000000E+00
   109663                   6             0.000000E+00   0.000000E+00   1.000000E+00        0.000000E+00
   109669                   4             1.000000E+00   0.000000E+00   0.000000E+00        0.000000E+00
   109669                   5             0.000000E+00   1.000000E+00   0.000000E+00        0.000000E+00
   109669                   6             0.000000E+00   0.000000E+00   1.000000E+00        0.000000E+00
   109670                   4             1.000000E+00   0.000000E+00   0.000000E+00        0.000000E+00
   109670                   5             0.000000E+00   1.000000E+00   0.000000E+00        0.000000E+00
   109670                   6             0.000000E+00   0.000000E+00   1.000000E+00        0.000000E+00
   109671                   4             1.000000E+00   0.000000E+00   0.000000E+00        0.000000E+00
   109671                   5             0.000000E+00   1.000000E+00   0.000000E+00        0.000000E+00
   109671                   6             0.000000E+00   0.000000E+00   1.000000E+00        0.000000E+00
   109672                   4             1.000000E+00   0.000000E+00   0.000000E+00        0.000000E+00
   109672                   5             0.000000E+00   1.000000E+00   0.000000E+00        0.000000E+00
   109672                   6             0.000000E+00   0.000000E+00   1.000000E+00        0.000000E+00
   109673                   4             1.000000E+00   0.000000E+00   0.000000E+00        0.000000E+00
   109673                   5             0.000000E+00   1.000000E+00   0.000000E+00        0.000000E+00
   109673                   6             0.000000E+00   0.000000E+00   1.000000E+00        0.000000E+00
   109674                   4             1.000000E+00   0.000000E+00   0.000000E+00        0.000000E+00
   109674                   5             0.000000E+00   1.000000E+00   0.000000E+00        0.000000E+00
   109674                   6             0.000000E+00   0.000000E+00   1.000000E+00        0.000000E+00
   109675                   4             1.000000E+00   0.000000E+00   0.000000E+00        0.000000E+00
   109675                   5             0.000000E+00   1.000000E+00   0.000000E+00        0.000000E+00
   109675                   6             0.000000E+00   0.000000E+00   1.000000E+00        0.000000E+00
   109680                   4             1.000000E+00   0.000000E+00   0.000000E+00        0.000000E+00
   109680                   5             0.000000E+00   1.000000E+00   0.000000E+00        0.000000E+00
   109680                   6             0.000000E+00   0.000000E+00   1.000000E+00        0.000000E+00
   109681                   4             1.000000E+00   0.000000E+00   0.000000E+00        0.000000E+00
   109681                   5             0.000000E+00   1.000000E+00   0.000000E+00        0.000000E+00
   109681                   6             0.000000E+00   0.000000E+00   1.000000E+00        0.000000E+00
   109682                   4             1.000000E+00   0.000000E+00   0.000000E+00        0.000000E+00
   109682                   5             0.000000E+00   1.000000E+00   0.000000E+00        0.000000E+00
   109682                   6             0.000000E+00   0.000000E+00   1.000000E+00        0.000000E+00
   109687                   4             1.000000E+00   0.000000E+00   0.000000E+00        0.000000E+00
   109687                   5             0.000000E+00   1.000000E+00   0.000000E+00        0.000000E+00
   109687                   6             0.000000E+00   0.000000E+00   1.000000E+00        0.000000E+00
   109688                   4             1.000000E+00   0.000000E+00   0.000000E+00        0.000000E+00
   109688                   5             0.000000E+00   1.000000E+00   0.000000E+00        0.000000E+00
   109688                   6             0.000000E+00   0.000000E+00   1.000000E+00        0.000000E+00
   109689                   4             1.000000E+00   0.000000E+00   0.000000E+00        0.000000E+00
 
 
 
 
 
 
                                                                        02/28/26  22:26  ADS NASTRAN VERSION 20.2.0.23   PAGE    117
 
 
 SUBCASE 1                                                           SUBCASE 1
 
                                      G R I D   P O I N T   S I N G U L A R I T Y   T A B L E
 
     GRID               STRONGEST                  DIRECTION OF SINGULARITY                  STIFFNESS
      ID                COMPONENT            T1/R1          T2/R2          T3/R3               RATIO
   109689                   5             0.000000E+00   1.000000E+00   0.000000E+00        0.000000E+00
   109689                   6             0.000000E+00   0.000000E+00   1.000000E+00        0.000000E+00
   109690                   4             1.000000E+00   0.000000E+00   0.000000E+00        0.000000E+00
   109690                   5             0.000000E+00   1.000000E+00   0.000000E+00        0.000000E+00
   109690                   6             0.000000E+00   0.000000E+00   1.000000E+00        0.000000E+00
   109693                   4             1.000000E+00   0.000000E+00   0.000000E+00        0.000000E+00
   109693                   5             0.000000E+00   1.000000E+00   0.000000E+00        0.000000E+00
   109693                   6             0.000000E+00   0.000000E+00   1.000000E+00        0.000000E+00
   109694                   4             1.000000E+00   0.000000E+00   0.000000E+00        0.000000E+00
   109694                   5             0.000000E+00   1.000000E+00   0.000000E+00        0.000000E+00
   109694                   6             0.000000E+00   0.000000E+00   1.000000E+00        0.000000E+00
   109695                   4             1.000000E+00   0.000000E+00   0.000000E+00        0.000000E+00
   109695                   5             0.000000E+00   1.000000E+00   0.000000E+00        0.000000E+00
   109695                   6             0.000000E+00   0.000000E+00   1.000000E+00        0.000000E+00
   109701                   4             1.000000E+00   0.000000E+00   0.000000E+00        0.000000E+00
   109701                   5             0.000000E+00   1.000000E+00   0.000000E+00        0.000000E+00
   109701                   6             0.000000E+00   0.000000E+00   1.000000E+00        0.000000E+00
   109702                   4             1.000000E+00   0.000000E+00   0.000000E+00        0.000000E+00
   109702                   5             0.000000E+00   1.000000E+00   0.000000E+00        0.000000E+00
   109702                   6             0.000000E+00   0.000000E+00   1.000000E+00        0.000000E+00
   109704                   4             1.000000E+00   0.000000E+00   0.000000E+00        0.000000E+00
   109704                   5             0.000000E+00   1.000000E+00   0.000000E+00        0.000000E+00
   109704                   6             0.000000E+00   0.000000E+00   1.000000E+00        0.000000E+00
   109708                   6             0.000000E+00   0.000000E+00   1.000000E+00        0.000000E+00
   109713                   4             1.000000E+00   0.000000E+00   0.000000E+00        0.000000E+00
   109713                   5             0.000000E+00   1.000000E+00   0.000000E+00        0.000000E+00
   109713                   6             0.000000E+00   0.000000E+00   1.000000E+00        0.000000E+00
   109714                   4             1.000000E+00   0.000000E+00   0.000000E+00        0.000000E+00
   109714                   5             0.000000E+00   1.000000E+00   0.000000E+00        0.000000E+00
   109714                   6             0.000000E+00   0.000000E+00   1.000000E+00        0.000000E+00
   109715                   4             1.000000E+00   0.000000E+00   0.000000E+00        0.000000E+00
   109715                   5             0.000000E+00   1.000000E+00   0.000000E+00        0.000000E+00
   109715                   6             0.000000E+00   0.000000E+00   1.000000E+00        0.000000E+00
   110597                   4             1.000000E+00   0.000000E+00   0.000000E+00        0.000000E+00
   110597                   5             0.000000E+00   1.000000E+00   0.000000E+00        0.000000E+00
   110597                   6             0.000000E+00   0.000000E+00   1.000000E+00        0.000000E+00
   110600                   4             1.000000E+00   0.000000E+00   0.000000E+00        0.000000E+00
   110600                   5             0.000000E+00   1.000000E+00   0.000000E+00        0.000000E+00
   110600                   6             0.000000E+00   0.000000E+00   1.000000E+00        0.000000E+00
   110615                   4             1.000000E+00   0.000000E+00   0.000000E+00        0.000000E+00
   110615                   5             0.000000E+00   1.000000E+00   0.000000E+00        0.000000E+00
   110615                   6             0.000000E+00   0.000000E+00   1.000000E+00        0.000000E+00
   110644                   4             1.000000E+00   0.000000E+00   0.000000E+00        0.000000E+00
   110644                   5             0.000000E+00   1.000000E+00   0.000000E+00        0.000000E+00
   110644                   6             0.000000E+00   0.000000E+00   1.000000E+00        0.000000E+00
   110673                   4             1.000000E+00   0.000000E+00   0.000000E+00        0.000000E+00
   110673                   5             0.000000E+00   1.000000E+00   0.000000E+00        0.000000E+00
   110673                   6             0.000000E+00   0.000000E+00   1.000000E+00        0.000000E+00
   110687                   4             1.000000E+00   0.000000E+00   0.000000E+00        0.000000E+00
   110687                   5             0.000000E+00   1.000000E+00   0.000000E+00        0.000000E+00
   110687                   6             0.000000E+00   0.000000E+00   1.000000E+00        0.000000E+00
   110716                   4             1.000000E+00   0.000000E+00   0.000000E+00        0.000000E+00
   110716                   5             0.000000E+00   1.000000E+00   0.000000E+00        0.000000E+00
   110716                   6             0.000000E+00   0.000000E+00   1.000000E+00        0.000000E+00
   110717                   4             1.000000E+00   0.000000E+00   0.000000E+00        0.000000E+00
   110717                   5             0.000000E+00   1.000000E+00   0.000000E+00        0.000000E+00
   110717                   6             0.000000E+00   0.000000E+00   1.000000E+00        0.000000E+00
   110757                   4             1.000000E+00   0.000000E+00   0.000000E+00        0.000000E+00
   110757                   5             0.000000E+00   1.000000E+00   0.000000E+00        0.000000E+00
   110757                   6             0.000000E+00   0.000000E+00   1.000000E+00        0.000000E+00
 
 
 
 
 
 
                                                                        02/28/26  22:26  ADS NASTRAN VERSION 20.2.0.23   PAGE    118
 
 
 SUBCASE 1                                                           SUBCASE 1
 
                                      G R I D   P O I N T   S I N G U L A R I T Y   T A B L E
 
     GRID               STRONGEST                  DIRECTION OF SINGULARITY                  STIFFNESS
      ID                COMPONENT            T1/R1          T2/R2          T3/R3               RATIO
   110786                   4             1.000000E+00   0.000000E+00   0.000000E+00        0.000000E+00
   110786                   5             0.000000E+00   1.000000E+00   0.000000E+00        0.000000E+00
   110786                   6             0.000000E+00   0.000000E+00   1.000000E+00        0.000000E+00
   110813                   4             1.000000E+00   0.000000E+00   0.000000E+00        0.000000E+00
   110813                   5             0.000000E+00   1.000000E+00   0.000000E+00        0.000000E+00
   110813                   6             0.000000E+00   0.000000E+00   1.000000E+00        0.000000E+00
   110815                   4             1.000000E+00   0.000000E+00   0.000000E+00        0.000000E+00
   110815                   5             0.000000E+00   1.000000E+00   0.000000E+00        0.000000E+00
   110815                   6             0.000000E+00   0.000000E+00   1.000000E+00        0.000000E+00
   110828                   4             1.000000E+00   0.000000E+00   0.000000E+00        0.000000E+00
   110828                   5             0.000000E+00   1.000000E+00   0.000000E+00        0.000000E+00
   110828                   6             0.000000E+00   0.000000E+00   1.000000E+00        0.000000E+00
   110875                   4             1.000000E+00   0.000000E+00   0.000000E+00        0.000000E+00
   110875                   5             0.000000E+00   1.000000E+00   0.000000E+00        0.000000E+00
   110875                   6             0.000000E+00   0.000000E+00   1.000000E+00        0.000000E+00
   110885                   4             1.000000E+00   0.000000E+00   0.000000E+00        0.000000E+00
   110885                   5             0.000000E+00   1.000000E+00   0.000000E+00        0.000000E+00
   110885                   6             0.000000E+00   0.000000E+00   1.000000E+00        0.000000E+00
   110886                   4             1.000000E+00   0.000000E+00   0.000000E+00        0.000000E+00
   110886                   5             0.000000E+00   1.000000E+00   0.000000E+00        0.000000E+00
   110886                   6             0.000000E+00   0.000000E+00   1.000000E+00        0.000000E+00
   110892                   4             1.000000E+00   0.000000E+00   0.000000E+00        0.000000E+00
   110892                   5             0.000000E+00   1.000000E+00   0.000000E+00        0.000000E+00
   110892                   6             0.000000E+00   0.000000E+00   1.000000E+00        0.000000E+00
   110913                   4             1.000000E+00   0.000000E+00   0.000000E+00        0.000000E+00
   110913                   5             0.000000E+00   1.000000E+00   0.000000E+00        0.000000E+00
   110913                   6             0.000000E+00   0.000000E+00   1.000000E+00        0.000000E+00
   110926                   4             1.000000E+00   0.000000E+00   0.000000E+00        0.000000E+00
   110926                   5             0.000000E+00   1.000000E+00   0.000000E+00        0.000000E+00
   110926                   6             0.000000E+00   0.000000E+00   1.000000E+00        0.000000E+00
   110932                   4             1.000000E+00   0.000000E+00   0.000000E+00        0.000000E+00
   110932                   5             0.000000E+00   1.000000E+00   0.000000E+00        0.000000E+00
   110932                   6             0.000000E+00   0.000000E+00   1.000000E+00        0.000000E+00
   110933                   4             1.000000E+00   0.000000E+00   0.000000E+00        0.000000E+00
   110933                   5             0.000000E+00   1.000000E+00   0.000000E+00        0.000000E+00
   110933                   6             0.000000E+00   0.000000E+00   1.000000E+00        0.000000E+00
   110966                   4             1.000000E+00   0.000000E+00   0.000000E+00        0.000000E+00
   110966                   5             0.000000E+00   1.000000E+00   0.000000E+00        0.000000E+00
   110966                   6             0.000000E+00   0.000000E+00   1.000000E+00        0.000000E+00
   110967                   4             1.000000E+00   0.000000E+00   0.000000E+00        0.000000E+00
   110967                   5             0.000000E+00   1.000000E+00   0.000000E+00        0.000000E+00
   110967                   6             0.000000E+00   0.000000E+00   1.000000E+00        0.000000E+00
   110968                   4             1.000000E+00   0.000000E+00   0.000000E+00        0.000000E+00
   110968                   5             0.000000E+00   1.000000E+00   0.000000E+00        0.000000E+00
   110968                   6             0.000000E+00   0.000000E+00   1.000000E+00        0.000000E+00
   110978                   4             1.000000E+00   0.000000E+00   0.000000E+00        0.000000E+00
   110978                   5             0.000000E+00   1.000000E+00   0.000000E+00        0.000000E+00
   110978                   6             0.000000E+00   0.000000E+00   1.000000E+00        0.000000E+00
   110983                   4             1.000000E+00   0.000000E+00   0.000000E+00        0.000000E+00
   110983                   5             0.000000E+00   1.000000E+00   0.000000E+00        0.000000E+00
   110983                   6             0.000000E+00   0.000000E+00   1.000000E+00        0.000000E+00
   111026                   4             1.000000E+00   0.000000E+00   0.000000E+00        0.000000E+00
   111026                   5             0.000000E+00   1.000000E+00   0.000000E+00        0.000000E+00
   111026                   6             0.000000E+00   0.000000E+00   1.000000E+00        0.000000E+00
   111033                   4             1.000000E+00   0.000000E+00   0.000000E+00        0.000000E+00
   111033                   5             0.000000E+00   1.000000E+00   0.000000E+00        0.000000E+00
   111033                   6             0.000000E+00   0.000000E+00   1.000000E+00        0.000000E+00
   111052                   4             1.000000E+00   0.000000E+00   0.000000E+00        0.000000E+00
   111052                   5             0.000000E+00   1.000000E+00   0.000000E+00        0.000000E+00
   111052                   6             0.000000E+00   0.000000E+00   1.000000E+00        0.000000E+00
 
 
 
 
 
 
                                                                        02/28/26  22:26  ADS NASTRAN VERSION 20.2.0.23   PAGE    119
 
 
 SUBCASE 1                                                           SUBCASE 1
 
                                      G R I D   P O I N T   S I N G U L A R I T Y   T A B L E
 
     GRID               STRONGEST                  DIRECTION OF SINGULARITY                  STIFFNESS
      ID                COMPONENT            T1/R1          T2/R2          T3/R3               RATIO
   111074                   4             1.000000E+00   0.000000E+00   0.000000E+00        0.000000E+00
   111074                   5             0.000000E+00   1.000000E+00   0.000000E+00        0.000000E+00
   111074                   6             0.000000E+00   0.000000E+00   1.000000E+00        0.000000E+00
   111211                   4             1.000000E+00   0.000000E+00   0.000000E+00        0.000000E+00
   111211                   5             0.000000E+00   1.000000E+00   0.000000E+00        0.000000E+00
   111211                   6             0.000000E+00   0.000000E+00   1.000000E+00        0.000000E+00
   111220                   4             1.000000E+00   0.000000E+00   0.000000E+00        0.000000E+00
   111220                   5             0.000000E+00   1.000000E+00   0.000000E+00        0.000000E+00
   111220                   6             0.000000E+00   0.000000E+00   1.000000E+00        0.000000E+00
   111233                   4             1.000000E+00   0.000000E+00   0.000000E+00        0.000000E+00
   111233                   5             0.000000E+00   1.000000E+00   0.000000E+00        0.000000E+00
   111233                   6             0.000000E+00   0.000000E+00   1.000000E+00        0.000000E+00
   111253                   4             1.000000E+00   0.000000E+00   0.000000E+00        0.000000E+00
   111253                   5             0.000000E+00   1.000000E+00   0.000000E+00        0.000000E+00
   111253                   6             0.000000E+00   0.000000E+00   1.000000E+00        0.000000E+00
   111254                   4             1.000000E+00   0.000000E+00   0.000000E+00        0.000000E+00
   111254                   5             0.000000E+00   1.000000E+00   0.000000E+00        0.000000E+00
   111254                   6             0.000000E+00   0.000000E+00   1.000000E+00        0.000000E+00
   111266                   4             1.000000E+00   0.000000E+00   0.000000E+00        0.000000E+00
   111266                   5             0.000000E+00   1.000000E+00   0.000000E+00        0.000000E+00
   111266                   6             0.000000E+00   0.000000E+00   1.000000E+00        0.000000E+00
   111268                   4             1.000000E+00   0.000000E+00   0.000000E+00        0.000000E+00
   111268                   5             0.000000E+00   1.000000E+00   0.000000E+00        0.000000E+00
   111268                   6             0.000000E+00   0.000000E+00   1.000000E+00        0.000000E+00
   111360                   4             1.000000E+00   0.000000E+00   0.000000E+00        0.000000E+00
   111360                   5             0.000000E+00   1.000000E+00   0.000000E+00        0.000000E+00
   111360                   6             0.000000E+00   0.000000E+00   1.000000E+00        0.000000E+00
   111373                   4             1.000000E+00   0.000000E+00   0.000000E+00        0.000000E+00
   111373                   5             0.000000E+00   1.000000E+00   0.000000E+00        0.000000E+00
   111373                   6             0.000000E+00   0.000000E+00   1.000000E+00        0.000000E+00
   111374                   4             1.000000E+00   0.000000E+00   0.000000E+00        0.000000E+00
   111374                   5             0.000000E+00   1.000000E+00   0.000000E+00        0.000000E+00
   111374                   6             0.000000E+00   0.000000E+00   1.000000E+00        0.000000E+00
   111375                   4             1.000000E+00   0.000000E+00   0.000000E+00        0.000000E+00
   111375                   5             0.000000E+00   1.000000E+00   0.000000E+00        0.000000E+00
   111375                   6             0.000000E+00   0.000000E+00   1.000000E+00        0.000000E+00
   111387                   4             1.000000E+00   0.000000E+00   0.000000E+00        0.000000E+00
   111387                   5             0.000000E+00   1.000000E+00   0.000000E+00        0.000000E+00
   111387                   6             0.000000E+00   0.000000E+00   1.000000E+00        0.000000E+00
   111395                   4             1.000000E+00   0.000000E+00   0.000000E+00        0.000000E+00
   111395                   5             0.000000E+00   1.000000E+00   0.000000E+00        0.000000E+00
   111395                   6             0.000000E+00   0.000000E+00   1.000000E+00        0.000000E+00
   111397                   4             1.000000E+00   0.000000E+00   0.000000E+00        0.000000E+00
   111397                   5             0.000000E+00   1.000000E+00   0.000000E+00        0.000000E+00
   111397                   6             0.000000E+00   0.000000E+00   1.000000E+00        0.000000E+00
   111398                   4             1.000000E+00   0.000000E+00   0.000000E+00        0.000000E+00
   111398                   5             0.000000E+00   1.000000E+00   0.000000E+00        0.000000E+00
   111398                   6             0.000000E+00   0.000000E+00   1.000000E+00        0.000000E+00
   111422                   4             1.000000E+00   0.000000E+00   0.000000E+00        0.000000E+00
   111422                   5             0.000000E+00   1.000000E+00   0.000000E+00        0.000000E+00
   111422                   6             0.000000E+00   0.000000E+00   1.000000E+00        0.000000E+00
   111428                   4             1.000000E+00   0.000000E+00   0.000000E+00        0.000000E+00
   111428                   5             0.000000E+00   1.000000E+00   0.000000E+00        0.000000E+00
   111428                   6             0.000000E+00   0.000000E+00   1.000000E+00        0.000000E+00
   111511                   4             1.000000E+00   0.000000E+00   0.000000E+00        0.000000E+00
   111511                   5             0.000000E+00   1.000000E+00   0.000000E+00        0.000000E+00
   111511                   6             0.000000E+00   0.000000E+00   1.000000E+00        0.000000E+00
   111512                   4             1.000000E+00   0.000000E+00   0.000000E+00        0.000000E+00
   111512                   5             0.000000E+00   1.000000E+00   0.000000E+00        0.000000E+00
   111512                   6             0.000000E+00   0.000000E+00   1.000000E+00        0.000000E+00
 
 
 
 
 
 
                                                                        02/28/26  22:26  ADS NASTRAN VERSION 20.2.0.23   PAGE    120
 
 
 SUBCASE 1                                                           SUBCASE 1
 
                                      G R I D   P O I N T   S I N G U L A R I T Y   T A B L E
 
     GRID               STRONGEST                  DIRECTION OF SINGULARITY                  STIFFNESS
      ID                COMPONENT            T1/R1          T2/R2          T3/R3               RATIO
   111566                   4             1.000000E+00   0.000000E+00   0.000000E+00        0.000000E+00
   111566                   5             0.000000E+00   1.000000E+00   0.000000E+00        0.000000E+00
   111566                   6             0.000000E+00   0.000000E+00   1.000000E+00        0.000000E+00
   111631                   4             1.000000E+00   0.000000E+00   0.000000E+00        0.000000E+00
   111631                   5             0.000000E+00   1.000000E+00   0.000000E+00        0.000000E+00
   111631                   6             0.000000E+00   0.000000E+00   1.000000E+00        0.000000E+00
   111661                   4             1.000000E+00   0.000000E+00   0.000000E+00        0.000000E+00
   111661                   5             0.000000E+00   1.000000E+00   0.000000E+00        0.000000E+00
   111661                   6             0.000000E+00   0.000000E+00   1.000000E+00        0.000000E+00
   111665                   4             1.000000E+00   0.000000E+00   0.000000E+00        0.000000E+00
   111665                   5             0.000000E+00   1.000000E+00   0.000000E+00        0.000000E+00
   111665                   6             0.000000E+00   0.000000E+00   1.000000E+00        0.000000E+00
   111669                   4             1.000000E+00   0.000000E+00   0.000000E+00        0.000000E+00
   111669                   5             0.000000E+00   1.000000E+00   0.000000E+00        0.000000E+00
   111669                   6             0.000000E+00   0.000000E+00   1.000000E+00        0.000000E+00
   111673                   4             1.000000E+00   0.000000E+00   0.000000E+00        0.000000E+00
   111673                   5             0.000000E+00   1.000000E+00   0.000000E+00        0.000000E+00
   111673                   6             0.000000E+00   0.000000E+00   1.000000E+00        0.000000E+00
   111676                   4             1.000000E+00   0.000000E+00   0.000000E+00        0.000000E+00
   111676                   5             0.000000E+00   1.000000E+00   0.000000E+00        0.000000E+00
   111676                   6             0.000000E+00   0.000000E+00   1.000000E+00        0.000000E+00
   111681                   4             1.000000E+00   0.000000E+00   0.000000E+00        0.000000E+00
   111681                   5             0.000000E+00   1.000000E+00   0.000000E+00        0.000000E+00
   111681                   6             0.000000E+00   0.000000E+00   1.000000E+00        0.000000E+00
   111710                   4             1.000000E+00   0.000000E+00   0.000000E+00        0.000000E+00
   111710                   5             0.000000E+00   1.000000E+00   0.000000E+00        0.000000E+00
   111710                   6             0.000000E+00   0.000000E+00   1.000000E+00        0.000000E+00
   111711                   4             1.000000E+00   0.000000E+00   0.000000E+00        0.000000E+00
   111711                   5             0.000000E+00   1.000000E+00   0.000000E+00        0.000000E+00
   111711                   6             0.000000E+00   0.000000E+00   1.000000E+00        0.000000E+00
   111715                   4             1.000000E+00   0.000000E+00   0.000000E+00        0.000000E+00
   111715                   5             0.000000E+00   1.000000E+00   0.000000E+00        0.000000E+00
   111715                   6             0.000000E+00   0.000000E+00   1.000000E+00        0.000000E+00
   111721                   4             1.000000E+00   0.000000E+00   0.000000E+00        0.000000E+00
   111721                   5             0.000000E+00   1.000000E+00   0.000000E+00        0.000000E+00
   111721                   6             0.000000E+00   0.000000E+00   1.000000E+00        0.000000E+00
   111727                   4             1.000000E+00   0.000000E+00   0.000000E+00        0.000000E+00
   111727                   5             0.000000E+00   1.000000E+00   0.000000E+00        0.000000E+00
   111727                   6             0.000000E+00   0.000000E+00   1.000000E+00        0.000000E+00
   111728                   4             1.000000E+00   0.000000E+00   0.000000E+00        0.000000E+00
   111728                   5             0.000000E+00   1.000000E+00   0.000000E+00        0.000000E+00
   111728                   6             0.000000E+00   0.000000E+00   1.000000E+00        0.000000E+00
   111754                   4             1.000000E+00   0.000000E+00   0.000000E+00        0.000000E+00
   111754                   5             0.000000E+00   1.000000E+00   0.000000E+00        0.000000E+00
   111754                   6             0.000000E+00   0.000000E+00   1.000000E+00        0.000000E+00
   111755                   4             1.000000E+00   0.000000E+00   0.000000E+00        0.000000E+00
   111755                   5             0.000000E+00   1.000000E+00   0.000000E+00        0.000000E+00
   111755                   6             0.000000E+00   0.000000E+00   1.000000E+00        0.000000E+00
   111759                   4             1.000000E+00   0.000000E+00   0.000000E+00        0.000000E+00
   111759                   5             0.000000E+00   1.000000E+00   0.000000E+00        0.000000E+00
   111759                   6             0.000000E+00   0.000000E+00   1.000000E+00        0.000000E+00
   111760                   4             1.000000E+00   0.000000E+00   0.000000E+00        0.000000E+00
   111760                   5             0.000000E+00   1.000000E+00   0.000000E+00        0.000000E+00
   111760                   6             0.000000E+00   0.000000E+00   1.000000E+00        0.000000E+00
   111762                   4             1.000000E+00   0.000000E+00   0.000000E+00        0.000000E+00
   111762                   5             0.000000E+00   1.000000E+00   0.000000E+00        0.000000E+00
   111762                   6             0.000000E+00   0.000000E+00   1.000000E+00        0.000000E+00
   111763                   4             1.000000E+00   0.000000E+00   0.000000E+00        0.000000E+00
   111763                   5             0.000000E+00   1.000000E+00   0.000000E+00        0.000000E+00
   111763                   6             0.000000E+00   0.000000E+00   1.000000E+00        0.000000E+00
 
 
 
 
 
 
                                                                        02/28/26  22:26  ADS NASTRAN VERSION 20.2.0.23   PAGE    121
 
 
 SUBCASE 1                                                           SUBCASE 1
 
                                      G R I D   P O I N T   S I N G U L A R I T Y   T A B L E
 
     GRID               STRONGEST                  DIRECTION OF SINGULARITY                  STIFFNESS
      ID                COMPONENT            T1/R1          T2/R2          T3/R3               RATIO
   111767                   4             1.000000E+00   0.000000E+00   0.000000E+00        0.000000E+00
   111767                   5             0.000000E+00   1.000000E+00   0.000000E+00        0.000000E+00
   111767                   6             0.000000E+00   0.000000E+00   1.000000E+00        0.000000E+00
   111768                   4             1.000000E+00   0.000000E+00   0.000000E+00        0.000000E+00
   111768                   5             0.000000E+00   1.000000E+00   0.000000E+00        0.000000E+00
   111768                   6             0.000000E+00   0.000000E+00   1.000000E+00        0.000000E+00
   111769                   4             1.000000E+00   0.000000E+00   0.000000E+00        0.000000E+00
   111769                   5             0.000000E+00   1.000000E+00   0.000000E+00        0.000000E+00
   111769                   6             0.000000E+00   0.000000E+00   1.000000E+00        0.000000E+00
   111770                   4             1.000000E+00   0.000000E+00   0.000000E+00        0.000000E+00
   111770                   5             0.000000E+00   1.000000E+00   0.000000E+00        0.000000E+00
   111770                   6             0.000000E+00   0.000000E+00   1.000000E+00        0.000000E+00
   111771                   4             1.000000E+00   0.000000E+00   0.000000E+00        0.000000E+00
   111771                   5             0.000000E+00   1.000000E+00   0.000000E+00        0.000000E+00
   111771                   6             0.000000E+00   0.000000E+00   1.000000E+00        0.000000E+00
   111871                   4             1.000000E+00   0.000000E+00   0.000000E+00        0.000000E+00
   111871                   5             0.000000E+00   1.000000E+00   0.000000E+00        0.000000E+00
   111871                   6             0.000000E+00   0.000000E+00   1.000000E+00        0.000000E+00
   111872                   4             1.000000E+00   0.000000E+00   0.000000E+00        0.000000E+00
   111872                   5             0.000000E+00   1.000000E+00   0.000000E+00        0.000000E+00
   111872                   6             0.000000E+00   0.000000E+00   1.000000E+00        0.000000E+00
   111873                   4             1.000000E+00   0.000000E+00   0.000000E+00        0.000000E+00
   111873                   5             0.000000E+00   1.000000E+00   0.000000E+00        0.000000E+00
   111873                   6             0.000000E+00   0.000000E+00   1.000000E+00        0.000000E+00
   111874                   4             1.000000E+00   0.000000E+00   0.000000E+00        0.000000E+00
   111874                   5             0.000000E+00   1.000000E+00   0.000000E+00        0.000000E+00
   111874                   6             0.000000E+00   0.000000E+00   1.000000E+00        0.000000E+00
   111957                   4             1.000000E+00   0.000000E+00   0.000000E+00        0.000000E+00
   111957                   5             0.000000E+00   1.000000E+00   0.000000E+00        0.000000E+00
   111957                   6             0.000000E+00   0.000000E+00   1.000000E+00        0.000000E+00
   111958                   4             1.000000E+00   0.000000E+00   0.000000E+00        0.000000E+00
   111958                   5             0.000000E+00   1.000000E+00   0.000000E+00        0.000000E+00
   111958                   6             0.000000E+00   0.000000E+00   1.000000E+00        0.000000E+00
   111959                   4             1.000000E+00   0.000000E+00   0.000000E+00        0.000000E+00
   111959                   5             0.000000E+00   1.000000E+00   0.000000E+00        0.000000E+00
   111959                   6             0.000000E+00   0.000000E+00   1.000000E+00        0.000000E+00
   111960                   4             1.000000E+00   0.000000E+00   0.000000E+00        0.000000E+00
   111960                   5             0.000000E+00   1.000000E+00   0.000000E+00        0.000000E+00
   111960                   6             0.000000E+00   0.000000E+00   1.000000E+00        0.000000E+00
   111961                   4             1.000000E+00   0.000000E+00   0.000000E+00        0.000000E+00
   111961                   5             0.000000E+00   1.000000E+00   0.000000E+00        0.000000E+00
   111961                   6             0.000000E+00   0.000000E+00   1.000000E+00        0.000000E+00
   111982                   4             1.000000E+00   0.000000E+00   0.000000E+00        0.000000E+00
   111982                   5             0.000000E+00   1.000000E+00   0.000000E+00        0.000000E+00
   111982                   6             0.000000E+00   0.000000E+00   1.000000E+00        0.000000E+00
   111983                   4             1.000000E+00   0.000000E+00   0.000000E+00        0.000000E+00
   111983                   5             0.000000E+00   1.000000E+00   0.000000E+00        0.000000E+00
   111983                   6             0.000000E+00   0.000000E+00   1.000000E+00        0.000000E+00
   111984                   4             1.000000E+00   0.000000E+00   0.000000E+00        0.000000E+00
   111984                   5             0.000000E+00   1.000000E+00   0.000000E+00        0.000000E+00
   111984                   6             0.000000E+00   0.000000E+00   1.000000E+00        0.000000E+00
   111985                   4             1.000000E+00   0.000000E+00   0.000000E+00        0.000000E+00
   111985                   5             0.000000E+00   1.000000E+00   0.000000E+00        0.000000E+00
   111985                   6             0.000000E+00   0.000000E+00   1.000000E+00        0.000000E+00
   111986                   4             1.000000E+00   0.000000E+00   0.000000E+00        0.000000E+00
   111986                   5             0.000000E+00   1.000000E+00   0.000000E+00        0.000000E+00
   111986                   6             0.000000E+00   0.000000E+00   1.000000E+00        0.000000E+00
   111987                   4             1.000000E+00   0.000000E+00   0.000000E+00        0.000000E+00
   111987                   5             0.000000E+00   1.000000E+00   0.000000E+00        0.000000E+00
   111987                   6             0.000000E+00   0.000000E+00   1.000000E+00        0.000000E+00
 
 
 
 
 
 
                                                                        02/28/26  22:26  ADS NASTRAN VERSION 20.2.0.23   PAGE    122
 
 
 SUBCASE 1                                                           SUBCASE 1
 
                                      G R I D   P O I N T   S I N G U L A R I T Y   T A B L E
 
     GRID               STRONGEST                  DIRECTION OF SINGULARITY                  STIFFNESS
      ID                COMPONENT            T1/R1          T2/R2          T3/R3               RATIO
   111988                   4             1.000000E+00   0.000000E+00   0.000000E+00        0.000000E+00
   111988                   5             0.000000E+00   1.000000E+00   0.000000E+00        0.000000E+00
   111988                   6             0.000000E+00   0.000000E+00   1.000000E+00        0.000000E+00
   111989                   4             1.000000E+00   0.000000E+00   0.000000E+00        0.000000E+00
   111989                   5             0.000000E+00   1.000000E+00   0.000000E+00        0.000000E+00
   111989                   6             0.000000E+00   0.000000E+00   1.000000E+00        0.000000E+00
   111990                   4             1.000000E+00   0.000000E+00   0.000000E+00        0.000000E+00
   111990                   5             0.000000E+00   1.000000E+00   0.000000E+00        0.000000E+00
   111990                   6             0.000000E+00   0.000000E+00   1.000000E+00        0.000000E+00
   111991                   4             1.000000E+00   0.000000E+00   0.000000E+00        0.000000E+00
   111991                   5             0.000000E+00   1.000000E+00   0.000000E+00        0.000000E+00
   111991                   6             0.000000E+00   0.000000E+00   1.000000E+00        0.000000E+00
   111992                   4             1.000000E+00   0.000000E+00   0.000000E+00        0.000000E+00
   111992                   5             0.000000E+00   1.000000E+00   0.000000E+00        0.000000E+00
   111992                   6             0.000000E+00   0.000000E+00   1.000000E+00        0.000000E+00
   111993                   4             1.000000E+00   0.000000E+00   0.000000E+00        0.000000E+00
   111993                   5             0.000000E+00   1.000000E+00   0.000000E+00        0.000000E+00
   111993                   6             0.000000E+00   0.000000E+00   1.000000E+00        0.000000E+00
   112084                   4             1.000000E+00   0.000000E+00   0.000000E+00        0.000000E+00
   112084                   5             0.000000E+00   1.000000E+00   0.000000E+00        0.000000E+00
   112084                   6             0.000000E+00   0.000000E+00   1.000000E+00        0.000000E+00
   112085                   4             1.000000E+00   0.000000E+00   0.000000E+00        0.000000E+00
   112085                   5             0.000000E+00   1.000000E+00   0.000000E+00        0.000000E+00
   112085                   6             0.000000E+00   0.000000E+00   1.000000E+00        0.000000E+00
   112086                   4             1.000000E+00   0.000000E+00   0.000000E+00        0.000000E+00
   112086                   5             0.000000E+00   1.000000E+00   0.000000E+00        0.000000E+00
   112086                   6             0.000000E+00   0.000000E+00   1.000000E+00        0.000000E+00
   112087                   4             1.000000E+00   0.000000E+00   0.000000E+00        0.000000E+00
   112087                   5             0.000000E+00   1.000000E+00   0.000000E+00        0.000000E+00
   112087                   6             0.000000E+00   0.000000E+00   1.000000E+00        0.000000E+00
   112088                   4             1.000000E+00   0.000000E+00   0.000000E+00        0.000000E+00
   112088                   5             0.000000E+00   1.000000E+00   0.000000E+00        0.000000E+00
   112088                   6             0.000000E+00   0.000000E+00   1.000000E+00        0.000000E+00
   112095                   4             1.000000E+00   0.000000E+00   0.000000E+00        0.000000E+00
   112095                   5             0.000000E+00   1.000000E+00   0.000000E+00        0.000000E+00
   112095                   6             0.000000E+00   0.000000E+00   1.000000E+00        0.000000E+00
   112096                   4             1.000000E+00   0.000000E+00   0.000000E+00        0.000000E+00
   112096                   5             0.000000E+00   1.000000E+00   0.000000E+00        0.000000E+00
   112096                   6             0.000000E+00   0.000000E+00   1.000000E+00        0.000000E+00
   112097                   4             1.000000E+00   0.000000E+00   0.000000E+00        0.000000E+00
   112097                   5             0.000000E+00   1.000000E+00   0.000000E+00        0.000000E+00
   112097                   6             0.000000E+00   0.000000E+00   1.000000E+00        0.000000E+00
   112098                   4             1.000000E+00   0.000000E+00   0.000000E+00        0.000000E+00
   112098                   5             0.000000E+00   1.000000E+00   0.000000E+00        0.000000E+00
   112098                   6             0.000000E+00   0.000000E+00   1.000000E+00        0.000000E+00
   112192                   4             1.000000E+00   0.000000E+00   0.000000E+00        0.000000E+00
   112192                   5             0.000000E+00   1.000000E+00   0.000000E+00        0.000000E+00
   112192                   6             0.000000E+00   0.000000E+00   1.000000E+00        0.000000E+00
   112193                   4             1.000000E+00   0.000000E+00   0.000000E+00        0.000000E+00
   112193                   5             0.000000E+00   1.000000E+00   0.000000E+00        0.000000E+00
   112193                   6             0.000000E+00   0.000000E+00   1.000000E+00        0.000000E+00
   112194                   4             1.000000E+00   0.000000E+00   0.000000E+00        0.000000E+00
   112194                   5             0.000000E+00   1.000000E+00   0.000000E+00        0.000000E+00
   112194                   6             0.000000E+00   0.000000E+00   1.000000E+00        0.000000E+00
   112195                   4             1.000000E+00   0.000000E+00   0.000000E+00        0.000000E+00
   112195                   5             0.000000E+00   1.000000E+00   0.000000E+00        0.000000E+00
   112195                   6             0.000000E+00   0.000000E+00   1.000000E+00        0.000000E+00
   112196                   4             1.000000E+00   0.000000E+00   0.000000E+00        0.000000E+00
   112196                   5             0.000000E+00   1.000000E+00   0.000000E+00        0.000000E+00
   112196                   6             0.000000E+00   0.000000E+00   1.000000E+00        0.000000E+00
 
 
 
 
 
 
                                                                        02/28/26  22:26  ADS NASTRAN VERSION 20.2.0.23   PAGE    123
 
 
 SUBCASE 1                                                           SUBCASE 1
 
                                      G R I D   P O I N T   S I N G U L A R I T Y   T A B L E
 
     GRID               STRONGEST                  DIRECTION OF SINGULARITY                  STIFFNESS
      ID                COMPONENT            T1/R1          T2/R2          T3/R3               RATIO
   112197                   4             1.000000E+00   0.000000E+00   0.000000E+00        0.000000E+00
   112197                   5             0.000000E+00   1.000000E+00   0.000000E+00        0.000000E+00
   112197                   6             0.000000E+00   0.000000E+00   1.000000E+00        0.000000E+00
   112198                   4             1.000000E+00   0.000000E+00   0.000000E+00        0.000000E+00
   112198                   5             0.000000E+00   1.000000E+00   0.000000E+00        0.000000E+00
   112198                   6             0.000000E+00   0.000000E+00   1.000000E+00        0.000000E+00
   112199                   4             1.000000E+00   0.000000E+00   0.000000E+00        0.000000E+00
   112199                   5             0.000000E+00   1.000000E+00   0.000000E+00        0.000000E+00
   112199                   6             0.000000E+00   0.000000E+00   1.000000E+00        0.000000E+00
   112200                   4             1.000000E+00   0.000000E+00   0.000000E+00        0.000000E+00
   112200                   5             0.000000E+00   1.000000E+00   0.000000E+00        0.000000E+00
   112200                   6             0.000000E+00   0.000000E+00   1.000000E+00        0.000000E+00
   112201                   4             1.000000E+00   0.000000E+00   0.000000E+00        0.000000E+00
   112201                   5             0.000000E+00   1.000000E+00   0.000000E+00        0.000000E+00
   112201                   6             0.000000E+00   0.000000E+00   1.000000E+00        0.000000E+00
   112202                   4             1.000000E+00   0.000000E+00   0.000000E+00        0.000000E+00
   112202                   5             0.000000E+00   1.000000E+00   0.000000E+00        0.000000E+00
   112202                   6             0.000000E+00   0.000000E+00   1.000000E+00        0.000000E+00
   112203                   4             1.000000E+00   0.000000E+00   0.000000E+00        0.000000E+00
   112203                   5             0.000000E+00   1.000000E+00   0.000000E+00        0.000000E+00
   112203                   6             0.000000E+00   0.000000E+00   1.000000E+00        0.000000E+00
   112204                   4             1.000000E+00   0.000000E+00   0.000000E+00        0.000000E+00
   112204                   5             0.000000E+00   1.000000E+00   0.000000E+00        0.000000E+00
   112204                   6             0.000000E+00   0.000000E+00   1.000000E+00        0.000000E+00
   112205                   4             1.000000E+00   0.000000E+00   0.000000E+00        0.000000E+00
   112205                   5             0.000000E+00   1.000000E+00   0.000000E+00        0.000000E+00
   112205                   6             0.000000E+00   0.000000E+00   1.000000E+00        0.000000E+00
   112208                   4             1.000000E+00   0.000000E+00   0.000000E+00        0.000000E+00
   112208                   5             0.000000E+00   1.000000E+00   0.000000E+00        0.000000E+00
   112208                   6             0.000000E+00   0.000000E+00   1.000000E+00        0.000000E+00
   112209                   4             1.000000E+00   0.000000E+00   0.000000E+00        0.000000E+00
   112209                   5             0.000000E+00   1.000000E+00   0.000000E+00        0.000000E+00
   112209                   6             0.000000E+00   0.000000E+00   1.000000E+00        0.000000E+00
   112210                   4             1.000000E+00   0.000000E+00   0.000000E+00        0.000000E+00
   112210                   5             0.000000E+00   1.000000E+00   0.000000E+00        0.000000E+00
   112210                   6             0.000000E+00   0.000000E+00   1.000000E+00        0.000000E+00
   112211                   4             1.000000E+00   0.000000E+00   0.000000E+00        0.000000E+00
   112211                   5             0.000000E+00   1.000000E+00   0.000000E+00        0.000000E+00
   112211                   6             0.000000E+00   0.000000E+00   1.000000E+00        0.000000E+00
   112212                   4             1.000000E+00   0.000000E+00   0.000000E+00        0.000000E+00
   112212                   5             0.000000E+00   1.000000E+00   0.000000E+00        0.000000E+00
   112212                   6             0.000000E+00   0.000000E+00   1.000000E+00        0.000000E+00
   112303                   4             1.000000E+00   0.000000E+00   0.000000E+00        0.000000E+00
   112303                   5             0.000000E+00   1.000000E+00   0.000000E+00        0.000000E+00
   112303                   6             0.000000E+00   0.000000E+00   1.000000E+00        0.000000E+00
   112304                   4             1.000000E+00   0.000000E+00   0.000000E+00        0.000000E+00
   112304                   5             0.000000E+00   1.000000E+00   0.000000E+00        0.000000E+00
   112304                   6             0.000000E+00   0.000000E+00   1.000000E+00        0.000000E+00
   112305                   4             1.000000E+00   0.000000E+00   0.000000E+00        0.000000E+00
   112305                   5             0.000000E+00   1.000000E+00   0.000000E+00        0.000000E+00
   112305                   6             0.000000E+00   0.000000E+00   1.000000E+00        0.000000E+00
   112306                   4             1.000000E+00   0.000000E+00   0.000000E+00        0.000000E+00
   112306                   5             0.000000E+00   1.000000E+00   0.000000E+00        0.000000E+00
   112306                   6             0.000000E+00   0.000000E+00   1.000000E+00        0.000000E+00
   112307                   4             1.000000E+00   0.000000E+00   0.000000E+00        0.000000E+00
   112307                   5             0.000000E+00   1.000000E+00   0.000000E+00        0.000000E+00
   112307                   6             0.000000E+00   0.000000E+00   1.000000E+00        0.000000E+00
   112308                   4             1.000000E+00   0.000000E+00   0.000000E+00        0.000000E+00
   112308                   5             0.000000E+00   1.000000E+00   0.000000E+00        0.000000E+00
   112308                   6             0.000000E+00   0.000000E+00   1.000000E+00        0.000000E+00
 
 
 
 
 
 
                                                                        02/28/26  22:26  ADS NASTRAN VERSION 20.2.0.23   PAGE    124
 
 
 SUBCASE 1                                                           SUBCASE 1
 
                                      G R I D   P O I N T   S I N G U L A R I T Y   T A B L E
 
     GRID               STRONGEST                  DIRECTION OF SINGULARITY                  STIFFNESS
      ID                COMPONENT            T1/R1          T2/R2          T3/R3               RATIO
   112309                   4             1.000000E+00   0.000000E+00   0.000000E+00        0.000000E+00
   112309                   5             0.000000E+00   1.000000E+00   0.000000E+00        0.000000E+00
   112309                   6             0.000000E+00   0.000000E+00   1.000000E+00        0.000000E+00
   112310                   4             1.000000E+00   0.000000E+00   0.000000E+00        0.000000E+00
   112310                   5             0.000000E+00   1.000000E+00   0.000000E+00        0.000000E+00
   112310                   6             0.000000E+00   0.000000E+00   1.000000E+00        0.000000E+00
   112311                   4             1.000000E+00   0.000000E+00   0.000000E+00        0.000000E+00
   112311                   5             0.000000E+00   1.000000E+00   0.000000E+00        0.000000E+00
   112311                   6             0.000000E+00   0.000000E+00   1.000000E+00        0.000000E+00
   112312                   4             1.000000E+00   0.000000E+00   0.000000E+00        0.000000E+00
   112312                   5             0.000000E+00   1.000000E+00   0.000000E+00        0.000000E+00
   112312                   6             0.000000E+00   0.000000E+00   1.000000E+00        0.000000E+00
   112409                   4             1.000000E+00   0.000000E+00   0.000000E+00        0.000000E+00
   112409                   5             0.000000E+00   1.000000E+00   0.000000E+00        0.000000E+00
   112409                   6             0.000000E+00   0.000000E+00   1.000000E+00        0.000000E+00
   112410                   4             1.000000E+00   0.000000E+00   0.000000E+00        0.000000E+00
   112410                   5             0.000000E+00   1.000000E+00   0.000000E+00        0.000000E+00
   112410                   6             0.000000E+00   0.000000E+00   1.000000E+00        0.000000E+00
   112411                   4             1.000000E+00   0.000000E+00   0.000000E+00        0.000000E+00
   112411                   5             0.000000E+00   1.000000E+00   0.000000E+00        0.000000E+00
   112411                   6             0.000000E+00   0.000000E+00   1.000000E+00        0.000000E+00
   112412                   4             1.000000E+00   0.000000E+00   0.000000E+00        0.000000E+00
   112412                   5             0.000000E+00   1.000000E+00   0.000000E+00        0.000000E+00
   112412                   6             0.000000E+00   0.000000E+00   1.000000E+00        0.000000E+00
   112495                   4             1.000000E+00   0.000000E+00   0.000000E+00        0.000000E+00
   112495                   5             0.000000E+00   1.000000E+00   0.000000E+00        0.000000E+00
   112495                   6             0.000000E+00   0.000000E+00   1.000000E+00        0.000000E+00
   112496                   4             1.000000E+00   0.000000E+00   0.000000E+00        0.000000E+00
   112496                   5             0.000000E+00   1.000000E+00   0.000000E+00        0.000000E+00
   112496                   6             0.000000E+00   0.000000E+00   1.000000E+00        0.000000E+00
   112497                   4             1.000000E+00   0.000000E+00   0.000000E+00        0.000000E+00
   112497                   5             0.000000E+00   1.000000E+00   0.000000E+00        0.000000E+00
   112497                   6             0.000000E+00   0.000000E+00   1.000000E+00        0.000000E+00
   112498                   4             1.000000E+00   0.000000E+00   0.000000E+00        0.000000E+00
   112498                   5             0.000000E+00   1.000000E+00   0.000000E+00        0.000000E+00
   112498                   6             0.000000E+00   0.000000E+00   1.000000E+00        0.000000E+00
   112499                   4             1.000000E+00   0.000000E+00   0.000000E+00        0.000000E+00
   112499                   5             0.000000E+00   1.000000E+00   0.000000E+00        0.000000E+00
   112499                   6             0.000000E+00   0.000000E+00   1.000000E+00        0.000000E+00
   112501                   4             1.000000E+00   0.000000E+00   0.000000E+00        0.000000E+00
   112501                   5             0.000000E+00   1.000000E+00   0.000000E+00        0.000000E+00
   112501                   6             0.000000E+00   0.000000E+00   1.000000E+00        0.000000E+00
   112502                   4             1.000000E+00   0.000000E+00   0.000000E+00        0.000000E+00
   112502                   5             0.000000E+00   1.000000E+00   0.000000E+00        0.000000E+00
   112502                   6             0.000000E+00   0.000000E+00   1.000000E+00        0.000000E+00
   112503                   4             1.000000E+00   0.000000E+00   0.000000E+00        0.000000E+00
   112503                   5             0.000000E+00   1.000000E+00   0.000000E+00        0.000000E+00
   112503                   6             0.000000E+00   0.000000E+00   1.000000E+00        0.000000E+00
   112504                   4             1.000000E+00   0.000000E+00   0.000000E+00        0.000000E+00
   112504                   5             0.000000E+00   1.000000E+00   0.000000E+00        0.000000E+00
   112504                   6             0.000000E+00   0.000000E+00   1.000000E+00        0.000000E+00
   112592                   4             1.000000E+00   0.000000E+00   0.000000E+00        0.000000E+00
   112592                   5             0.000000E+00   1.000000E+00   0.000000E+00        0.000000E+00
   112592                   6             0.000000E+00   0.000000E+00   1.000000E+00        0.000000E+00
   112594                   4             1.000000E+00   0.000000E+00   0.000000E+00        0.000000E+00
   112594                   5             0.000000E+00   1.000000E+00   0.000000E+00        0.000000E+00
   112594                   6             0.000000E+00   0.000000E+00   1.000000E+00        0.000000E+00
   112595                   4             1.000000E+00   0.000000E+00   0.000000E+00        0.000000E+00
   112595                   5             0.000000E+00   1.000000E+00   0.000000E+00        0.000000E+00
   112595                   6             0.000000E+00   0.000000E+00   1.000000E+00        0.000000E+00
 
 
 
 
 
 
                                                                        02/28/26  22:26  ADS NASTRAN VERSION 20.2.0.23   PAGE    125
 
 
 SUBCASE 1                                                           SUBCASE 1
 
                                      G R I D   P O I N T   S I N G U L A R I T Y   T A B L E
 
     GRID               STRONGEST                  DIRECTION OF SINGULARITY                  STIFFNESS
      ID                COMPONENT            T1/R1          T2/R2          T3/R3               RATIO
   112596                   4             1.000000E+00   0.000000E+00   0.000000E+00        0.000000E+00
   112596                   5             0.000000E+00   1.000000E+00   0.000000E+00        0.000000E+00
   112596                   6             0.000000E+00   0.000000E+00   1.000000E+00        0.000000E+00
   112597                   4             1.000000E+00   0.000000E+00   0.000000E+00        0.000000E+00
   112597                   5             0.000000E+00   1.000000E+00   0.000000E+00        0.000000E+00
   112597                   6             0.000000E+00   0.000000E+00   1.000000E+00        0.000000E+00
   112598                   4             1.000000E+00   0.000000E+00   0.000000E+00        0.000000E+00
   112598                   5             0.000000E+00   1.000000E+00   0.000000E+00        0.000000E+00
   112598                   6             0.000000E+00   0.000000E+00   1.000000E+00        0.000000E+00
   112599                   4             1.000000E+00   0.000000E+00   0.000000E+00        0.000000E+00
   112599                   5             0.000000E+00   1.000000E+00   0.000000E+00        0.000000E+00
   112599                   6             0.000000E+00   0.000000E+00   1.000000E+00        0.000000E+00
   112600                   4             1.000000E+00   0.000000E+00   0.000000E+00        0.000000E+00
   112600                   5             0.000000E+00   1.000000E+00   0.000000E+00        0.000000E+00
   112600                   6             0.000000E+00   0.000000E+00   1.000000E+00        0.000000E+00
   112601                   4             1.000000E+00   0.000000E+00   0.000000E+00        0.000000E+00
   112601                   5             0.000000E+00   1.000000E+00   0.000000E+00        0.000000E+00
   112601                   6             0.000000E+00   0.000000E+00   1.000000E+00        0.000000E+00
   112602                   4             1.000000E+00   0.000000E+00   0.000000E+00        0.000000E+00
   112602                   5             0.000000E+00   1.000000E+00   0.000000E+00        0.000000E+00
   112602                   6             0.000000E+00   0.000000E+00   1.000000E+00        0.000000E+00
   112604                   4             1.000000E+00   0.000000E+00   0.000000E+00        0.000000E+00
   112604                   5             0.000000E+00   1.000000E+00   0.000000E+00        0.000000E+00
   112604                   6             0.000000E+00   0.000000E+00   1.000000E+00        0.000000E+00
   112959                   4             1.000000E+00   0.000000E+00   0.000000E+00        0.000000E+00
   112959                   5             0.000000E+00   1.000000E+00   0.000000E+00        0.000000E+00
   112959                   6             0.000000E+00   0.000000E+00   1.000000E+00        0.000000E+00
   112960                   4             1.000000E+00   0.000000E+00   0.000000E+00        0.000000E+00
   112960                   5             0.000000E+00   1.000000E+00   0.000000E+00        0.000000E+00
   112960                   6             0.000000E+00   0.000000E+00   1.000000E+00        0.000000E+00
   112961                   4             1.000000E+00   0.000000E+00   0.000000E+00        0.000000E+00
   112961                   5             0.000000E+00   1.000000E+00   0.000000E+00        0.000000E+00
   112961                   6             0.000000E+00   0.000000E+00   1.000000E+00        0.000000E+00
   112962                   4             1.000000E+00   0.000000E+00   0.000000E+00        0.000000E+00
   112962                   5             0.000000E+00   1.000000E+00   0.000000E+00        0.000000E+00
   112962                   6             0.000000E+00   0.000000E+00   1.000000E+00        0.000000E+00
   112965                   4             1.000000E+00   0.000000E+00   0.000000E+00        0.000000E+00
   112965                   5             0.000000E+00   1.000000E+00   0.000000E+00        0.000000E+00
   112965                   6             0.000000E+00   0.000000E+00   1.000000E+00        0.000000E+00
   112966                   4             1.000000E+00   0.000000E+00   0.000000E+00        0.000000E+00
   112966                   5             0.000000E+00   1.000000E+00   0.000000E+00        0.000000E+00
   112966                   6             0.000000E+00   0.000000E+00   1.000000E+00        0.000000E+00
   112969                   4             1.000000E+00   0.000000E+00   0.000000E+00        0.000000E+00
   112969                   5             0.000000E+00   1.000000E+00   0.000000E+00        0.000000E+00
   112969                   6             0.000000E+00   0.000000E+00   1.000000E+00        0.000000E+00
   112970                   4             1.000000E+00   0.000000E+00   0.000000E+00        0.000000E+00
   112970                   5             0.000000E+00   1.000000E+00   0.000000E+00        0.000000E+00
   112970                   6             0.000000E+00   0.000000E+00   1.000000E+00        0.000000E+00
   112975                   4             1.000000E+00   0.000000E+00   0.000000E+00        0.000000E+00
   112975                   5             0.000000E+00   1.000000E+00   0.000000E+00        0.000000E+00
   112975                   6             0.000000E+00   0.000000E+00   1.000000E+00        0.000000E+00
   112976                   4             1.000000E+00   0.000000E+00   0.000000E+00        0.000000E+00
   112976                   5             0.000000E+00   1.000000E+00   0.000000E+00        0.000000E+00
   112976                   6             0.000000E+00   0.000000E+00   1.000000E+00        0.000000E+00
   113005                   4             1.000000E+00   0.000000E+00   0.000000E+00        0.000000E+00
   113005                   5             0.000000E+00   1.000000E+00   0.000000E+00        0.000000E+00
   113005                   6             0.000000E+00   0.000000E+00   1.000000E+00        0.000000E+00
   113066                   4             1.000000E+00   0.000000E+00   0.000000E+00        0.000000E+00
   113066                   5             0.000000E+00   1.000000E+00   0.000000E+00        0.000000E+00
   113066                   6             0.000000E+00   0.000000E+00   1.000000E+00        0.000000E+00
 
 
 
 
 
 
                                                                        02/28/26  22:26  ADS NASTRAN VERSION 20.2.0.23   PAGE    126
 
 
 SUBCASE 1                                                           SUBCASE 1
 
                                      G R I D   P O I N T   S I N G U L A R I T Y   T A B L E
 
     GRID               STRONGEST                  DIRECTION OF SINGULARITY                  STIFFNESS
      ID                COMPONENT            T1/R1          T2/R2          T3/R3               RATIO
   113068                   4             1.000000E+00   0.000000E+00   0.000000E+00        0.000000E+00
   113068                   5             0.000000E+00   1.000000E+00   0.000000E+00        0.000000E+00
   113068                   6             0.000000E+00   0.000000E+00   1.000000E+00        0.000000E+00
   113069                   4             1.000000E+00   0.000000E+00   0.000000E+00        0.000000E+00
   113069                   5             0.000000E+00   1.000000E+00   0.000000E+00        0.000000E+00
   113069                   6             0.000000E+00   0.000000E+00   1.000000E+00        0.000000E+00
   113070                   4             1.000000E+00   0.000000E+00   0.000000E+00        0.000000E+00
   113070                   5             0.000000E+00   1.000000E+00   0.000000E+00        0.000000E+00
   113070                   6             0.000000E+00   0.000000E+00   1.000000E+00        0.000000E+00
   113071                   4             1.000000E+00   0.000000E+00   0.000000E+00        0.000000E+00
   113071                   5             0.000000E+00   1.000000E+00   0.000000E+00        0.000000E+00
   113071                   6             0.000000E+00   0.000000E+00   1.000000E+00        0.000000E+00
   113170                   4             1.000000E+00   0.000000E+00   0.000000E+00        0.000000E+00
   113170                   5             0.000000E+00   1.000000E+00   0.000000E+00        0.000000E+00
   113170                   6             0.000000E+00   0.000000E+00   1.000000E+00        0.000000E+00
   113171                   4             1.000000E+00   0.000000E+00   0.000000E+00        0.000000E+00
   113171                   5             0.000000E+00   1.000000E+00   0.000000E+00        0.000000E+00
   113171                   6             0.000000E+00   0.000000E+00   1.000000E+00        0.000000E+00
   113172                   4             1.000000E+00   0.000000E+00   0.000000E+00        0.000000E+00
   113172                   5             0.000000E+00   1.000000E+00   0.000000E+00        0.000000E+00
   113172                   6             0.000000E+00   0.000000E+00   1.000000E+00        0.000000E+00
   113173                   4             1.000000E+00   0.000000E+00   0.000000E+00        0.000000E+00
   113173                   5             0.000000E+00   1.000000E+00   0.000000E+00        0.000000E+00
   113173                   6             0.000000E+00   0.000000E+00   1.000000E+00        0.000000E+00
   113237                   4             1.000000E+00   0.000000E+00   0.000000E+00        0.000000E+00
   113237                   5             0.000000E+00   1.000000E+00   0.000000E+00        0.000000E+00
   113237                   6             0.000000E+00   0.000000E+00   1.000000E+00        0.000000E+00
   113238                   4             1.000000E+00   0.000000E+00   0.000000E+00        0.000000E+00
   113238                   5             0.000000E+00   1.000000E+00   0.000000E+00        0.000000E+00
   113238                   6             0.000000E+00   0.000000E+00   1.000000E+00        0.000000E+00
   113255                   4             1.000000E+00   0.000000E+00   0.000000E+00        0.000000E+00
   113255                   5             0.000000E+00   1.000000E+00   0.000000E+00        0.000000E+00
   113255                   6             0.000000E+00   0.000000E+00   1.000000E+00        0.000000E+00
   113311                   4             1.000000E+00   0.000000E+00   0.000000E+00        0.000000E+00
   113311                   5             0.000000E+00   1.000000E+00   0.000000E+00        0.000000E+00
   113311                   6             0.000000E+00   0.000000E+00   1.000000E+00        0.000000E+00
   113319                   4             1.000000E+00   0.000000E+00   0.000000E+00        0.000000E+00
   113319                   5             0.000000E+00   1.000000E+00   0.000000E+00        0.000000E+00
   113319                   6             0.000000E+00   0.000000E+00   1.000000E+00        0.000000E+00
   113337                   4             1.000000E+00   0.000000E+00   0.000000E+00        0.000000E+00
   113337                   5             0.000000E+00   1.000000E+00   0.000000E+00        0.000000E+00
   113337                   6             0.000000E+00   0.000000E+00   1.000000E+00        0.000000E+00
   113353                   4             1.000000E+00   0.000000E+00   0.000000E+00        0.000000E+00
   113353                   5             0.000000E+00   1.000000E+00   0.000000E+00        0.000000E+00
   113353                   6             0.000000E+00   0.000000E+00   1.000000E+00        0.000000E+00
   113355                   4             1.000000E+00   0.000000E+00   0.000000E+00        0.000000E+00
   113355                   5             0.000000E+00   1.000000E+00   0.000000E+00        0.000000E+00
   113355                   6             0.000000E+00   0.000000E+00   1.000000E+00        0.000000E+00
   113429                   4             1.000000E+00   0.000000E+00   0.000000E+00        0.000000E+00
   113429                   5             0.000000E+00   1.000000E+00   0.000000E+00        0.000000E+00
   113429                   6             0.000000E+00   0.000000E+00   1.000000E+00        0.000000E+00
   113430                   4             1.000000E+00   0.000000E+00   0.000000E+00        0.000000E+00
   113430                   5             0.000000E+00   1.000000E+00   0.000000E+00        0.000000E+00
   113430                   6             0.000000E+00   0.000000E+00   1.000000E+00        0.000000E+00
   113514                   4             1.000000E+00   0.000000E+00   0.000000E+00        0.000000E+00
   113514                   5             0.000000E+00   1.000000E+00   0.000000E+00        0.000000E+00
   113514                   6             0.000000E+00   0.000000E+00   1.000000E+00        0.000000E+00
   113515                   4             1.000000E+00   0.000000E+00   0.000000E+00        0.000000E+00
   113515                   5             0.000000E+00   1.000000E+00   0.000000E+00        0.000000E+00
   113515                   6             0.000000E+00   0.000000E+00   1.000000E+00        0.000000E+00
 
 
 
 
 
 
                                                                        02/28/26  22:26  ADS NASTRAN VERSION 20.2.0.23   PAGE    127
 
 
 SUBCASE 1                                                           SUBCASE 1
 
                                      G R I D   P O I N T   S I N G U L A R I T Y   T A B L E
 
     GRID               STRONGEST                  DIRECTION OF SINGULARITY                  STIFFNESS
      ID                COMPONENT            T1/R1          T2/R2          T3/R3               RATIO
   113516                   4             1.000000E+00   0.000000E+00   0.000000E+00        0.000000E+00
   113516                   5             0.000000E+00   1.000000E+00   0.000000E+00        0.000000E+00
   113516                   6             0.000000E+00   0.000000E+00   1.000000E+00        0.000000E+00
   113517                   4             1.000000E+00   0.000000E+00   0.000000E+00        0.000000E+00
   113517                   5             0.000000E+00   1.000000E+00   0.000000E+00        0.000000E+00
   113517                   6             0.000000E+00   0.000000E+00   1.000000E+00        0.000000E+00
   113520                   4             1.000000E+00   0.000000E+00   0.000000E+00        0.000000E+00
   113520                   5             0.000000E+00   1.000000E+00   0.000000E+00        0.000000E+00
   113520                   6             0.000000E+00   0.000000E+00   1.000000E+00        0.000000E+00
   113521                   4             1.000000E+00   0.000000E+00   0.000000E+00        0.000000E+00
   113521                   5             0.000000E+00   1.000000E+00   0.000000E+00        0.000000E+00
   113521                   6             0.000000E+00   0.000000E+00   1.000000E+00        0.000000E+00
   113522                   4             1.000000E+00   0.000000E+00   0.000000E+00        0.000000E+00
   113522                   5             0.000000E+00   1.000000E+00   0.000000E+00        0.000000E+00
   113522                   6             0.000000E+00   0.000000E+00   1.000000E+00        0.000000E+00
   113527                   4             1.000000E+00   0.000000E+00   0.000000E+00        0.000000E+00
   113527                   5             0.000000E+00   1.000000E+00   0.000000E+00        0.000000E+00
   113527                   6             0.000000E+00   0.000000E+00   1.000000E+00        0.000000E+00
   113528                   4             1.000000E+00   0.000000E+00   0.000000E+00        0.000000E+00
   113528                   5             0.000000E+00   1.000000E+00   0.000000E+00        0.000000E+00
   113528                   6             0.000000E+00   0.000000E+00   1.000000E+00        0.000000E+00
   113558                   4             1.000000E+00   0.000000E+00   0.000000E+00        0.000000E+00
   113558                   5             0.000000E+00   1.000000E+00   0.000000E+00        0.000000E+00
   113558                   6             0.000000E+00   0.000000E+00   1.000000E+00        0.000000E+00
   113559                   4             1.000000E+00   0.000000E+00   0.000000E+00        0.000000E+00
   113559                   5             0.000000E+00   1.000000E+00   0.000000E+00        0.000000E+00
   113559                   6             0.000000E+00   0.000000E+00   1.000000E+00        0.000000E+00
   113564                   4             1.000000E+00   0.000000E+00   0.000000E+00        0.000000E+00
   113564                   5             0.000000E+00   1.000000E+00   0.000000E+00        0.000000E+00
   113564                   6             0.000000E+00   0.000000E+00   1.000000E+00        0.000000E+00
   113573                   4             1.000000E+00   0.000000E+00   0.000000E+00        0.000000E+00
   113573                   5             0.000000E+00   1.000000E+00   0.000000E+00        0.000000E+00
   113573                   6             0.000000E+00   0.000000E+00   1.000000E+00        0.000000E+00
   113763                   4             1.000000E+00   0.000000E+00   0.000000E+00        0.000000E+00
   113763                   5             0.000000E+00   1.000000E+00   0.000000E+00        0.000000E+00
   113763                   6             0.000000E+00   0.000000E+00   1.000000E+00        0.000000E+00
   113764                   4             1.000000E+00   0.000000E+00   0.000000E+00        0.000000E+00
   113764                   5             0.000000E+00   1.000000E+00   0.000000E+00        0.000000E+00
   113764                   6             0.000000E+00   0.000000E+00   1.000000E+00        0.000000E+00
   113766                   4             1.000000E+00   0.000000E+00   0.000000E+00        0.000000E+00
   113766                   5             0.000000E+00   1.000000E+00   0.000000E+00        0.000000E+00
   113766                   6             0.000000E+00   0.000000E+00   1.000000E+00        0.000000E+00
   113767                   4             1.000000E+00   0.000000E+00   0.000000E+00        0.000000E+00
   113767                   5             0.000000E+00   1.000000E+00   0.000000E+00        0.000000E+00
   113767                   6             0.000000E+00   0.000000E+00   1.000000E+00        0.000000E+00
   113768                   4             1.000000E+00   0.000000E+00   0.000000E+00        0.000000E+00
   113768                   5             0.000000E+00   1.000000E+00   0.000000E+00        0.000000E+00
   113768                   6             0.000000E+00   0.000000E+00   1.000000E+00        0.000000E+00
   113769                   4             1.000000E+00   0.000000E+00   0.000000E+00        0.000000E+00
   113769                   5             0.000000E+00   1.000000E+00   0.000000E+00        0.000000E+00
   113769                   6             0.000000E+00   0.000000E+00   1.000000E+00        0.000000E+00
   113772                   4             1.000000E+00   0.000000E+00   0.000000E+00        0.000000E+00
   113772                   5             0.000000E+00   1.000000E+00   0.000000E+00        0.000000E+00
   113772                   6             0.000000E+00   0.000000E+00   1.000000E+00        0.000000E+00
   113776                   4             1.000000E+00   0.000000E+00   0.000000E+00        0.000000E+00
   113776                   5             0.000000E+00   1.000000E+00   0.000000E+00        0.000000E+00
   113776                   6             0.000000E+00   0.000000E+00   1.000000E+00        0.000000E+00
   113777                   4             1.000000E+00   0.000000E+00   0.000000E+00        0.000000E+00
   113777                   5             0.000000E+00   1.000000E+00   0.000000E+00        0.000000E+00
   113777                   6             0.000000E+00   0.000000E+00   1.000000E+00        0.000000E+00
 
 
 
 
 
 
                                                                        02/28/26  22:26  ADS NASTRAN VERSION 20.2.0.23   PAGE    128
 
 
 SUBCASE 1                                                           SUBCASE 1
 
                                      G R I D   P O I N T   S I N G U L A R I T Y   T A B L E
 
     GRID               STRONGEST                  DIRECTION OF SINGULARITY                  STIFFNESS
      ID                COMPONENT            T1/R1          T2/R2          T3/R3               RATIO
   113778                   4             1.000000E+00   0.000000E+00   0.000000E+00        0.000000E+00
   113778                   5             0.000000E+00   1.000000E+00   0.000000E+00        0.000000E+00
   113778                   6             0.000000E+00   0.000000E+00   1.000000E+00        0.000000E+00
   113779                   4             1.000000E+00   0.000000E+00   0.000000E+00        0.000000E+00
   113779                   5             0.000000E+00   1.000000E+00   0.000000E+00        0.000000E+00
   113779                   6             0.000000E+00   0.000000E+00   1.000000E+00        0.000000E+00
   113782                   4             1.000000E+00   0.000000E+00   0.000000E+00        0.000000E+00
   113782                   5             0.000000E+00   1.000000E+00   0.000000E+00        0.000000E+00
   113782                   6             0.000000E+00   0.000000E+00   1.000000E+00        0.000000E+00
   113783                   4             1.000000E+00   0.000000E+00   0.000000E+00        0.000000E+00
   113783                   5             0.000000E+00   1.000000E+00   0.000000E+00        0.000000E+00
   113783                   6             0.000000E+00   0.000000E+00   1.000000E+00        0.000000E+00
   113784                   4             1.000000E+00   0.000000E+00   0.000000E+00        0.000000E+00
   113784                   5             0.000000E+00   1.000000E+00   0.000000E+00        0.000000E+00
   113784                   6             0.000000E+00   0.000000E+00   1.000000E+00        0.000000E+00
   113806                   4             1.000000E+00   0.000000E+00   0.000000E+00        0.000000E+00
   113806                   5             0.000000E+00   1.000000E+00   0.000000E+00        0.000000E+00
   113806                   6             0.000000E+00   0.000000E+00   1.000000E+00        0.000000E+00
   136307                   4             1.000000E+00   0.000000E+00   0.000000E+00        0.000000E+00
   136307                   5             0.000000E+00   1.000000E+00   0.000000E+00        0.000000E+00
   136307                   6             0.000000E+00   0.000000E+00   1.000000E+00        0.000000E+00
   136313                   4             1.000000E+00   0.000000E+00   0.000000E+00        0.000000E+00
   136313                   5             0.000000E+00   1.000000E+00   0.000000E+00        0.000000E+00
   136313                   6             0.000000E+00   0.000000E+00   1.000000E+00        0.000000E+00
   136315                   4             1.000000E+00   0.000000E+00   0.000000E+00        0.000000E+00
   136315                   5             0.000000E+00   1.000000E+00   0.000000E+00        0.000000E+00
   136315                   6             0.000000E+00   0.000000E+00   1.000000E+00        0.000000E+00
   136382                   4             1.000000E+00   0.000000E+00   0.000000E+00        0.000000E+00
   136382                   5             0.000000E+00   1.000000E+00   0.000000E+00        0.000000E+00
   136382                   6             0.000000E+00   0.000000E+00   1.000000E+00        0.000000E+00
   136396                   4             1.000000E+00   0.000000E+00   0.000000E+00        0.000000E+00
   136396                   5             0.000000E+00   1.000000E+00   0.000000E+00        0.000000E+00
   136396                   6             0.000000E+00   0.000000E+00   1.000000E+00        0.000000E+00
   136429                   4             1.000000E+00   0.000000E+00   0.000000E+00        0.000000E+00
   136429                   5             0.000000E+00   1.000000E+00   0.000000E+00        0.000000E+00
   136429                   6             0.000000E+00   0.000000E+00   1.000000E+00        0.000000E+00
   136430                   4             1.000000E+00   0.000000E+00   0.000000E+00        0.000000E+00
   136430                   5             0.000000E+00   1.000000E+00   0.000000E+00        0.000000E+00
   136430                   6             0.000000E+00   0.000000E+00   1.000000E+00        0.000000E+00
   136434                   4             1.000000E+00   0.000000E+00   0.000000E+00        0.000000E+00
   136434                   5             0.000000E+00   1.000000E+00   0.000000E+00        0.000000E+00
   136434                   6             0.000000E+00   0.000000E+00   1.000000E+00        0.000000E+00
   136452                   4             1.000000E+00   0.000000E+00   0.000000E+00        0.000000E+00
   136452                   5             0.000000E+00   1.000000E+00   0.000000E+00        0.000000E+00
   136452                   6             0.000000E+00   0.000000E+00   1.000000E+00        0.000000E+00
   136488                   4             1.000000E+00   0.000000E+00   0.000000E+00        0.000000E+00
   136488                   5             0.000000E+00   1.000000E+00   0.000000E+00        0.000000E+00
   136488                   6             0.000000E+00   0.000000E+00   1.000000E+00        0.000000E+00
   136511                   4             1.000000E+00   0.000000E+00   0.000000E+00        0.000000E+00
   136511                   5             0.000000E+00   1.000000E+00   0.000000E+00        0.000000E+00
   136511                   6             0.000000E+00   0.000000E+00   1.000000E+00        0.000000E+00
   136538                   4             1.000000E+00   0.000000E+00   0.000000E+00        0.000000E+00
   136538                   5             0.000000E+00   1.000000E+00   0.000000E+00        0.000000E+00
   136538                   6             0.000000E+00   0.000000E+00   1.000000E+00        0.000000E+00
   136539                   4             1.000000E+00   0.000000E+00   0.000000E+00        0.000000E+00
   136539                   5             0.000000E+00   1.000000E+00   0.000000E+00        0.000000E+00
   136539                   6             0.000000E+00   0.000000E+00   1.000000E+00        0.000000E+00
   136594                   4             1.000000E+00   0.000000E+00   0.000000E+00        0.000000E+00
   136594                   5             0.000000E+00   1.000000E+00   0.000000E+00        0.000000E+00
   136594                   6             0.000000E+00   0.000000E+00   1.000000E+00        0.000000E+00
 
 
 
 
 
 
                                                                        02/28/26  22:26  ADS NASTRAN VERSION 20.2.0.23   PAGE    129
 
 
 SUBCASE 1                                                           SUBCASE 1
 
                                      G R I D   P O I N T   S I N G U L A R I T Y   T A B L E
 
     GRID               STRONGEST                  DIRECTION OF SINGULARITY                  STIFFNESS
      ID                COMPONENT            T1/R1          T2/R2          T3/R3               RATIO
   136612                   4             1.000000E+00   0.000000E+00   0.000000E+00        0.000000E+00
   136612                   5             0.000000E+00   1.000000E+00   0.000000E+00        0.000000E+00
   136612                   6             0.000000E+00   0.000000E+00   1.000000E+00        0.000000E+00
   136613                   4             1.000000E+00   0.000000E+00   0.000000E+00        0.000000E+00
   136613                   5             0.000000E+00   1.000000E+00   0.000000E+00        0.000000E+00
   136613                   6             0.000000E+00   0.000000E+00   1.000000E+00        0.000000E+00
   136619                   4             1.000000E+00   0.000000E+00   0.000000E+00        0.000000E+00
   136619                   5             0.000000E+00   1.000000E+00   0.000000E+00        0.000000E+00
   136619                   6             0.000000E+00   0.000000E+00   1.000000E+00        0.000000E+00
   136639                   4             1.000000E+00   0.000000E+00   0.000000E+00        0.000000E+00
   136639                   5             0.000000E+00   1.000000E+00   0.000000E+00        0.000000E+00
   136639                   6             0.000000E+00   0.000000E+00   1.000000E+00        0.000000E+00
   136652                   4             1.000000E+00   0.000000E+00   0.000000E+00        0.000000E+00
   136652                   5             0.000000E+00   1.000000E+00   0.000000E+00        0.000000E+00
   136652                   6             0.000000E+00   0.000000E+00   1.000000E+00        0.000000E+00
   136658                   4             1.000000E+00   0.000000E+00   0.000000E+00        0.000000E+00
   136658                   5             0.000000E+00   1.000000E+00   0.000000E+00        0.000000E+00
   136658                   6             0.000000E+00   0.000000E+00   1.000000E+00        0.000000E+00
   136659                   4             1.000000E+00   0.000000E+00   0.000000E+00        0.000000E+00
   136659                   5             0.000000E+00   1.000000E+00   0.000000E+00        0.000000E+00
   136659                   6             0.000000E+00   0.000000E+00   1.000000E+00        0.000000E+00
   136695                   4             1.000000E+00   0.000000E+00   0.000000E+00        0.000000E+00
   136695                   5             0.000000E+00   1.000000E+00   0.000000E+00        0.000000E+00
   136695                   6             0.000000E+00   0.000000E+00   1.000000E+00        0.000000E+00
   136696                   4             1.000000E+00   0.000000E+00   0.000000E+00        0.000000E+00
   136696                   5             0.000000E+00   1.000000E+00   0.000000E+00        0.000000E+00
   136696                   6             0.000000E+00   0.000000E+00   1.000000E+00        0.000000E+00
   136697                   4             1.000000E+00   0.000000E+00   0.000000E+00        0.000000E+00
   136697                   5             0.000000E+00   1.000000E+00   0.000000E+00        0.000000E+00
   136697                   6             0.000000E+00   0.000000E+00   1.000000E+00        0.000000E+00
   136710                   4             1.000000E+00   0.000000E+00   0.000000E+00        0.000000E+00
   136710                   5             0.000000E+00   1.000000E+00   0.000000E+00        0.000000E+00
   136710                   6             0.000000E+00   0.000000E+00   1.000000E+00        0.000000E+00
   136723                   4             1.000000E+00   0.000000E+00   0.000000E+00        0.000000E+00
   136723                   5             0.000000E+00   1.000000E+00   0.000000E+00        0.000000E+00
   136723                   6             0.000000E+00   0.000000E+00   1.000000E+00        0.000000E+00
   136753                   4             1.000000E+00   0.000000E+00   0.000000E+00        0.000000E+00
   136753                   5             0.000000E+00   1.000000E+00   0.000000E+00        0.000000E+00
   136753                   6             0.000000E+00   0.000000E+00   1.000000E+00        0.000000E+00
   136758                   4             1.000000E+00   0.000000E+00   0.000000E+00        0.000000E+00
   136758                   5             0.000000E+00   1.000000E+00   0.000000E+00        0.000000E+00
   136758                   6             0.000000E+00   0.000000E+00   1.000000E+00        0.000000E+00
   136801                   4             1.000000E+00   0.000000E+00   0.000000E+00        0.000000E+00
   136801                   5             0.000000E+00   1.000000E+00   0.000000E+00        0.000000E+00
   136801                   6             0.000000E+00   0.000000E+00   1.000000E+00        0.000000E+00
   136890                   4             1.000000E+00   0.000000E+00   0.000000E+00        0.000000E+00
   136890                   5             0.000000E+00   1.000000E+00   0.000000E+00        0.000000E+00
   136890                   6             0.000000E+00   0.000000E+00   1.000000E+00        0.000000E+00
   136936                   4             1.000000E+00   0.000000E+00   0.000000E+00        0.000000E+00
   136936                   5             0.000000E+00   1.000000E+00   0.000000E+00        0.000000E+00
   136936                   6             0.000000E+00   0.000000E+00   1.000000E+00        0.000000E+00
   136958                   4             1.000000E+00   0.000000E+00   0.000000E+00        0.000000E+00
   136958                   5             0.000000E+00   1.000000E+00   0.000000E+00        0.000000E+00
   136958                   6             0.000000E+00   0.000000E+00   1.000000E+00        0.000000E+00
   136979                   4             1.000000E+00   0.000000E+00   0.000000E+00        0.000000E+00
   136979                   5             0.000000E+00   1.000000E+00   0.000000E+00        0.000000E+00
   136979                   6             0.000000E+00   0.000000E+00   1.000000E+00        0.000000E+00
   136980                   4             1.000000E+00   0.000000E+00   0.000000E+00        0.000000E+00
   136980                   5             0.000000E+00   1.000000E+00   0.000000E+00        0.000000E+00
   136980                   6             0.000000E+00   0.000000E+00   1.000000E+00        0.000000E+00
 
 
 
 
 
 
                                                                        02/28/26  22:26  ADS NASTRAN VERSION 20.2.0.23   PAGE    130
 
 
 SUBCASE 1                                                           SUBCASE 1
 
                                      G R I D   P O I N T   S I N G U L A R I T Y   T A B L E
 
     GRID               STRONGEST                  DIRECTION OF SINGULARITY                  STIFFNESS
      ID                COMPONENT            T1/R1          T2/R2          T3/R3               RATIO
   136996                   4             1.000000E+00   0.000000E+00   0.000000E+00        0.000000E+00
   136996                   5             0.000000E+00   1.000000E+00   0.000000E+00        0.000000E+00
   136996                   6             0.000000E+00   0.000000E+00   1.000000E+00        0.000000E+00
   136999                   4             1.000000E+00   0.000000E+00   0.000000E+00        0.000000E+00
   136999                   5             0.000000E+00   1.000000E+00   0.000000E+00        0.000000E+00
   136999                   6             0.000000E+00   0.000000E+00   1.000000E+00        0.000000E+00
   137080                   4             1.000000E+00   0.000000E+00   0.000000E+00        0.000000E+00
   137080                   5             0.000000E+00   1.000000E+00   0.000000E+00        0.000000E+00
   137080                   6             0.000000E+00   0.000000E+00   1.000000E+00        0.000000E+00
   137095                   4             1.000000E+00   0.000000E+00   0.000000E+00        0.000000E+00
   137095                   5             0.000000E+00   1.000000E+00   0.000000E+00        0.000000E+00
   137095                   6             0.000000E+00   0.000000E+00   1.000000E+00        0.000000E+00
   137096                   4             1.000000E+00   0.000000E+00   0.000000E+00        0.000000E+00
   137096                   5             0.000000E+00   1.000000E+00   0.000000E+00        0.000000E+00
   137096                   6             0.000000E+00   0.000000E+00   1.000000E+00        0.000000E+00
   137097                   4             1.000000E+00   0.000000E+00   0.000000E+00        0.000000E+00
   137097                   5             0.000000E+00   1.000000E+00   0.000000E+00        0.000000E+00
   137097                   6             0.000000E+00   0.000000E+00   1.000000E+00        0.000000E+00
   137106                   4             1.000000E+00   0.000000E+00   0.000000E+00        0.000000E+00
   137106                   5             0.000000E+00   1.000000E+00   0.000000E+00        0.000000E+00
   137106                   6             0.000000E+00   0.000000E+00   1.000000E+00        0.000000E+00
   137114                   4             1.000000E+00   0.000000E+00   0.000000E+00        0.000000E+00
   137114                   5             0.000000E+00   1.000000E+00   0.000000E+00        0.000000E+00
   137114                   6             0.000000E+00   0.000000E+00   1.000000E+00        0.000000E+00
   137116                   4             1.000000E+00   0.000000E+00   0.000000E+00        0.000000E+00
   137116                   5             0.000000E+00   1.000000E+00   0.000000E+00        0.000000E+00
   137116                   6             0.000000E+00   0.000000E+00   1.000000E+00        0.000000E+00
   137117                   4             1.000000E+00   0.000000E+00   0.000000E+00        0.000000E+00
   137117                   5             0.000000E+00   1.000000E+00   0.000000E+00        0.000000E+00
   137117                   6             0.000000E+00   0.000000E+00   1.000000E+00        0.000000E+00
   137140                   4             1.000000E+00   0.000000E+00   0.000000E+00        0.000000E+00
   137140                   5             0.000000E+00   1.000000E+00   0.000000E+00        0.000000E+00
   137140                   6             0.000000E+00   0.000000E+00   1.000000E+00        0.000000E+00
   137141                   4             1.000000E+00   0.000000E+00   0.000000E+00        0.000000E+00
   137141                   5             0.000000E+00   1.000000E+00   0.000000E+00        0.000000E+00
   137141                   6             0.000000E+00   0.000000E+00   1.000000E+00        0.000000E+00
   137225                   4             1.000000E+00   0.000000E+00   0.000000E+00        0.000000E+00
   137225                   5             0.000000E+00   1.000000E+00   0.000000E+00        0.000000E+00
   137225                   6             0.000000E+00   0.000000E+00   1.000000E+00        0.000000E+00
   137226                   4             1.000000E+00   0.000000E+00   0.000000E+00        0.000000E+00
   137226                   5             0.000000E+00   1.000000E+00   0.000000E+00        0.000000E+00
   137226                   6             0.000000E+00   0.000000E+00   1.000000E+00        0.000000E+00
   137227                   4             1.000000E+00   0.000000E+00   0.000000E+00        0.000000E+00
   137227                   5             0.000000E+00   1.000000E+00   0.000000E+00        0.000000E+00
   137227                   6             0.000000E+00   0.000000E+00   1.000000E+00        0.000000E+00
   137278                   4             1.000000E+00   0.000000E+00   0.000000E+00        0.000000E+00
   137278                   5             0.000000E+00   1.000000E+00   0.000000E+00        0.000000E+00
   137278                   6             0.000000E+00   0.000000E+00   1.000000E+00        0.000000E+00
   137376                   4             1.000000E+00   0.000000E+00   0.000000E+00        0.000000E+00
   137376                   5             0.000000E+00   1.000000E+00   0.000000E+00        0.000000E+00
   137376                   6             0.000000E+00   0.000000E+00   1.000000E+00        0.000000E+00
   137379                   4             1.000000E+00   0.000000E+00   0.000000E+00        0.000000E+00
   137379                   5             0.000000E+00   1.000000E+00   0.000000E+00        0.000000E+00
   137379                   6             0.000000E+00   0.000000E+00   1.000000E+00        0.000000E+00
   137383                   4             1.000000E+00   0.000000E+00   0.000000E+00        0.000000E+00
   137383                   5             0.000000E+00   1.000000E+00   0.000000E+00        0.000000E+00
   137383                   6             0.000000E+00   0.000000E+00   1.000000E+00        0.000000E+00
   137387                   4             1.000000E+00   0.000000E+00   0.000000E+00        0.000000E+00
   137387                   5             0.000000E+00   1.000000E+00   0.000000E+00        0.000000E+00
   137387                   6             0.000000E+00   0.000000E+00   1.000000E+00        0.000000E+00
 
 
 
 
 
 
                                                                        02/28/26  22:26  ADS NASTRAN VERSION 20.2.0.23   PAGE    131
 
 
 SUBCASE 1                                                           SUBCASE 1
 
                                      G R I D   P O I N T   S I N G U L A R I T Y   T A B L E
 
     GRID               STRONGEST                  DIRECTION OF SINGULARITY                  STIFFNESS
      ID                COMPONENT            T1/R1          T2/R2          T3/R3               RATIO
   137394                   4             1.000000E+00   0.000000E+00   0.000000E+00        0.000000E+00
   137394                   5             0.000000E+00   1.000000E+00   0.000000E+00        0.000000E+00
   137394                   6             0.000000E+00   0.000000E+00   1.000000E+00        0.000000E+00
   137423                   4             1.000000E+00   0.000000E+00   0.000000E+00        0.000000E+00
   137423                   5             0.000000E+00   1.000000E+00   0.000000E+00        0.000000E+00
   137423                   6             0.000000E+00   0.000000E+00   1.000000E+00        0.000000E+00
   137424                   4             1.000000E+00   0.000000E+00   0.000000E+00        0.000000E+00
   137424                   5             0.000000E+00   1.000000E+00   0.000000E+00        0.000000E+00
   137424                   6             0.000000E+00   0.000000E+00   1.000000E+00        0.000000E+00
   137425                   4             1.000000E+00   0.000000E+00   0.000000E+00        0.000000E+00
   137425                   5             0.000000E+00   1.000000E+00   0.000000E+00        0.000000E+00
   137425                   6             0.000000E+00   0.000000E+00   1.000000E+00        0.000000E+00
   137429                   4             1.000000E+00   0.000000E+00   0.000000E+00        0.000000E+00
   137429                   5             0.000000E+00   1.000000E+00   0.000000E+00        0.000000E+00
   137429                   6             0.000000E+00   0.000000E+00   1.000000E+00        0.000000E+00
   137434                   4             1.000000E+00   0.000000E+00   0.000000E+00        0.000000E+00
   137434                   5             0.000000E+00   1.000000E+00   0.000000E+00        0.000000E+00
   137434                   6             0.000000E+00   0.000000E+00   1.000000E+00        0.000000E+00
   137440                   4             1.000000E+00   0.000000E+00   0.000000E+00        0.000000E+00
   137440                   5             0.000000E+00   1.000000E+00   0.000000E+00        0.000000E+00
   137440                   6             0.000000E+00   0.000000E+00   1.000000E+00        0.000000E+00
   137441                   4             1.000000E+00   0.000000E+00   0.000000E+00        0.000000E+00
   137441                   5             0.000000E+00   1.000000E+00   0.000000E+00        0.000000E+00
   137441                   6             0.000000E+00   0.000000E+00   1.000000E+00        0.000000E+00
   137442                   4             1.000000E+00   0.000000E+00   0.000000E+00        0.000000E+00
   137442                   5             0.000000E+00   1.000000E+00   0.000000E+00        0.000000E+00
   137442                   6             0.000000E+00   0.000000E+00   1.000000E+00        0.000000E+00
   137470                   4             1.000000E+00   0.000000E+00   0.000000E+00        0.000000E+00
   137470                   5             0.000000E+00   1.000000E+00   0.000000E+00        0.000000E+00
   137470                   6             0.000000E+00   0.000000E+00   1.000000E+00        0.000000E+00
   137471                   4             1.000000E+00   0.000000E+00   0.000000E+00        0.000000E+00
   137471                   5             0.000000E+00   1.000000E+00   0.000000E+00        0.000000E+00
   137471                   6             0.000000E+00   0.000000E+00   1.000000E+00        0.000000E+00
   137475                   4             1.000000E+00   0.000000E+00   0.000000E+00        0.000000E+00
   137475                   5             0.000000E+00   1.000000E+00   0.000000E+00        0.000000E+00
   137475                   6             0.000000E+00   0.000000E+00   1.000000E+00        0.000000E+00
   137476                   4             1.000000E+00   0.000000E+00   0.000000E+00        0.000000E+00
   137476                   5             0.000000E+00   1.000000E+00   0.000000E+00        0.000000E+00
   137476                   6             0.000000E+00   0.000000E+00   1.000000E+00        0.000000E+00
   137478                   4             1.000000E+00   0.000000E+00   0.000000E+00        0.000000E+00
   137478                   5             0.000000E+00   1.000000E+00   0.000000E+00        0.000000E+00
   137478                   6             0.000000E+00   0.000000E+00   1.000000E+00        0.000000E+00
   137479                   4             1.000000E+00   0.000000E+00   0.000000E+00        0.000000E+00
   137479                   5             0.000000E+00   1.000000E+00   0.000000E+00        0.000000E+00
   137479                   6             0.000000E+00   0.000000E+00   1.000000E+00        0.000000E+00
   137483                   4             1.000000E+00   0.000000E+00   0.000000E+00        0.000000E+00
   137483                   5             0.000000E+00   1.000000E+00   0.000000E+00        0.000000E+00
   137483                   6             0.000000E+00   0.000000E+00   1.000000E+00        0.000000E+00
   137484                   4             1.000000E+00   0.000000E+00   0.000000E+00        0.000000E+00
   137484                   5             0.000000E+00   1.000000E+00   0.000000E+00        0.000000E+00
   137484                   6             0.000000E+00   0.000000E+00   1.000000E+00        0.000000E+00
   137485                   4             1.000000E+00   0.000000E+00   0.000000E+00        0.000000E+00
   137485                   5             0.000000E+00   1.000000E+00   0.000000E+00        0.000000E+00
   137485                   6             0.000000E+00   0.000000E+00   1.000000E+00        0.000000E+00
   137486                   4             1.000000E+00   0.000000E+00   0.000000E+00        0.000000E+00
   137486                   5             0.000000E+00   1.000000E+00   0.000000E+00        0.000000E+00
   137486                   6             0.000000E+00   0.000000E+00   1.000000E+00        0.000000E+00
   137487                   4             1.000000E+00   0.000000E+00   0.000000E+00        0.000000E+00
   137487                   5             0.000000E+00   1.000000E+00   0.000000E+00        0.000000E+00
   137487                   6             0.000000E+00   0.000000E+00   1.000000E+00        0.000000E+00
 
 
 
 
 
 
                                                                        02/28/26  22:26  ADS NASTRAN VERSION 20.2.0.23   PAGE    132
 
 
 SUBCASE 1                                                           SUBCASE 1
 
                                      G R I D   P O I N T   S I N G U L A R I T Y   T A B L E
 
     GRID               STRONGEST                  DIRECTION OF SINGULARITY                  STIFFNESS
      ID                COMPONENT            T1/R1          T2/R2          T3/R3               RATIO
   137587                   4             1.000000E+00   0.000000E+00   0.000000E+00        0.000000E+00
   137587                   5             0.000000E+00   1.000000E+00   0.000000E+00        0.000000E+00
   137587                   6             0.000000E+00   0.000000E+00   1.000000E+00        0.000000E+00
   137588                   4             1.000000E+00   0.000000E+00   0.000000E+00        0.000000E+00
   137588                   5             0.000000E+00   1.000000E+00   0.000000E+00        0.000000E+00
   137588                   6             0.000000E+00   0.000000E+00   1.000000E+00        0.000000E+00
   137589                   4             1.000000E+00   0.000000E+00   0.000000E+00        0.000000E+00
   137589                   5             0.000000E+00   1.000000E+00   0.000000E+00        0.000000E+00
   137589                   6             0.000000E+00   0.000000E+00   1.000000E+00        0.000000E+00
   137590                   4             1.000000E+00   0.000000E+00   0.000000E+00        0.000000E+00
   137590                   5             0.000000E+00   1.000000E+00   0.000000E+00        0.000000E+00
   137590                   6             0.000000E+00   0.000000E+00   1.000000E+00        0.000000E+00
   137673                   4             1.000000E+00   0.000000E+00   0.000000E+00        0.000000E+00
   137673                   5             0.000000E+00   1.000000E+00   0.000000E+00        0.000000E+00
   137673                   6             0.000000E+00   0.000000E+00   1.000000E+00        0.000000E+00
   137674                   4             1.000000E+00   0.000000E+00   0.000000E+00        0.000000E+00
   137674                   5             0.000000E+00   1.000000E+00   0.000000E+00        0.000000E+00
   137674                   6             0.000000E+00   0.000000E+00   1.000000E+00        0.000000E+00
   137675                   4             1.000000E+00   0.000000E+00   0.000000E+00        0.000000E+00
   137675                   5             0.000000E+00   1.000000E+00   0.000000E+00        0.000000E+00
   137675                   6             0.000000E+00   0.000000E+00   1.000000E+00        0.000000E+00
   137676                   4             1.000000E+00   0.000000E+00   0.000000E+00        0.000000E+00
   137676                   5             0.000000E+00   1.000000E+00   0.000000E+00        0.000000E+00
   137676                   6             0.000000E+00   0.000000E+00   1.000000E+00        0.000000E+00
   137677                   4             1.000000E+00   0.000000E+00   0.000000E+00        0.000000E+00
   137677                   5             0.000000E+00   1.000000E+00   0.000000E+00        0.000000E+00
   137677                   6             0.000000E+00   0.000000E+00   1.000000E+00        0.000000E+00
   137698                   4             1.000000E+00   0.000000E+00   0.000000E+00        0.000000E+00
   137698                   5             0.000000E+00   1.000000E+00   0.000000E+00        0.000000E+00
   137698                   6             0.000000E+00   0.000000E+00   1.000000E+00        0.000000E+00
   137699                   4             1.000000E+00   0.000000E+00   0.000000E+00        0.000000E+00
   137699                   5             0.000000E+00   1.000000E+00   0.000000E+00        0.000000E+00
   137699                   6             0.000000E+00   0.000000E+00   1.000000E+00        0.000000E+00
   137700                   4             1.000000E+00   0.000000E+00   0.000000E+00        0.000000E+00
   137700                   5             0.000000E+00   1.000000E+00   0.000000E+00        0.000000E+00
   137700                   6             0.000000E+00   0.000000E+00   1.000000E+00        0.000000E+00
   137701                   4             1.000000E+00   0.000000E+00   0.000000E+00        0.000000E+00
   137701                   5             0.000000E+00   1.000000E+00   0.000000E+00        0.000000E+00
   137701                   6             0.000000E+00   0.000000E+00   1.000000E+00        0.000000E+00
   137702                   4             1.000000E+00   0.000000E+00   0.000000E+00        0.000000E+00
   137702                   5             0.000000E+00   1.000000E+00   0.000000E+00        0.000000E+00
   137702                   6             0.000000E+00   0.000000E+00   1.000000E+00        0.000000E+00
   137703                   4             1.000000E+00   0.000000E+00   0.000000E+00        0.000000E+00
   137703                   5             0.000000E+00   1.000000E+00   0.000000E+00        0.000000E+00
   137703                   6             0.000000E+00   0.000000E+00   1.000000E+00        0.000000E+00
   137704                   4             1.000000E+00   0.000000E+00   0.000000E+00        0.000000E+00
   137704                   5             0.000000E+00   1.000000E+00   0.000000E+00        0.000000E+00
   137704                   6             0.000000E+00   0.000000E+00   1.000000E+00        0.000000E+00
   137705                   4             1.000000E+00   0.000000E+00   0.000000E+00        0.000000E+00
   137705                   5             0.000000E+00   1.000000E+00   0.000000E+00        0.000000E+00
   137705                   6             0.000000E+00   0.000000E+00   1.000000E+00        0.000000E+00
   137706                   4             1.000000E+00   0.000000E+00   0.000000E+00        0.000000E+00
   137706                   5             0.000000E+00   1.000000E+00   0.000000E+00        0.000000E+00
   137706                   6             0.000000E+00   0.000000E+00   1.000000E+00        0.000000E+00
   137707                   4             1.000000E+00   0.000000E+00   0.000000E+00        0.000000E+00
   137707                   5             0.000000E+00   1.000000E+00   0.000000E+00        0.000000E+00
   137707                   6             0.000000E+00   0.000000E+00   1.000000E+00        0.000000E+00
   137708                   4             1.000000E+00   0.000000E+00   0.000000E+00        0.000000E+00
   137708                   5             0.000000E+00   1.000000E+00   0.000000E+00        0.000000E+00
   137708                   6             0.000000E+00   0.000000E+00   1.000000E+00        0.000000E+00
 
 
 
 
 
 
                                                                        02/28/26  22:26  ADS NASTRAN VERSION 20.2.0.23   PAGE    133
 
 
 SUBCASE 1                                                           SUBCASE 1
 
                                      G R I D   P O I N T   S I N G U L A R I T Y   T A B L E
 
     GRID               STRONGEST                  DIRECTION OF SINGULARITY                  STIFFNESS
      ID                COMPONENT            T1/R1          T2/R2          T3/R3               RATIO
   137709                   4             1.000000E+00   0.000000E+00   0.000000E+00        0.000000E+00
   137709                   5             0.000000E+00   1.000000E+00   0.000000E+00        0.000000E+00
   137709                   6             0.000000E+00   0.000000E+00   1.000000E+00        0.000000E+00
   137800                   4             1.000000E+00   0.000000E+00   0.000000E+00        0.000000E+00
   137800                   5             0.000000E+00   1.000000E+00   0.000000E+00        0.000000E+00
   137800                   6             0.000000E+00   0.000000E+00   1.000000E+00        0.000000E+00
   137801                   4             1.000000E+00   0.000000E+00   0.000000E+00        0.000000E+00
   137801                   5             0.000000E+00   1.000000E+00   0.000000E+00        0.000000E+00
   137801                   6             0.000000E+00   0.000000E+00   1.000000E+00        0.000000E+00
   137802                   4             1.000000E+00   0.000000E+00   0.000000E+00        0.000000E+00
   137802                   5             0.000000E+00   1.000000E+00   0.000000E+00        0.000000E+00
   137802                   6             0.000000E+00   0.000000E+00   1.000000E+00        0.000000E+00
   137803                   4             1.000000E+00   0.000000E+00   0.000000E+00        0.000000E+00
   137803                   5             0.000000E+00   1.000000E+00   0.000000E+00        0.000000E+00
   137803                   6             0.000000E+00   0.000000E+00   1.000000E+00        0.000000E+00
   137804                   4             1.000000E+00   0.000000E+00   0.000000E+00        0.000000E+00
   137804                   5             0.000000E+00   1.000000E+00   0.000000E+00        0.000000E+00
   137804                   6             0.000000E+00   0.000000E+00   1.000000E+00        0.000000E+00
   137810                   4             1.000000E+00   0.000000E+00   0.000000E+00        0.000000E+00
   137810                   5             0.000000E+00   1.000000E+00   0.000000E+00        0.000000E+00
   137810                   6             0.000000E+00   0.000000E+00   1.000000E+00        0.000000E+00
   137811                   4             1.000000E+00   0.000000E+00   0.000000E+00        0.000000E+00
   137811                   5             0.000000E+00   1.000000E+00   0.000000E+00        0.000000E+00
   137811                   6             0.000000E+00   0.000000E+00   1.000000E+00        0.000000E+00
   137812                   4             1.000000E+00   0.000000E+00   0.000000E+00        0.000000E+00
   137812                   5             0.000000E+00   1.000000E+00   0.000000E+00        0.000000E+00
   137812                   6             0.000000E+00   0.000000E+00   1.000000E+00        0.000000E+00
   137813                   4             1.000000E+00   0.000000E+00   0.000000E+00        0.000000E+00
   137813                   5             0.000000E+00   1.000000E+00   0.000000E+00        0.000000E+00
   137813                   6             0.000000E+00   0.000000E+00   1.000000E+00        0.000000E+00
   137814                   4             1.000000E+00   0.000000E+00   0.000000E+00        0.000000E+00
   137814                   5             0.000000E+00   1.000000E+00   0.000000E+00        0.000000E+00
   137814                   6             0.000000E+00   0.000000E+00   1.000000E+00        0.000000E+00
   137908                   4             1.000000E+00   0.000000E+00   0.000000E+00        0.000000E+00
   137908                   5             0.000000E+00   1.000000E+00   0.000000E+00        0.000000E+00
   137908                   6             0.000000E+00   0.000000E+00   1.000000E+00        0.000000E+00
   137909                   4             1.000000E+00   0.000000E+00   0.000000E+00        0.000000E+00
   137909                   5             0.000000E+00   1.000000E+00   0.000000E+00        0.000000E+00
   137909                   6             0.000000E+00   0.000000E+00   1.000000E+00        0.000000E+00
   137910                   4             1.000000E+00   0.000000E+00   0.000000E+00        0.000000E+00
   137910                   5             0.000000E+00   1.000000E+00   0.000000E+00        0.000000E+00
   137910                   6             0.000000E+00   0.000000E+00   1.000000E+00        0.000000E+00
   137911                   4             1.000000E+00   0.000000E+00   0.000000E+00        0.000000E+00
   137911                   5             0.000000E+00   1.000000E+00   0.000000E+00        0.000000E+00
   137911                   6             0.000000E+00   0.000000E+00   1.000000E+00        0.000000E+00
   137912                   4             1.000000E+00   0.000000E+00   0.000000E+00        0.000000E+00
   137912                   5             0.000000E+00   1.000000E+00   0.000000E+00        0.000000E+00
   137912                   6             0.000000E+00   0.000000E+00   1.000000E+00        0.000000E+00
   137913                   4             1.000000E+00   0.000000E+00   0.000000E+00        0.000000E+00
   137913                   5             0.000000E+00   1.000000E+00   0.000000E+00        0.000000E+00
   137913                   6             0.000000E+00   0.000000E+00   1.000000E+00        0.000000E+00
   137914                   4             1.000000E+00   0.000000E+00   0.000000E+00        0.000000E+00
   137914                   5             0.000000E+00   1.000000E+00   0.000000E+00        0.000000E+00
   137914                   6             0.000000E+00   0.000000E+00   1.000000E+00        0.000000E+00
   137915                   4             1.000000E+00   0.000000E+00   0.000000E+00        0.000000E+00
   137915                   5             0.000000E+00   1.000000E+00   0.000000E+00        0.000000E+00
   137915                   6             0.000000E+00   0.000000E+00   1.000000E+00        0.000000E+00
   137916                   4             1.000000E+00   0.000000E+00   0.000000E+00        0.000000E+00
   137916                   5             0.000000E+00   1.000000E+00   0.000000E+00        0.000000E+00
   137916                   6             0.000000E+00   0.000000E+00   1.000000E+00        0.000000E+00
 
 
 
 
 
 
                                                                        02/28/26  22:26  ADS NASTRAN VERSION 20.2.0.23   PAGE    134
 
 
 SUBCASE 1                                                           SUBCASE 1
 
                                      G R I D   P O I N T   S I N G U L A R I T Y   T A B L E
 
     GRID               STRONGEST                  DIRECTION OF SINGULARITY                  STIFFNESS
      ID                COMPONENT            T1/R1          T2/R2          T3/R3               RATIO
   137917                   4             1.000000E+00   0.000000E+00   0.000000E+00        0.000000E+00
   137917                   5             0.000000E+00   1.000000E+00   0.000000E+00        0.000000E+00
   137917                   6             0.000000E+00   0.000000E+00   1.000000E+00        0.000000E+00
   137918                   4             1.000000E+00   0.000000E+00   0.000000E+00        0.000000E+00
   137918                   5             0.000000E+00   1.000000E+00   0.000000E+00        0.000000E+00
   137918                   6             0.000000E+00   0.000000E+00   1.000000E+00        0.000000E+00
   137919                   4             1.000000E+00   0.000000E+00   0.000000E+00        0.000000E+00
   137919                   5             0.000000E+00   1.000000E+00   0.000000E+00        0.000000E+00
   137919                   6             0.000000E+00   0.000000E+00   1.000000E+00        0.000000E+00
   137920                   4             1.000000E+00   0.000000E+00   0.000000E+00        0.000000E+00
   137920                   5             0.000000E+00   1.000000E+00   0.000000E+00        0.000000E+00
   137920                   6             0.000000E+00   0.000000E+00   1.000000E+00        0.000000E+00
   137921                   4             1.000000E+00   0.000000E+00   0.000000E+00        0.000000E+00
   137921                   5             0.000000E+00   1.000000E+00   0.000000E+00        0.000000E+00
   137921                   6             0.000000E+00   0.000000E+00   1.000000E+00        0.000000E+00
   137924                   4             1.000000E+00   0.000000E+00   0.000000E+00        0.000000E+00
   137924                   5             0.000000E+00   1.000000E+00   0.000000E+00        0.000000E+00
   137924                   6             0.000000E+00   0.000000E+00   1.000000E+00        0.000000E+00
   137925                   4             1.000000E+00   0.000000E+00   0.000000E+00        0.000000E+00
   137925                   5             0.000000E+00   1.000000E+00   0.000000E+00        0.000000E+00
   137925                   6             0.000000E+00   0.000000E+00   1.000000E+00        0.000000E+00
   137926                   4             1.000000E+00   0.000000E+00   0.000000E+00        0.000000E+00
   137926                   5             0.000000E+00   1.000000E+00   0.000000E+00        0.000000E+00
   137926                   6             0.000000E+00   0.000000E+00   1.000000E+00        0.000000E+00
   137927                   4             1.000000E+00   0.000000E+00   0.000000E+00        0.000000E+00
   137927                   5             0.000000E+00   1.000000E+00   0.000000E+00        0.000000E+00
   137927                   6             0.000000E+00   0.000000E+00   1.000000E+00        0.000000E+00
   137928                   4             1.000000E+00   0.000000E+00   0.000000E+00        0.000000E+00
   137928                   5             0.000000E+00   1.000000E+00   0.000000E+00        0.000000E+00
   137928                   6             0.000000E+00   0.000000E+00   1.000000E+00        0.000000E+00
   138019                   4             1.000000E+00   0.000000E+00   0.000000E+00        0.000000E+00
   138019                   5             0.000000E+00   1.000000E+00   0.000000E+00        0.000000E+00
   138019                   6             0.000000E+00   0.000000E+00   1.000000E+00        0.000000E+00
   138020                   4             1.000000E+00   0.000000E+00   0.000000E+00        0.000000E+00
   138020                   5             0.000000E+00   1.000000E+00   0.000000E+00        0.000000E+00
   138020                   6             0.000000E+00   0.000000E+00   1.000000E+00        0.000000E+00
   138021                   4             1.000000E+00   0.000000E+00   0.000000E+00        0.000000E+00
   138021                   5             0.000000E+00   1.000000E+00   0.000000E+00        0.000000E+00
   138021                   6             0.000000E+00   0.000000E+00   1.000000E+00        0.000000E+00
   138022                   4             1.000000E+00   0.000000E+00   0.000000E+00        0.000000E+00
   138022                   5             0.000000E+00   1.000000E+00   0.000000E+00        0.000000E+00
   138022                   6             0.000000E+00   0.000000E+00   1.000000E+00        0.000000E+00
   138023                   4             1.000000E+00   0.000000E+00   0.000000E+00        0.000000E+00
   138023                   5             0.000000E+00   1.000000E+00   0.000000E+00        0.000000E+00
   138023                   6             0.000000E+00   0.000000E+00   1.000000E+00        0.000000E+00
   138024                   4             1.000000E+00   0.000000E+00   0.000000E+00        0.000000E+00
   138024                   5             0.000000E+00   1.000000E+00   0.000000E+00        0.000000E+00
   138024                   6             0.000000E+00   0.000000E+00   1.000000E+00        0.000000E+00
   138025                   4             1.000000E+00   0.000000E+00   0.000000E+00        0.000000E+00
   138025                   5             0.000000E+00   1.000000E+00   0.000000E+00        0.000000E+00
   138025                   6             0.000000E+00   0.000000E+00   1.000000E+00        0.000000E+00
   138026                   4             1.000000E+00   0.000000E+00   0.000000E+00        0.000000E+00
   138026                   5             0.000000E+00   1.000000E+00   0.000000E+00        0.000000E+00
   138026                   6             0.000000E+00   0.000000E+00   1.000000E+00        0.000000E+00
   138027                   4             1.000000E+00   0.000000E+00   0.000000E+00        0.000000E+00
   138027                   5             0.000000E+00   1.000000E+00   0.000000E+00        0.000000E+00
   138027                   6             0.000000E+00   0.000000E+00   1.000000E+00        0.000000E+00
   138028                   4             1.000000E+00   0.000000E+00   0.000000E+00        0.000000E+00
   138028                   5             0.000000E+00   1.000000E+00   0.000000E+00        0.000000E+00
   138028                   6             0.000000E+00   0.000000E+00   1.000000E+00        0.000000E+00
 
 
 
 
 
 
                                                                        02/28/26  22:26  ADS NASTRAN VERSION 20.2.0.23   PAGE    135
 
 
 SUBCASE 1                                                           SUBCASE 1
 
                                      G R I D   P O I N T   S I N G U L A R I T Y   T A B L E
 
     GRID               STRONGEST                  DIRECTION OF SINGULARITY                  STIFFNESS
      ID                COMPONENT            T1/R1          T2/R2          T3/R3               RATIO
   138124                   4             1.000000E+00   0.000000E+00   0.000000E+00        0.000000E+00
   138124                   5             0.000000E+00   1.000000E+00   0.000000E+00        0.000000E+00
   138124                   6             0.000000E+00   0.000000E+00   1.000000E+00        0.000000E+00
   138125                   4             1.000000E+00   0.000000E+00   0.000000E+00        0.000000E+00
   138125                   5             0.000000E+00   1.000000E+00   0.000000E+00        0.000000E+00
   138125                   6             0.000000E+00   0.000000E+00   1.000000E+00        0.000000E+00
   138126                   4             1.000000E+00   0.000000E+00   0.000000E+00        0.000000E+00
   138126                   5             0.000000E+00   1.000000E+00   0.000000E+00        0.000000E+00
   138126                   6             0.000000E+00   0.000000E+00   1.000000E+00        0.000000E+00
   138127                   4             1.000000E+00   0.000000E+00   0.000000E+00        0.000000E+00
   138127                   5             0.000000E+00   1.000000E+00   0.000000E+00        0.000000E+00
   138127                   6             0.000000E+00   0.000000E+00   1.000000E+00        0.000000E+00
   138128                   4             1.000000E+00   0.000000E+00   0.000000E+00        0.000000E+00
   138128                   5             0.000000E+00   1.000000E+00   0.000000E+00        0.000000E+00
   138128                   6             0.000000E+00   0.000000E+00   1.000000E+00        0.000000E+00
   138211                   4             1.000000E+00   0.000000E+00   0.000000E+00        0.000000E+00
   138211                   5             0.000000E+00   1.000000E+00   0.000000E+00        0.000000E+00
   138211                   6             0.000000E+00   0.000000E+00   1.000000E+00        0.000000E+00
   138212                   4             1.000000E+00   0.000000E+00   0.000000E+00        0.000000E+00
   138212                   5             0.000000E+00   1.000000E+00   0.000000E+00        0.000000E+00
   138212                   6             0.000000E+00   0.000000E+00   1.000000E+00        0.000000E+00
   138213                   4             1.000000E+00   0.000000E+00   0.000000E+00        0.000000E+00
   138213                   5             0.000000E+00   1.000000E+00   0.000000E+00        0.000000E+00
   138213                   6             0.000000E+00   0.000000E+00   1.000000E+00        0.000000E+00
   138214                   4             1.000000E+00   0.000000E+00   0.000000E+00        0.000000E+00
   138214                   5             0.000000E+00   1.000000E+00   0.000000E+00        0.000000E+00
   138214                   6             0.000000E+00   0.000000E+00   1.000000E+00        0.000000E+00
   138215                   4             1.000000E+00   0.000000E+00   0.000000E+00        0.000000E+00
   138215                   5             0.000000E+00   1.000000E+00   0.000000E+00        0.000000E+00
   138215                   6             0.000000E+00   0.000000E+00   1.000000E+00        0.000000E+00
   138217                   4             1.000000E+00   0.000000E+00   0.000000E+00        0.000000E+00
   138217                   5             0.000000E+00   1.000000E+00   0.000000E+00        0.000000E+00
   138217                   6             0.000000E+00   0.000000E+00   1.000000E+00        0.000000E+00
   138218                   4             1.000000E+00   0.000000E+00   0.000000E+00        0.000000E+00
   138218                   5             0.000000E+00   1.000000E+00   0.000000E+00        0.000000E+00
   138218                   6             0.000000E+00   0.000000E+00   1.000000E+00        0.000000E+00
   138219                   4             1.000000E+00   0.000000E+00   0.000000E+00        0.000000E+00
   138219                   5             0.000000E+00   1.000000E+00   0.000000E+00        0.000000E+00
   138219                   6             0.000000E+00   0.000000E+00   1.000000E+00        0.000000E+00
   138220                   4             1.000000E+00   0.000000E+00   0.000000E+00        0.000000E+00
   138220                   5             0.000000E+00   1.000000E+00   0.000000E+00        0.000000E+00
   138220                   6             0.000000E+00   0.000000E+00   1.000000E+00        0.000000E+00
   138308                   4             1.000000E+00   0.000000E+00   0.000000E+00        0.000000E+00
   138308                   5             0.000000E+00   1.000000E+00   0.000000E+00        0.000000E+00
   138308                   6             0.000000E+00   0.000000E+00   1.000000E+00        0.000000E+00
   138310                   4             1.000000E+00   0.000000E+00   0.000000E+00        0.000000E+00
   138310                   5             0.000000E+00   1.000000E+00   0.000000E+00        0.000000E+00
   138310                   6             0.000000E+00   0.000000E+00   1.000000E+00        0.000000E+00
   138311                   4             1.000000E+00   0.000000E+00   0.000000E+00        0.000000E+00
   138311                   5             0.000000E+00   1.000000E+00   0.000000E+00        0.000000E+00
   138311                   6             0.000000E+00   0.000000E+00   1.000000E+00        0.000000E+00
   138312                   4             1.000000E+00   0.000000E+00   0.000000E+00        0.000000E+00
   138312                   5             0.000000E+00   1.000000E+00   0.000000E+00        0.000000E+00
   138312                   6             0.000000E+00   0.000000E+00   1.000000E+00        0.000000E+00
   138313                   4             1.000000E+00   0.000000E+00   0.000000E+00        0.000000E+00
   138313                   5             0.000000E+00   1.000000E+00   0.000000E+00        0.000000E+00
   138313                   6             0.000000E+00   0.000000E+00   1.000000E+00        0.000000E+00
   138314                   4             1.000000E+00   0.000000E+00   0.000000E+00        0.000000E+00
   138314                   5             0.000000E+00   1.000000E+00   0.000000E+00        0.000000E+00
   138314                   6             0.000000E+00   0.000000E+00   1.000000E+00        0.000000E+00
 
 
 
 
 
 
                                                                        02/28/26  22:26  ADS NASTRAN VERSION 20.2.0.23   PAGE    136
 
 
 SUBCASE 1                                                           SUBCASE 1
 
                                      G R I D   P O I N T   S I N G U L A R I T Y   T A B L E
 
     GRID               STRONGEST                  DIRECTION OF SINGULARITY                  STIFFNESS
      ID                COMPONENT            T1/R1          T2/R2          T3/R3               RATIO
   138315                   4             1.000000E+00   0.000000E+00   0.000000E+00        0.000000E+00
   138315                   5             0.000000E+00   1.000000E+00   0.000000E+00        0.000000E+00
   138315                   6             0.000000E+00   0.000000E+00   1.000000E+00        0.000000E+00
   138316                   4             1.000000E+00   0.000000E+00   0.000000E+00        0.000000E+00
   138316                   5             0.000000E+00   1.000000E+00   0.000000E+00        0.000000E+00
   138316                   6             0.000000E+00   0.000000E+00   1.000000E+00        0.000000E+00
   138317                   4             1.000000E+00   0.000000E+00   0.000000E+00        0.000000E+00
   138317                   5             0.000000E+00   1.000000E+00   0.000000E+00        0.000000E+00
   138317                   6             0.000000E+00   0.000000E+00   1.000000E+00        0.000000E+00
   138318                   4             1.000000E+00   0.000000E+00   0.000000E+00        0.000000E+00
   138318                   5             0.000000E+00   1.000000E+00   0.000000E+00        0.000000E+00
   138318                   6             0.000000E+00   0.000000E+00   1.000000E+00        0.000000E+00
   138320                   4             1.000000E+00   0.000000E+00   0.000000E+00        0.000000E+00
   138320                   5             0.000000E+00   1.000000E+00   0.000000E+00        0.000000E+00
   138320                   6             0.000000E+00   0.000000E+00   1.000000E+00        0.000000E+00
   138675                   4             1.000000E+00   0.000000E+00   0.000000E+00        0.000000E+00
   138675                   5             0.000000E+00   1.000000E+00   0.000000E+00        0.000000E+00
   138675                   6             0.000000E+00   0.000000E+00   1.000000E+00        0.000000E+00
   138676                   4             1.000000E+00   0.000000E+00   0.000000E+00        0.000000E+00
   138676                   5             0.000000E+00   1.000000E+00   0.000000E+00        0.000000E+00
   138676                   6             0.000000E+00   0.000000E+00   1.000000E+00        0.000000E+00
   138677                   4             1.000000E+00   0.000000E+00   0.000000E+00        0.000000E+00
   138677                   5             0.000000E+00   1.000000E+00   0.000000E+00        0.000000E+00
   138677                   6             0.000000E+00   0.000000E+00   1.000000E+00        0.000000E+00
   138678                   4             1.000000E+00   0.000000E+00   0.000000E+00        0.000000E+00
   138678                   5             0.000000E+00   1.000000E+00   0.000000E+00        0.000000E+00
   138678                   6             0.000000E+00   0.000000E+00   1.000000E+00        0.000000E+00
   138681                   4             1.000000E+00   0.000000E+00   0.000000E+00        0.000000E+00
   138681                   5             0.000000E+00   1.000000E+00   0.000000E+00        0.000000E+00
   138681                   6             0.000000E+00   0.000000E+00   1.000000E+00        0.000000E+00
   138682                   4             1.000000E+00   0.000000E+00   0.000000E+00        0.000000E+00
   138682                   5             0.000000E+00   1.000000E+00   0.000000E+00        0.000000E+00
   138682                   6             0.000000E+00   0.000000E+00   1.000000E+00        0.000000E+00
   138685                   4             1.000000E+00   0.000000E+00   0.000000E+00        0.000000E+00
   138685                   5             0.000000E+00   1.000000E+00   0.000000E+00        0.000000E+00
   138685                   6             0.000000E+00   0.000000E+00   1.000000E+00        0.000000E+00
   138686                   4             1.000000E+00   0.000000E+00   0.000000E+00        0.000000E+00
   138686                   5             0.000000E+00   1.000000E+00   0.000000E+00        0.000000E+00
   138686                   6             0.000000E+00   0.000000E+00   1.000000E+00        0.000000E+00
   138691                   4             1.000000E+00   0.000000E+00   0.000000E+00        0.000000E+00
   138691                   5             0.000000E+00   1.000000E+00   0.000000E+00        0.000000E+00
   138691                   6             0.000000E+00   0.000000E+00   1.000000E+00        0.000000E+00
   138692                   4             1.000000E+00   0.000000E+00   0.000000E+00        0.000000E+00
   138692                   5             0.000000E+00   1.000000E+00   0.000000E+00        0.000000E+00
   138692                   6             0.000000E+00   0.000000E+00   1.000000E+00        0.000000E+00
   138722                   4             1.000000E+00   0.000000E+00   0.000000E+00        0.000000E+00
   138722                   5             0.000000E+00   1.000000E+00   0.000000E+00        0.000000E+00
   138722                   6             0.000000E+00   0.000000E+00   1.000000E+00        0.000000E+00
   138777                   4             1.000000E+00   0.000000E+00   0.000000E+00        0.000000E+00
   138777                   5             0.000000E+00   1.000000E+00   0.000000E+00        0.000000E+00
   138777                   6             0.000000E+00   0.000000E+00   1.000000E+00        0.000000E+00
   138779                   4             1.000000E+00   0.000000E+00   0.000000E+00        0.000000E+00
   138779                   5             0.000000E+00   1.000000E+00   0.000000E+00        0.000000E+00
   138779                   6             0.000000E+00   0.000000E+00   1.000000E+00        0.000000E+00
   138780                   4             1.000000E+00   0.000000E+00   0.000000E+00        0.000000E+00
   138780                   5             0.000000E+00   1.000000E+00   0.000000E+00        0.000000E+00
   138780                   6             0.000000E+00   0.000000E+00   1.000000E+00        0.000000E+00
   138781                   4             1.000000E+00   0.000000E+00   0.000000E+00        0.000000E+00
   138781                   5             0.000000E+00   1.000000E+00   0.000000E+00        0.000000E+00
   138781                   6             0.000000E+00   0.000000E+00   1.000000E+00        0.000000E+00
 
 
 
 
 
 
                                                                        02/28/26  22:26  ADS NASTRAN VERSION 20.2.0.23   PAGE    137
 
 
 SUBCASE 1                                                           SUBCASE 1
 
                                      G R I D   P O I N T   S I N G U L A R I T Y   T A B L E
 
     GRID               STRONGEST                  DIRECTION OF SINGULARITY                  STIFFNESS
      ID                COMPONENT            T1/R1          T2/R2          T3/R3               RATIO
   138782                   4             1.000000E+00   0.000000E+00   0.000000E+00        0.000000E+00
   138782                   5             0.000000E+00   1.000000E+00   0.000000E+00        0.000000E+00
   138782                   6             0.000000E+00   0.000000E+00   1.000000E+00        0.000000E+00
   138880                   4             1.000000E+00   0.000000E+00   0.000000E+00        0.000000E+00
   138880                   5             0.000000E+00   1.000000E+00   0.000000E+00        0.000000E+00
   138880                   6             0.000000E+00   0.000000E+00   1.000000E+00        0.000000E+00
   138881                   4             1.000000E+00   0.000000E+00   0.000000E+00        0.000000E+00
   138881                   5             0.000000E+00   1.000000E+00   0.000000E+00        0.000000E+00
   138881                   6             0.000000E+00   0.000000E+00   1.000000E+00        0.000000E+00
   138882                   4             1.000000E+00   0.000000E+00   0.000000E+00        0.000000E+00
   138882                   5             0.000000E+00   1.000000E+00   0.000000E+00        0.000000E+00
   138882                   6             0.000000E+00   0.000000E+00   1.000000E+00        0.000000E+00
   138883                   4             1.000000E+00   0.000000E+00   0.000000E+00        0.000000E+00
   138883                   5             0.000000E+00   1.000000E+00   0.000000E+00        0.000000E+00
   138883                   6             0.000000E+00   0.000000E+00   1.000000E+00        0.000000E+00
   138947                   4             1.000000E+00   0.000000E+00   0.000000E+00        0.000000E+00
   138947                   5             0.000000E+00   1.000000E+00   0.000000E+00        0.000000E+00
   138947                   6             0.000000E+00   0.000000E+00   1.000000E+00        0.000000E+00
   138948                   4             1.000000E+00   0.000000E+00   0.000000E+00        0.000000E+00
   138948                   5             0.000000E+00   1.000000E+00   0.000000E+00        0.000000E+00
   138948                   6             0.000000E+00   0.000000E+00   1.000000E+00        0.000000E+00
   138967                   4             1.000000E+00   0.000000E+00   0.000000E+00        0.000000E+00
   138967                   5             0.000000E+00   1.000000E+00   0.000000E+00        0.000000E+00
   138967                   6             0.000000E+00   0.000000E+00   1.000000E+00        0.000000E+00
   139025                   4             1.000000E+00   0.000000E+00   0.000000E+00        0.000000E+00
   139025                   5             0.000000E+00   1.000000E+00   0.000000E+00        0.000000E+00
   139025                   6             0.000000E+00   0.000000E+00   1.000000E+00        0.000000E+00
   139033                   4             1.000000E+00   0.000000E+00   0.000000E+00        0.000000E+00
   139033                   5             0.000000E+00   1.000000E+00   0.000000E+00        0.000000E+00
   139033                   6             0.000000E+00   0.000000E+00   1.000000E+00        0.000000E+00
   139034                   4             1.000000E+00   0.000000E+00   0.000000E+00        0.000000E+00
   139034                   5             0.000000E+00   1.000000E+00   0.000000E+00        0.000000E+00
   139034                   6             0.000000E+00   0.000000E+00   1.000000E+00        0.000000E+00
   139037                   4             1.000000E+00   0.000000E+00   0.000000E+00        0.000000E+00
   139037                   5             0.000000E+00   1.000000E+00   0.000000E+00        0.000000E+00
   139037                   6             0.000000E+00   0.000000E+00   1.000000E+00        0.000000E+00
   139051                   4             1.000000E+00   0.000000E+00   0.000000E+00        0.000000E+00
   139051                   5             0.000000E+00   1.000000E+00   0.000000E+00        0.000000E+00
   139051                   6             0.000000E+00   0.000000E+00   1.000000E+00        0.000000E+00
   139064                   4             1.000000E+00   0.000000E+00   0.000000E+00        0.000000E+00
   139064                   5             0.000000E+00   1.000000E+00   0.000000E+00        0.000000E+00
   139064                   6             0.000000E+00   0.000000E+00   1.000000E+00        0.000000E+00
   139066                   4             1.000000E+00   0.000000E+00   0.000000E+00        0.000000E+00
   139066                   5             0.000000E+00   1.000000E+00   0.000000E+00        0.000000E+00
   139066                   6             0.000000E+00   0.000000E+00   1.000000E+00        0.000000E+00
   139139                   4             1.000000E+00   0.000000E+00   0.000000E+00        0.000000E+00
   139139                   5             0.000000E+00   1.000000E+00   0.000000E+00        0.000000E+00
   139139                   6             0.000000E+00   0.000000E+00   1.000000E+00        0.000000E+00
   139140                   4             1.000000E+00   0.000000E+00   0.000000E+00        0.000000E+00
   139140                   5             0.000000E+00   1.000000E+00   0.000000E+00        0.000000E+00
   139140                   6             0.000000E+00   0.000000E+00   1.000000E+00        0.000000E+00
   139147                   4             1.000000E+00   0.000000E+00   0.000000E+00        0.000000E+00
   139147                   5             0.000000E+00   1.000000E+00   0.000000E+00        0.000000E+00
   139147                   6             0.000000E+00   0.000000E+00   1.000000E+00        0.000000E+00
   139222                   4             1.000000E+00   0.000000E+00   0.000000E+00        0.000000E+00
   139222                   5             0.000000E+00   1.000000E+00   0.000000E+00        0.000000E+00
   139222                   6             0.000000E+00   0.000000E+00   1.000000E+00        0.000000E+00
   139223                   4             1.000000E+00   0.000000E+00   0.000000E+00        0.000000E+00
   139223                   5             0.000000E+00   1.000000E+00   0.000000E+00        0.000000E+00
   139223                   6             0.000000E+00   0.000000E+00   1.000000E+00        0.000000E+00
 
 
 
 
 
 
                                                                        02/28/26  22:26  ADS NASTRAN VERSION 20.2.0.23   PAGE    138
 
 
 SUBCASE 1                                                           SUBCASE 1
 
                                      G R I D   P O I N T   S I N G U L A R I T Y   T A B L E
 
     GRID               STRONGEST                  DIRECTION OF SINGULARITY                  STIFFNESS
      ID                COMPONENT            T1/R1          T2/R2          T3/R3               RATIO
   139224                   4             1.000000E+00   0.000000E+00   0.000000E+00        0.000000E+00
   139224                   5             0.000000E+00   1.000000E+00   0.000000E+00        0.000000E+00
   139224                   6             0.000000E+00   0.000000E+00   1.000000E+00        0.000000E+00
   139225                   4             1.000000E+00   0.000000E+00   0.000000E+00        0.000000E+00
   139225                   5             0.000000E+00   1.000000E+00   0.000000E+00        0.000000E+00
   139225                   6             0.000000E+00   0.000000E+00   1.000000E+00        0.000000E+00
   139228                   4             1.000000E+00   0.000000E+00   0.000000E+00        0.000000E+00
   139228                   5             0.000000E+00   1.000000E+00   0.000000E+00        0.000000E+00
   139228                   6             0.000000E+00   0.000000E+00   1.000000E+00        0.000000E+00
   139229                   4             1.000000E+00   0.000000E+00   0.000000E+00        0.000000E+00
   139229                   5             0.000000E+00   1.000000E+00   0.000000E+00        0.000000E+00
   139229                   6             0.000000E+00   0.000000E+00   1.000000E+00        0.000000E+00
   139230                   4             1.000000E+00   0.000000E+00   0.000000E+00        0.000000E+00
   139230                   5             0.000000E+00   1.000000E+00   0.000000E+00        0.000000E+00
   139230                   6             0.000000E+00   0.000000E+00   1.000000E+00        0.000000E+00
   139234                   4             1.000000E+00   0.000000E+00   0.000000E+00        0.000000E+00
   139234                   5             0.000000E+00   1.000000E+00   0.000000E+00        0.000000E+00
   139234                   6             0.000000E+00   0.000000E+00   1.000000E+00        0.000000E+00
   139235                   4             1.000000E+00   0.000000E+00   0.000000E+00        0.000000E+00
   139235                   5             0.000000E+00   1.000000E+00   0.000000E+00        0.000000E+00
   139235                   6             0.000000E+00   0.000000E+00   1.000000E+00        0.000000E+00
   139266                   4             1.000000E+00   0.000000E+00   0.000000E+00        0.000000E+00
   139266                   5             0.000000E+00   1.000000E+00   0.000000E+00        0.000000E+00
   139266                   6             0.000000E+00   0.000000E+00   1.000000E+00        0.000000E+00
   139274                   4             1.000000E+00   0.000000E+00   0.000000E+00        0.000000E+00
   139274                   5             0.000000E+00   1.000000E+00   0.000000E+00        0.000000E+00
   139274                   6             0.000000E+00   0.000000E+00   1.000000E+00        0.000000E+00
   139285                   4             1.000000E+00   0.000000E+00   0.000000E+00        0.000000E+00
   139285                   5             0.000000E+00   1.000000E+00   0.000000E+00        0.000000E+00
   139285                   6             0.000000E+00   0.000000E+00   1.000000E+00        0.000000E+00
   139477                   4             1.000000E+00   0.000000E+00   0.000000E+00        0.000000E+00
   139477                   5             0.000000E+00   1.000000E+00   0.000000E+00        0.000000E+00
   139477                   6             0.000000E+00   0.000000E+00   1.000000E+00        0.000000E+00
   139478                   4             1.000000E+00   0.000000E+00   0.000000E+00        0.000000E+00
   139478                   5             0.000000E+00   1.000000E+00   0.000000E+00        0.000000E+00
   139478                   6             0.000000E+00   0.000000E+00   1.000000E+00        0.000000E+00
   139480                   4             1.000000E+00   0.000000E+00   0.000000E+00        0.000000E+00
   139480                   5             0.000000E+00   1.000000E+00   0.000000E+00        0.000000E+00
   139480                   6             0.000000E+00   0.000000E+00   1.000000E+00        0.000000E+00
   139481                   4             1.000000E+00   0.000000E+00   0.000000E+00        0.000000E+00
   139481                   5             0.000000E+00   1.000000E+00   0.000000E+00        0.000000E+00
   139481                   6             0.000000E+00   0.000000E+00   1.000000E+00        0.000000E+00
   139482                   4             1.000000E+00   0.000000E+00   0.000000E+00        0.000000E+00
   139482                   5             0.000000E+00   1.000000E+00   0.000000E+00        0.000000E+00
   139482                   6             0.000000E+00   0.000000E+00   1.000000E+00        0.000000E+00
   139483                   4             1.000000E+00   0.000000E+00   0.000000E+00        0.000000E+00
   139483                   5             0.000000E+00   1.000000E+00   0.000000E+00        0.000000E+00
   139483                   6             0.000000E+00   0.000000E+00   1.000000E+00        0.000000E+00
   139486                   4             1.000000E+00   0.000000E+00   0.000000E+00        0.000000E+00
   139486                   5             0.000000E+00   1.000000E+00   0.000000E+00        0.000000E+00
   139486                   6             0.000000E+00   0.000000E+00   1.000000E+00        0.000000E+00
   139490                   4             1.000000E+00   0.000000E+00   0.000000E+00        0.000000E+00
   139490                   5             0.000000E+00   1.000000E+00   0.000000E+00        0.000000E+00
   139490                   6             0.000000E+00   0.000000E+00   1.000000E+00        0.000000E+00
   139491                   4             1.000000E+00   0.000000E+00   0.000000E+00        0.000000E+00
   139491                   5             0.000000E+00   1.000000E+00   0.000000E+00        0.000000E+00
   139491                   6             0.000000E+00   0.000000E+00   1.000000E+00        0.000000E+00
   139492                   4             1.000000E+00   0.000000E+00   0.000000E+00        0.000000E+00
   139492                   5             0.000000E+00   1.000000E+00   0.000000E+00        0.000000E+00
   139492                   6             0.000000E+00   0.000000E+00   1.000000E+00        0.000000E+00
 
 
 
 
 
 
                                                                        02/28/26  22:26  ADS NASTRAN VERSION 20.2.0.23   PAGE    139
 
 
 SUBCASE 1                                                           SUBCASE 1
 
                                      G R I D   P O I N T   S I N G U L A R I T Y   T A B L E
 
     GRID               STRONGEST                  DIRECTION OF SINGULARITY                  STIFFNESS
      ID                COMPONENT            T1/R1          T2/R2          T3/R3               RATIO
   139493                   4             1.000000E+00   0.000000E+00   0.000000E+00        0.000000E+00
   139493                   5             0.000000E+00   1.000000E+00   0.000000E+00        0.000000E+00
   139493                   6             0.000000E+00   0.000000E+00   1.000000E+00        0.000000E+00
   139496                   4             1.000000E+00   0.000000E+00   0.000000E+00        0.000000E+00
   139496                   5             0.000000E+00   1.000000E+00   0.000000E+00        0.000000E+00
   139496                   6             0.000000E+00   0.000000E+00   1.000000E+00        0.000000E+00
   139497                   4             1.000000E+00   0.000000E+00   0.000000E+00        0.000000E+00
   139497                   5             0.000000E+00   1.000000E+00   0.000000E+00        0.000000E+00
   139497                   6             0.000000E+00   0.000000E+00   1.000000E+00        0.000000E+00
   139498                   4             1.000000E+00   0.000000E+00   0.000000E+00        0.000000E+00
   139498                   5             0.000000E+00   1.000000E+00   0.000000E+00        0.000000E+00
   139498                   6             0.000000E+00   0.000000E+00   1.000000E+00        0.000000E+00
   139520                   4             1.000000E+00   0.000000E+00   0.000000E+00        0.000000E+00
   139520                   5             0.000000E+00   1.000000E+00   0.000000E+00        0.000000E+00
   139520                   6             0.000000E+00   0.000000E+00   1.000000E+00        0.000000E+00
 
 
 
 
 MAXIMUM STIFFNESS MATRIX DIAGONAL =  7.5280E+09  AT GRID 56     COMPONENT 3
 MINIMUM STIFFNESS MATRIX DIAGONAL =  0.0000E+00  AT GRID 139520 COMPONENT 6
 
 
 
 
 
 
 
                                                                        02/28/26  22:26  ADS NASTRAN VERSION 20.2.0.23   PAGE    140
 
 
 SUBCASE 1                                                           SUBCASE 1
 
 
 
 
 
 
 GLOBAL STIFFNESS MATRIX ITERATIVE SOLUTION STATISTICS
 
 MEMORY ALLOCATED    =     17434673 WORDS       133.0 MEGABYTES
 DISK SPACE ACCESSED =     20143538 WORDS       153.7 MEGABYTES
 
 NUMBER OF SOLUTION ITERATIONS = 64
 FINAL CONVERGENCE FACTOR      = 8.535E-07
 
 PRIMAL PRECONDITIONER USED
 
 SOLUTION TIME FOR 507915 DEGREES OF FREEDOM = 8.85 SECONDS
 
 
 
 
 
 
 
                                                                        02/28/26  22:26  ADS NASTRAN VERSION 20.2.0.23   PAGE    141
 
 
 
 
                                            L O A D   V E C T O R   R E S U L T A N T
 
    SUBCASE         T1            T2            T3            R1            R2            R3
      ID
        1      3.999962E+01 -3.999632E+01  0.000000E+00  1.924344E-01  1.926779E-01 -3.432862E-01
 
 
 
 
 
 
 
                                                                        02/28/26  22:26  ADS NASTRAN VERSION 20.2.0.23   PAGE    142
 
 
 
 
                           S I N G L E   P O I N T   C O N S T R A I N T   V E C T O R   R E S U L T A N T
 
    SUBCASE         T1            T2            T3            R1            R2            R3
      ID
        1     -3.999961E+01  3.999632E+01  3.192245E-07 -2.236309E-01 -2.020657E-01  3.594808E-01
 
 
 
 
 
 
 
                                                                        02/28/26  22:26  ADS NASTRAN VERSION 20.2.0.23   PAGE    143
 
 
 
 
                             M U L T I P O I N T   C O N S T R A I N T   V E C T O R   R E S U L T A N T
 
    SUBCASE         T1            T2            T3            R1            R2            R3
      ID
        1      0.000000E+00  0.000000E+00  0.000000E+00  0.000000E+00  0.000000E+00  0.000000E+00
 
 
 
 
 
 
 
                                                                        02/28/26  22:26  ADS NASTRAN VERSION 20.2.0.23   PAGE    144
 
 
 
 
                                            M A X I M U M   A P P L I E D   L O A D S
 
    SUBCASE         T1            T2            T3            R1            R2            R3
      ID
        1      2.934125E-01  2.934000E-01  0.000000E+00  0.000000E+00  0.000000E+00  0.000000E+00
 
 
 
 
 
 
 
                                                                        02/28/26  22:26  ADS NASTRAN VERSION 20.2.0.23   PAGE    145
 
 
 
 
                                            M A X I M U M   D I S P L A C E M E N T S
 
    SUBCASE         T1            T2            T3            R1            R2            R3
      ID
        1      3.169168E-04  9.831013E-03  2.938929E-04  1.250216E-05  4.169994E-05  8.005111E-05
 
 
 
 
 
 
 
                                                                        02/28/26  22:26  ADS NASTRAN VERSION 20.2.0.23   PAGE    146
 
 
 
 
                          M A X I M U M   F O R C E S   O F   S I N G L E   P O I N T   C O N S T R A I N T
 
    SUBCASE         T1            T2            T3            R1            R2            R3
      ID
        1      1.585125E+01  3.171946E+00  6.829210E+00  6.676646E-01  5.520107E-01  7.839731E-01
 
 
 
 
 
 
 
                                                                        02/28/26  22:26  ADS NASTRAN VERSION 20.2.0.23   PAGE    147
 
 
 
 
                                   I N T E R N A L   L O A D   V E C T O R   R E S U L T A N T
 
    SUBCASE         T1            T2            T3            R1            R2            R3
      ID
        1      0.000000E+00  0.000000E+00  0.000000E+00  0.000000E+00  0.000000E+00  0.000000E+00
 
 
 
 
 
 
 
                                                                        02/28/26  22:26  ADS NASTRAN VERSION 20.2.0.23   PAGE    148
 
 
 
 
                                      A N A L Y S I S   D I R E C T I V E   D E F I N I T I O N
 
 
 
 BUFFEREDDECKREAD = ON
 BULKDATAOUT      = OFF
 BULKDATASORT     = ON
 DATABASE         = 98b5j6ua5.NDB
 DECOMPAUTOSIZE   = 50000
 DECOMPMETHOD     = PCGLSS
 DIAGNOSTICLEVEL  = 0
 DISKSTATUS       = ON
 DYNRSLTMETHOD    = AUTO
 ELAPSEDTIME      = OFF
 EXTRACTAUTOSIZE  = 10000
 EXTRACTMETHOD    = LANCZOS
 FEMAPRSLTVECTID  = ON
 FILEBUFFERSIZE1  = 1000
 FILEBUFFERSIZE2  = 1000
 FILEBUFFERSIZE3  = 1000
 FILEBUFFERSIZE4  = 1000
 FILESIGNATURE    = 6166052096
 FILESPEC1        = C:\ProgramData\Autodesk\Nastran 2026\Temp\NDB6166052096.TMP\
 FILESPEC2        = C:\ProgramData\Autodesk\Nastran 2026\Temp\NDB6166052096.TMP\
 FILESPEC3        = C:\ProgramData\Autodesk\Nastran 2026\Temp\NDB6166052096.TMP\
 FILESPEC4        = C:\ProgramData\Autodesk\Nastran 2026\Temp\NDB6166052096.TMP\
 GPWEIGHTMETHOD   = VECTOR
 INCRGEOMOUT      = OFF
 INCRRSLTOUT      = OFF
 INMEMORYIO       = ON
 LEFTMARGIN       = 1
 LICENSEMANAGER   = ADLM
 LINE             = 75
 MAXRAM           = 0
 MEMORYSTATUS     = ON
 MINRAM           = 0
 MODLDATAFORMAT   = 3
 MODLDATAOUT      = ON
 MODLINITOUT      = ON
 MODLSTATUS       = DISPLAY
 NDISKS           = 1
 NFILEBUFFER1     = 1
 NFILEBUFFER2     = 1
 NFILEBUFFER3     = 1
 NFILEBUFFER4     = 1
 NPROCESSORS      = 4
 PROCESSPRIORITY  = NORMAL
 OPTIMIZESETTINGS = NONE
 OUTCONTSYMBOL    = OFF
 OUTDISPGEOMMODE  = 1
 OUTDISPSETID     = 100
 OUTLOADSETID     = 100
 OUTPAGEFORMAT    = OFF
 OUTGRIDOFFSET    = 100000
 OUTSPCSETID      = 100
 OUTSTRNSETID     = 100
 OUTSTRSSETID     = 100
 OUTTEMPSETID     = 100
 OUTZEROVECT      = OFF
 PCHFILEDBLEPRCS  = OFF
 PCHFILETYPE      = NASTRAN
 PURGE            = ON
 RAM              = 25976
 RESERVEDRAM      = 0
 
 
 
 
 
 
                                                                        02/28/26  22:26  ADS NASTRAN VERSION 20.2.0.23   PAGE    149
 
 
 
 
                                      A N A L Y S I S   D I R E C T I V E   D E F I N I T I O N
 
 
 
 RESTART          = OFF
 RSLTFILEDBLEPRCS = OFF
 RSLTFILEFORMAT   = PLATFORM
 RSLTFILEPURGE    = ON
 RSLTFILETYPE     = FEMAP BINARY
 RSLTLABEL        = 1
 RSPECDISPMETHOD  = NODAL
 RSPECVECTMETHOD  = OFF
 SECONDS          = ON
 OUTGEOMFILETYPE  = 0
 SYSTEMSTATUS     = OFF
 TOPTENGINE       = AUTO
 TOPTXPRCSMODE    = 0
 TRSLDDAMDATA     = OFF
 TRSLDFGMDATA     = OFF
 TRSLDISPDATA     = OFF
 TRSLDMIDATA      = OFF
 TRSLLOADDATA     = OFF
 TRSLMODLDATA     = OFF
 TRSLPRESDATA     = OFF
 TRSLRBSEDATA     = OFF
 TRSLSPCDATA      = OFF
 TRSLSTRNDATA     = OFF
 TRSLSTRSDATA     = OFF
 TRSLTEMPDATA     = OFF
 TRSLTOPTDATA     = OFF
 TRSLTOQEDATA     = OFF
 SHELLEGRID       = OFF
 SOLIDEGRID       = OFF
 WAITFORLICENSE   = 3
 XYPLOTCSVOUT     = OFF
 
 
 
 
 
 
 
                                                                        02/28/26  22:26  ADS NASTRAN VERSION 20.2.0.23   PAGE    150
 
 
 
 
                                      A N A L Y S I S   P A R A M E T E R   D E F I N I T I O N
 
 
 
 ACBPRESSET       = 0
 ACBREFPRES       = 0.000000E+00
 ACBVC            = 0.000000E+00
 ADAPTLNCONTACT   = ON
 ADAPTTIMESTEP    = OFF
 ADDNLTOQUADLOAD  = OFF
 ADDPRESTRESS     = ON
 ADDPSDAFREQ      = OFF
 ALIGNEDGENODE    = OFF
 ALPHA            = 0.000000E+00
 ALTFAILINDEXFORM = OFF
 AUTOBPD          = OFF
 AUTOCORDROTATE   = ON
 AUTOFIXELEMGEOM  = ON
 AUTOFIXELEMSING  = OFF
 AUTOFIXMODLSING  = OFF
 AUTOFIXRIGIDELEM = ON
 AUTOFIXRIGIDSPC  = OFF
 AUTOFIXNLMAT     = ON
 AUTOSPC          = ON
 BARDKMETHOD      = BOTH
 BAREQVLOAD       = ON
 BETA             = 0.000000E+00
 BISECT           = ON
 BOLTPRELOADTOL   = 0.000000E+00
 BPDEFDIAG        = 0.000000E+00
 CB1              = 1.000000E+00
 CB2              = 1.000000E+00
 CK1              = 1.000000E+00
 CK2              = 1.000000E+00
 CLOSE            = 1.000000E+00
 CM1              = 1.000000E+00
 CM2              = 1.000000E+00
 COMPCONNECTOUT   = OFF
 COMPE1RSF        = DISABLE
 COMPE2RSF        = DISABLE
 COMPE3RSF        = DISABLE
 COMPG12RSF       = DISABLE
 COMPG23RSF       = DISABLE
 COMPG31RSF       = DISABLE
 COMPILSMETHOD    = COMPONENT
 COMPK1           = AUTO
 COMPK2           = AUTO
 COMPRSLTOUT      = ON
 CONTACTGEN       = DISABLE
 CONTACTTOL       = AUTO
 CONTACTSTAB      = OFF
 CONVMATRIX       = OFF
 COUPMASS         = OFF
 CP1              = 1.000000E+00
 CP2              = 1.000000E+00
 CYSYMGEN         = 0
 CYSYMGENCORD     = 0
 CYSYMTOL         = 1.000000E-10
 DATABASEACCEL    = ON
 DDAMPHASE        = 0
 DELTASTRAINEGOUT = OFF
 DESIGNCHECK      = OFF
 DFREQ            = 1.000000E-05
 DIRSTRESSTYPE    = 0
 
 
 
 
 
 
                                                                        02/28/26  22:26  ADS NASTRAN VERSION 20.2.0.23   PAGE    151
 
 
 
 
                                      A N A L Y S I S   P A R A M E T E R   D E F I N I T I O N
 
 
 
 DISPGEOMSFACT    = 1.000000E+00
 DMILABEL         =
 DMIPDIAG         = OFF
 DYNLMDIRECTDIF   = OFF
 DYNRESPEIGVOUT   = OFF
 DYNSOLACCEL      = ON
 DYNSOLDIRECTINT  = ON
 DYNSOLRELGRID    = 0
 EDGENODETOL      = AUTO
 EIGENFLEXFREQ    = 1.000000E-01
 EIGENSHIFTSFACT  = 1.000000E+04
 EIGENSOLACCEL    = ON
 ELEMGEOMCHECKS   = ON
 ELEMGEOMFATAL    = OFF
 ELEMGEOMOUT      = OFF
 ELEMRSLTCORD     = MATERIAL
 ELEMRSLTMAXTYPE  = MAXCORNER
 EMODES           = 30
 ENHCBARRSLT      = OFF
 ENHCCONTACTRSLT  = OFF
 ENHCQUADRSLT     = OFF
 EPSILONFLOAT     = 1.000000E-15
 EQVSTRESSTYPE    = 0
 FACTDIAG         = 1.000000E-10
 FACTRATIOTOL     = 1.000000E+05
 FIXNLTOQUAD      = ON
 FLOATINZERO      = 1.000000E-15
 FLOATOUTZERO     = 1.000000E-15
 FREQRESPRSLTINCR = 10
 FREQRESPRSLTOUT  = ON
 G                = 0.000000E+00
 GPFORCEMETHOD    = NASTRAN
 GPRSLTAVEMETHOD  = INVARIANT
 GPSTRESS         = OFF
 GPWEIGHT         = ON
 GRDPNT           = 0
 GRIDCOLTOL       = 0.000000E+00
 GRIDTEMPASGN     = OFF
 GRIDTEMPAVE      = OFF
 HEXARTOL         = 1.000000E+02
 HEXENODE         = OFF
 HEXFACEMAXIATOL  = 1.650000E+02
 HEXFACEMINIATOL  = 2.500000E+01
 HEXFACESKEWTOL   = 6.500000E+01
 HEXFACETAPERTOL  = 7.500000E-01
 HEXFACEWARPTOL   = 4.500000E+01
 HEXINODE         = OFF
 HEXMAXEPADTOL    = 3.000000E+01
 HEXMINEPLRTOL    = 5.000000E-01
 HEXREDORD        = ON
 HFREQ            = 1.000000E+30
 HPNLMATREDORD    = AUTO
 HPNLMATSFACT     = AUTO
 INERTIALRELIEF   = OFF
 INITSLINEKSFACT  = 1.000000E-02
 INITSTRAINSFACT  = 1.000000E+00
 INITSTRESSSFACT  = 1.000000E+00
 J4ROT            = AUTO
 KDAMP            = 1
 K6ROT            = 1.000000E+02
 
 
 
 
 
 
                                                                        02/28/26  22:26  ADS NASTRAN VERSION 20.2.0.23   PAGE    152
 
 
 
 
                                      A N A L Y S I S   P A R A M E T E R   D E F I N I T I O N
 
 
 
 KRIGIDELEM       = 1.462022E+08
 LANCZOSVECT      = OFF
 LANGLE           = GIMBAL
 LARC02TSAITOL    = 2.000000E+00
 LFREQ            = 0.000000E+00
 LGDISP           = 0
 LINEARCONTACT    = OFF
 LMODES           = 0
 LNCONTACTITERTOL = 1.000000E-02
 M6ROT            = 0.000000E+00
 MATGEN           = OFF
 MAXADJEDGE       = 100
 MAXBISECTRESTART = OFF
 MAXEIGENRESTART  = 5
 MAXELEMGEOMMSG   = 509716
 MAXIMPACTSTEP    = 0
 MAXINCREFSTRAINP = AUTO
 MAXLNCONTACTITER = -1
 MAXITERRESTART   = 5
 MAXSPARSEITER    = AUTO
 MAXSRITER        = 100
 MAXTOPTITER      = 200
 MECHSTRAIN       = OFF
 MINSPARSEITER    = 50
 MODALDATABASE    = DELETE
 MODEFSPCSTORE    = ON
 MODEPFACTOR      = ON
 MODEVAROUT       = OFF
 MODLSTAB         = OFF
 NBEAMINTNODE     = 2
 NCBMODE          = 1
 NCONTACTGEOMITER = 1
 NDAMP            = 1.000000E-02
 NITERCUPDATE     = AUTO
 NITERKSUPDATE    = 3
 NITERLCUPDATE    = 10
 NITERMUPDATE     = 3
 NITERPFUPDATE    = 1
 NITERSUPDATE     = 8
 NLAYERS          = 1
 NLCOMPPLYFAIL    = OFF
 NLINDATABASE     = DELETE
 NLINDATALOADSF   = AUTO
 NLINSOLACCEL     = 4
 NLINSOLTOL       = 2
 NLKDIAGAFACT     = 0.000000E+00
 NLKDIAGCOMP      = 123456
 NLKDIAGMINAFACT  = 0.000000E+00
 NLKDIAGSET       = 0
 NLLSSTRAINTYPE   = LOG
 NLLSSTRESSTYPE   = CAUCHY
 NLMATSFACT       = AUTO
 NLMATTABLGEN     = 0.000000E+00
 NLNPDKRESET      = OFF
 NLSUBCREINIT     = OFF
 NLTOL            = 2
 NLTOQUAD         = ON
 NLTRUESTRESS     = OFF
 NOCOMPS          = OFF
 NRBCHECKMODES    = 0
 
 
 
 
 
 
                                                                        02/28/26  22:26  ADS NASTRAN VERSION 20.2.0.23   PAGE    153
 
 
 
 
                                      A N A L Y S I S   P A R A M E T E R   D E F I N I T I O N
 
 
 
 NSLINEPSURFDIV   = 1
 NSUBINCRBISECT   = 200
 NTOPTLPSLEVEL    = 0
 NTOPTSTRESSDIV   = -1
 OPTION           = ABS
 OUTSETTOL        = 1.000000E-05
 PARTGEOMOUT      = ON
 PARTMASSOUT      = OFF
 PCGLSSDMI        = OFF
 PENTARTOL        = 1.000000E+02
 PENTEGRID        = OFF
 PENTFACEMAXIATOL = 1.650000E+02
 PENTFACEMINIATOL = 2.500000E+01
 PENTFACESKEWTOL  = 6.500000E+01
 PENTFACETAPERTOL = 7.500000E-01
 PENTFACEWARPTOL  = 4.500000E+01
 PENTMAXEPADTOL   = 3.000000E+01
 PENTMINEPLRTOL   = 5.000000E-01
 PENTREDORD       = ON
 PRGPST           = ON
 PYRARTOL         = 1.000000E+02
 PYREGRID         = OFF
 PYRFACEMAXIATOL  = 1.700000E+02
 PYRFACEMINIATOL  = 5.000000E+00
 PYRFACESKEWTOL   = 8.000000E+01
 PYRFACETAPERTOL  = 7.500000E-01
 PYRFACEWARPTOL   = 4.500000E+01
 PYRMAXEPADTOL    = 3.000000E+01
 PYRMINEPLRTOL    = 5.000000E-01
 PYRREDORD        = ON
 QUADARTOL        = 1.000000E+02
 QUADBNDREDORD    = ON
 QUADELEMTYPE     = SRI
 QUADEQVLOAD      = OFF
 QUADINODE        = OFF
 QUADMAXEPADTOL   = 3.000000E+01
 QUADMAXIATOL     = 1.650000E+02
 QUADMEMREDORD    = ON
 QUADMINEPLRTOL   = 5.000000E-01
 QUADMINIATOL     = 2.500000E+01
 QUADRNODE        = OFF
 QUADSECT         = OFF
 QUADSKEWTOL      = 6.500000E+01
 QUADTAPERTOL     = 7.500000E-01
 QUADWARPLIMIT    = 4.500000E+01
 QUADWARPTOL      = 4.500000E+01
 RADMATRIX        = ON
 RANDRESPINVLEVEL = 1
 RANDRESPRSLTOUT  = ON
 RBCHECKLEVEL     = 0
 RBCHECKMODES     = 0
 RESEQGRID        = OFF
 RESEQGRIDMETHOD  = AUTO
 RESEQSTARTGRID   = 0
 RESVEC           = OFF
 RESVPGF          = 1.000000E-06
 RIGIDBODYMODE    = AUTO
 RIGIDELEM2ELAS   = OFF
 RIGIDELEMCORD    = AUTO
 RIGIDELEMTYPE    = RBE
 
 
 
 
 
 
                                                                        02/28/26  22:26  ADS NASTRAN VERSION 20.2.0.23   PAGE    154
 
 
 
 
                                      A N A L Y S I S   P A R A M E T E R   D E F I N I T I O N
 
 
 
 ROTINERTIA       = OFF
 RSPECTRA         = OFF
 RSLTDATABASE     = DELETE
 RSLTFILECOMP     = ON
 SCRSPEC          = OFF
 SHEARELEMTYPE    = NASTRAN
 SHELLTVSMATTYPE  = FLEXIBLE
 SIGMA            = 0.000000E+00
 SKINGEN          = DISABLE
 SLINE2RIGIDELEM  = OFF
 SLINEEDGENORMTOL = 6.000000E+01
 SLINEFACENORMTOL = 3.000000E+01
 SLINEFSLIPK      = DIAGONAL
 SLINEKAVG        = OFF
 SLINEKSFACT      = 1.000000E+00
 SLINEKSFACT2TC   = OFF
 SLINEMAXACTCORD  = 0
 SLINEMAXACTDIR   = XYZ
 SLINEMAXACTDIST  = AUTO
 SLINEMAXACTRATIO = 0.000000E+00
 SLINEMAXACTWIDTH = AUTO
 SLINEMAXDISPTOL  = 1.000000E-04
 SLINEMAXPENDIST  = 8.096483E+30
 SLINEOFFSETTOL   = 9.525010E+00
 SLINEOPENKSFACT  = 1.000000E-10
 SLINEPENTOL      = 2.000000E-01
 SLINEPNODEOPTION = BOTH
 SLINEPOSTOL      = 1.000000E-02
 SLINEPROTOL      = 1.000000E-03
 SLINEPLANEZDIR   = 3
 SLINESLIDETYPE   = STATIC
 SLINESTABKSFACT  = 0.000000E+00
 SLINESTABOPTION  = 0
 SLINESTRESSLOC   = PRIMARY
 SLINEUNLOADTOL   = 1.000000E-10
 SOLIDGEN         = DISABLE
 SOLIDGENEXTDIR   = POSITIVE
 SOLIDNODENORMTOL = 6.000000E+01
 SOLUTIONERROR    = OFF
 SORTMODEMASS     = ON
 SPARSEITERMETHOD = PRIMAL
 SPARSEITERMODE   = 1
 SPARSEITERTOL    = 1.000000E-06
 SPARSEMETHOD     = SOLID
 SPCGEN           = OFF
 STIFFRATIOTOL    = 1.000000E-08
 STIFFZEROTOL     = 1.000000E-15
 STRENGTHRATIO    = OFF
 STRESSERROR      = ON
 TABS             = 0.000000E+00
 TETARTOL         = 1.000000E+02
 TEMPDEPCOMP      = OFF
 TETEGRID         = OFF
 TETFACEMAXIATOL  = 1.700000E+02
 TETFACEMINIATOL  = 1.000000E+01
 TETFACESKEWTOL   = 8.000000E+01
 TETINODE         = OFF
 TETMAXEPADTOL    = 3.000000E+01
 TETMINEPLRTOL    = 5.000000E-01
 TETREDORD        = ON
 
 
 
 
 
 
                                                                        02/28/26  22:26  ADS NASTRAN VERSION 20.2.0.23   PAGE    155
 
 
 
 
                                      A N A L Y S I S   P A R A M E T E R   D E F I N I T I O N
 
 
 
 TOPTACITERSOLTOL = 1.000000E-04
 TOPTACTHRESHOLD  = -1.000000E+00
 TOPTALMMETHOD    = 1
 TOPTALMSPSFACT   = 5.000000E-01
 TOPTBTHRESHOLD   = 5.000000E-01
 TOPTCOMPINDEX    = 1.000000E+10
 TOPTDATABASE     = DELETE
 TOPTDEPXITER     = AUTO
 TOPTDESIGNCONSTR = 1.000000E+10
 TOPTDESIGNMODE   = ACCURACY
 TOPTDESIGNREGION = 1
 TOPTDESIGNTOL    = -1.000000E+00
 TOPTDTHRESHOLD   = 1.000000E-03
 TOPTELEMEXTTOL   = 1.000000E-02
 TOPTELEMSYMTOL   = 1.000000E-02
 TOPTGEN          = DISABLE
 TOPTGLBDMETHOD   = 3
 TOPTGLBSMETHOD   = 3
 TOPTITERSOLMODE  = AUTO
 TOPTITERTOL      = -1.000000E+00
 TOPTMANCONSTR    = DISABLE
 TOPTMANCORD      = 0
 TOPTMANDIR       = XY
 TOPTMAXACTDIST   = 0.000000E+00
 TOPTMAXALPHA     = AUTO
 TOPTMAXBETA      = AUTO
 TOPTMAXDELTAOBJ  = -1.000000E+00
 TOPTMAXGRAYSCALE = -1.000000E+00
 TOPTMAXPNORMEXP  = 0.000000E+00
 TOPTMINADJVF     = 5.000000E-02
 TOPTMINESHLTHK   = 0.000000E+00
 TOPTSOLACCEL     = OFF
 TOPTSTRESSTOL    = 4.000000E-03
 TOPTSTRESSTYPE   = 1
 TOPTTDMAXEPSILON = 5.000000E-01
 TRIARTOL         = 1.000000E+02
 TRIBNDEDORD      = ON
 TRIELEMTYPE      = DKT
 TRIEQVLOAD       = OFF
 TRIINODE         = OFF
 TRIMAXEPADTOL    = 3.000000E+01
 TRIMAXIATOL      = 1.700000E+02
 TRIMEMREDORD     = ON
 TRIMINEPLRTOL    = 5.000000E-01
 TRIMINIATOL      = 1.000000E+01
 TRIRNODE         = OFF
 TRISKEWTOL       = 6.500000E+01
 TSAI2LARC02      = ON
 TSAI2MCT         = OFF
 TSAI2MCTBVF      = AUTO
 TSAI2MCTFVF      = AUTO
 UNITS            = MM---
 UNRESEQGRID      = ON
 VFM2ACB          = OFF
 VFMADDMETHOD     = ASSEMBLY
 VFMINTERACTTOL   = 1.000000E-10
 VFMNORMTOL       = 3.000000E+01
 VOXELMESH        = OFF
 USAWETSURFACE    = 0
 W3               = 0.000000E+00
 
 
 
 
 
 
                                                                        02/28/26  22:26  ADS NASTRAN VERSION 20.2.0.23   PAGE    156
 
 
 
 
                                      A N A L Y S I S   P A R A M E T E R   D E F I N I T I O N
 
 
 
 W4               = 0.000000E+00
 WARNING          = ON
 WTMASS           = 1.000000E+00
 WTMASSMETHOD     = NORAN
 XDAMP            = ON
 ZERONPDELEMMASS  = OFF
 ZONADATAOUT      = OFF
 
 
 
 
 
 
 
                                                                        02/28/26  22:26  ADS NASTRAN VERSION 20.2.0.23   PAGE    157
 
 
 
 
 
 
 
 
 WARNING G3012: - ELEMENT - HAS A SKEW ANGLE GREATER THAN -               (21)
 WARNING G3015: - ELEMENT - HAS AN INTERIOR ANGLE LESS THAN -             (41)
 WARNING G3051: MODIFYING SECONDARY GRID - POSITION ON CONTACT ELEMENT -  (1054)
 WARNING G3053: THERE WERE - SEGMENTS REMOVED IN CONTACT ELEMENT -        (36)
 WARNING G3054: THERE WERE - SEGMENTS CONVERTED IN CONTACT ELEMENT -      (12)
 
 
 
 
 
 
 
                                                                        02/28/26  22:26  ADS NASTRAN VERSION 20.2.0.23   PAGE    158
 
 
 
 
 
 
 
 
 
 MODEL ANALYSIS TIME SUMMARY
 
 TOTAL CPU TIME = 38.91 SECONDS
 WALLCLOCK TIME = 50.43 SECONDS
 
 EXECUTION TERMINATED NORMALLY
 
 TOTAL WARNINGS     = 1164
 TOTAL FATAL ERRORS = 0
 
 
 
 
 
 
